id_str,full_text,created_at,favourites_count,statuses_count,followers_count,retweeted,retweet_count,retweeted_text,location,hashtags,user_mentions,symbols,urls
1086521279568588800,"RT @HusnaPervez: ""Education is not the learning of facts, but the training of the mind to think."" ~ Albert Einstein @INCIn…",Sat Jan 19 07:10:34 +0000 2019,11624,10281,80,False,8,"""Education is not the learning of facts, but the training of the mind to think."" ~ Albert Einstein @INCIndia @BJP4India",Unknown,1,1,0,0
1086495039218483200,"Karnataka crisis: 2 skip Congress meet, 2 show ‘reason’; 75 sent to resort - The Indian Express",Sat Jan 19 05:26:18 +0000 2019,0,5551,10,False,0,,Unknown,5,0,0,1
1086443435584761856,RT @HusnaPervez: Manners Maketh Man! @INCIndia @BJP4India,Sat Jan 19 02:01:14 +0000 2019,157267,152718,1901,False,9,Manners Maketh Man! @INCIndia @BJP4India,भारत,1,3,0,0
1086246985961750534,Manners Maketh Man! @INCIndia @BJP4India,Fri Jan 18 13:00:37 +0000 2019,1276,1895,2039,False,9,,Unknown,1,2,0,0
1086246590640201728,"""Education is not the learning of facts, but the training of the mind to think."" ~ Albert Einstein @INCIndia @BJP4India",Fri Jan 18 12:59:03 +0000 2019,1276,1895,2039,False,8,,Unknown,1,2,0,0
1088073685397729282,For BJP vs Congress:,Wed Jan 23 13:59:16 +0000 2019,3,102,18,False,0,,Gurgaon India,20,0,0,1
1087375376035139584,Modi vs Rahul War: 2019 polls seems to be inching towards a nail-biting finish,Mon Jan 21 15:44:26 +0000 2019,3,102,18,False,1,,Gurgaon India,17,0,0,1
1088486960694464513,RT @manishBJPUP: Modi govt has been passed in When we mean “Women Empowerment” we prove it. &amp; for Congress who…,Thu Jan 24 17:21:29 +0000 2019,1101,1043,21,False,35,Modi govt has been passed in When we mean “Women Empowerment” we prove it. &amp; for Congress who opposed the bill please note that 20 Islamic country has banned &amp; India being “Secular” country should protect the interest of every individual.,जैतपुरा वाराणसी,2,1,0,0
1088480690797142016,ेशकामूड - all surveys have same trend &amp; point towards - Big loss to - Big loss to - Gains for &amp; - Gains for regional parties - Hung One thing is sure NO &amp;,Thu Jan 24 16:56:34 +0000 2019,7222,1948,164,False,0,,Twitter,12,0,0,0
1088389064175190017,ticket offer to exmp in,Thu Jan 24 10:52:28 +0000 2019,2856,2374,544,False,0,,Bhopal,7,0,0,1
1088377440945106944,"Elections 2019: BJP veteran springs a surprise, claims offered him Congress ticket",Thu Jan 24 10:06:17 +0000 2019,108,285656,498572,False,0,,New Delhi India,3,0,0,1
1088353319276277760,E-Paper For a detailed Version. Please log on to िला ुनावआयोग ाजस्थान ्पर्क ुर,Thu Jan 24 08:30:26 +0000 2019,3,443,19,False,0,,India,21,0,0,1
1088330031976337408,"BJP is leading in vote share in UP in LS polls 2019, Newstrack survey @narendramodi",Thu Jan 24 06:57:54 +0000 2019,732,9356,2284,False,1,,Unknown,12,1,0,1
1088324789691764742,Senior leader and former Madhya Pradesh CM on reports of offering him to join Congress: He visited me and offered me to contest polls from seat on ticket. I told him I will think about it.,Thu Jan 24 06:37:04 +0000 2019,3831,240883,4307,False,0,,New Delhi Delhi,6,0,0,0
1088323268187058177,Senior leader and former Madhya Pradesh CM Babulal Gaur on reports of Digvijay Singh offering him to join : He visited me and offered me to contest polls from seat on Congress ticket. I told him I will think about it.,Thu Jan 24 06:31:01 +0000 2019,0,91,4,False,0,,India,4,0,0,0
1088149352931938304,And with now being active in politics a lot of turbulance can be seen nation wide in the rival political parties!,Wed Jan 23 18:59:57 +0000 2019,3352,367,28,False,0,,Mumbai India,7,0,0,0
1088118944190345216,said it. did it. @ Chennai - Anna Nagar,Wed Jan 23 16:59:07 +0000 2019,36,159,135,False,0,,Tamil Nadu India,7,0,0,1
1087994624780787717,RT @Indianobserver_: E-Paper For a detailed Version. Please log on to …,Wed Jan 23 08:45:07 +0000 2019,13,5202,212,False,1,E-Paper For a detailed Version. Please log on to िला ुनावआयोग ाजस्थान ्पर्क ुर,Mumbai India,5,1,0,1
1087994522410328066,E-Paper For a detailed Version. Please log on to िला ुनावआयोग ाजस्थान ्पर्क ुर,Wed Jan 23 08:44:42 +0000 2019,3,443,19,False,1,,India,21,0,0,1
1087950908871360514,Congress blames BJP for unfair competition,Wed Jan 23 05:51:24 +0000 2019,76,3969,5702,False,0,,India,9,0,0,1
1087870053654118402,"""The BJP has booked all the chartered planes for their poll campaign. We are not getting any and we are struggling to get some planes,"" the Congress said.",Wed Jan 23 00:30:07 +0000 2019,479,523236,353724,False,10,,Chennai,1,0,0,1
1087771199990464512,"@Pawankhera @iamnarendranath Not only BJP but NDA is going to fight the upcoming Elections under the leadership of @NarendraModi, now the challenge is on you- let the opposition say they will fight under CONgress, leave the be yours' leader or not.",Tue Jan 22 17:57:18 +0000 2019,900,65819,6154,False,0,,रामपुर (भारत),2,3,0,0
1087699352943034369,"should be immediately banned: BSP chief Mayawati for 2019 demands before polls , , Indian National Congress, Bharatiya Janata Party (BJP) , , , Kapil Sibal",Tue Jan 22 13:11:48 +0000 2019,7,167402,2391,False,1,,India,7,0,0,1
1087698973157216259,"should be immediately banned: chief demands before polls , , , , , , ,",Tue Jan 22 13:10:18 +0000 2019,7,167402,2391,False,0,,India,12,0,0,1
1087644253927264256,BJP calls EVM row Congress sponsored,Tue Jan 22 09:32:52 +0000 2019,76,3969,5702,False,0,,India,9,0,0,1
1087629422453092352,E-Paper For a detailed Version. Please log on to िला ुनावआयोग ाजस्थान ्पर्क ुर,Tue Jan 22 08:33:56 +0000 2019,3,443,19,False,0,,India,21,0,0,1
1087612894810857472,Former BJP minister and ex-MLA join Congress,Tue Jan 22 07:28:15 +0000 2019,76,3969,5702,False,0,,India,9,0,0,1
1087584208808116225,"Congress, opposition doing negative politics over EVMs sensing defeat in 2019 elections: BJP",Tue Jan 22 05:34:16 +0000 2019,76,3969,5702,False,0,,India,10,0,0,1
1087379860874498060,Assume @KapilSibal &amp; hacker is sayng true abt is true than shld v also assume that a. @INCIndia used same 2 won recent elections b. wil b usng his services 2 won upcoming @BJP4India @narendramodi,Mon Jan 21 16:02:16 +0000 2019,283,2605,116,False,0,,India,6,4,0,1
1087268531090087936,E-Paper For a detailed Version. Please log on to िला ुनावआयोग ाजस्थान ्पर्क ुर,Mon Jan 21 08:39:52 +0000 2019,3,443,19,False,0,,India,21,0,0,1
1086872431136976897,E-Paper For a detailed Version. Please log on to िला ुनावआयोग ाजस्थान ्पर्क ुर,Sun Jan 20 06:25:55 +0000 2019,3,443,19,False,0,,India,21,0,0,1
1086558422558924801,Timepass chief minister should stop fretting about alliances in Punjab. Even does not want to sink along with in where this has lost every election and security deposit @MissionBJP2019,Sat Jan 19 09:38:09 +0000 2019,669,5370,43586,False,16,,हिन्दुस्तान,6,1,0,1
1086538119128797184,RT @Indianobserver_: E-Paper For a detailed Version. Please log on to िला ुनावआयोग ाजस्थान …,Sat Jan 19 08:17:29 +0000 2019,684,19391,323,False,0,,U.SA. ,20,1,0,1
1086535831945269248,E-Paper For a detailed Version. Please log on to िला ुनावआयोग ाजस्थान ्पर्क ुर,Sat Jan 19 08:08:23 +0000 2019,3,443,19,False,0,,India,21,0,0,1
1086236689591296000,schedule likely to be out in March first week: Report,Fri Jan 18 12:19:42 +0000 2019,471,17151,1347,False,1,,Mumbai India,13,0,0,1
1086236117165371394,Difference? . . . . .,Fri Jan 18 12:17:26 +0000 2019,8,22,1,False,0,,Unknown,13,0,0,1
1086170863483801600,E-Paper For a detailed Version. Please log on to िला ुनावआयोग ाजस्थान ्पर्क ुर,Fri Jan 18 07:58:08 +0000 2019,3,443,19,False,0,,India,21,0,0,1
1086139865127768064,"BS Yeddyurappa (@BSYBJP), BJP: I'm not bothered about their CLP meeting, that is left to and (S), why should I comment about it? They're telling many things, I'm not responsible for that. Our 104 MLAs are worried about our party and preparing for elections.",Fri Jan 18 05:54:58 +0000 2019,0,91,4,False,0,,India,3,1,0,0
1086088042740436992,Well? . . . . .,Fri Jan 18 02:29:02 +0000 2019,8,22,1,False,0,,Unknown,13,0,0,1
1085929689431113728,A said it will record statement of complainant and leader on January 21 in a complaint against member .,Thu Jan 17 15:59:48 +0000 2019,0,107522,15149,False,0,,New Delhi,7,0,0,0
1085809426773159937,E-Paper For a detailed Version. Please log on to िला ुनावआयोग ाजस्थान ्पर्क ुर,Thu Jan 17 08:01:55 +0000 2019,3,443,19,False,0,,India,21,0,0,1
1085754328915177472,"RT @electionstation: BJP's bid to topple Karnataka government fails, says Congress Minister @INCIndia @DrParameshwara …",Thu Jan 17 04:22:59 +0000 2019,18,35750,441,False,1,"BJP's bid to topple Karnataka government fails, says Congress Minister @INCIndia @DrParameshwara",London,1,3,0,0
1085753054496907266,"BJP's bid to topple Karnataka government fails, says Congress Minister @INCIndia @DrParameshwara",Thu Jan 17 04:17:55 +0000 2019,76,3969,5702,False,1,,India,9,2,0,1
1085749858345005056,Who would you choose 'A' or 'B'? Comment below! . . . .,Thu Jan 17 04:05:13 +0000 2019,8,22,1,False,0,,Unknown,13,0,0,1
1085586232682393607,polls are not far off..Voters are watching your attitude closely. One of the reasons @BJP4Rajasthan losing assembly polls was arrogance. Learn from it.. Improve... Forget about general public these new guys do not have time for too.. Sad @RajCMO,Wed Jan 16 17:15:01 +0000 2019,8799,1816,511,False,1,,Jaipur,3,2,0,0
1085490252968452097,"RT @BengalNewz: Congress MP from , joined @BJP4India on Wednesday. ""There are many from …",Wed Jan 16 10:53:38 +0000 2019,8105,3377,2320,False,2,"Congress MP from , joined @BJP4India on Wednesday. ""There are many from who want to join "", he said. Earlier in November 2017, , who was once number two in had joined @BJP4Bengal. | RT@WestBengal_BN",Kolkata West Bengal India,4,2,0,0
1085454143718858752,RT @Indianobserver_: E-Paper For a detailed Version. Please log on to …,Wed Jan 16 08:30:09 +0000 2019,13,5202,212,False,1,E-Paper For a detailed Version. Please log on to िला ुनावआयोग ाजस्थान ्पर्क ुर,Mumbai India,5,1,0,1
1085450826846355457,E-Paper For a detailed Version. Please log on to िला ुनावआयोग ाजस्थान ्पर्क ुर,Wed Jan 16 08:16:58 +0000 2019,3,443,19,False,1,,India,21,0,0,1
1085447390088245250,"BJP denies 'game' in Karnataka, says problem within Congress @BJP4Karnataka @BJP4India @hd_kumaraswamy",Wed Jan 16 08:03:19 +0000 2019,76,3969,5702,False,0,,India,9,3,0,1
1085387047211274241,Credits - @modi_nama,Wed Jan 16 04:03:32 +0000 2019,8,22,1,False,0,,Unknown,13,1,0,0
1085386933474377733,Credits - @modi_nama,Wed Jan 16 04:03:05 +0000 2019,8,22,1,False,0,,Unknown,13,1,0,0
1085385886081208321,Credits - @modi_nama,Wed Jan 16 03:58:55 +0000 2019,8,22,1,False,0,,Unknown,13,1,0,0
1085385374707433472,About FDI - Foreign Direct Investment . Credits - @Modi_Nama,Wed Jan 16 03:56:53 +0000 2019,8,22,1,False,0,,Unknown,13,1,0,0
1085205341896228864,RT @electionstation: Karnataka Minister alleges poaching of Congress MLAs by BJP @INCIndia …,Tue Jan 15 16:01:30 +0000 2019,159,66,4,False,1,Karnataka Minister alleges poaching of Congress MLAs by BJP @INCIndia,New Delhi India,3,2,0,0
1088330031976337408,"BJP is leading in vote share in UP in LS polls 2019, Newstrack survey @narendramodi",Thu Jan 24 06:57:54 +0000 2019,732,9356,2284,False,1,,Unknown,12,1,0,1
1088118944190345216,said it. did it. @ Chennai - Anna Nagar,Wed Jan 23 16:59:07 +0000 2019,36,159,135,False,0,,Tamil Nadu India,7,0,0,1
1087950908871360514,Congress blames BJP for unfair competition,Wed Jan 23 05:51:24 +0000 2019,76,3969,5702,False,0,,India,9,0,0,1
1087948583645691904,RT @daily_pol1: Will become the of again? …,Wed Jan 23 05:42:10 +0000 2019,30237,1807,2427,False,1,Will become the of again?,India,8,1,0,0
1087827062684090368,Will become the of again?,Tue Jan 22 21:39:17 +0000 2019,30237,1807,2427,False,1,,India,19,0,0,0
1087676187420307458,"The called claims made by a -based self-claimed expert that the 2014 were rigged and the can be hacked as a ""conspiracy"" sponsored by the .",Tue Jan 22 11:39:45 +0000 2019,0,107522,15149,False,0,,New Delhi,6,0,0,0
1087644253927264256,BJP calls EVM row Congress sponsored,Tue Jan 22 09:32:52 +0000 2019,76,3969,5702,False,0,,India,9,0,0,1
1087612894810857472,Former BJP minister and ex-MLA join Congress,Tue Jan 22 07:28:15 +0000 2019,76,3969,5702,False,0,,India,9,0,0,1
1087588374393827328,Former BJP minister and ex-MLA join Congress @BJP4India,Tue Jan 22 05:50:49 +0000 2019,2012,156354,2530,False,0,,Hyderabad,4,1,0,1
1087584208808116225,"Congress, opposition doing negative politics over EVMs sensing defeat in 2019 elections: BJP",Tue Jan 22 05:34:16 +0000 2019,76,3969,5702,False,0,,India,10,0,0,1
1086236689591296000,schedule likely to be out in March first week: Report,Fri Jan 18 12:19:42 +0000 2019,471,17151,1347,False,1,,Mumbai India,13,0,0,1
1085796169484099586,"Numbers Don't LIE.. In last 8 , / combined has got MAX 65% seats. Range of Rising BJP (85 -282) &amp; Declining Congress is ( 232 - 44) ""Law of Conservation of BJP / Congress LokSabha MPs"" So Don't commit the Mistake of IGNORING Regional Parties.",Thu Jan 17 07:09:14 +0000 2019,1411,1741,185,False,0,,Patna India,3,0,0,0
1085754328915177472,"RT @electionstation: BJP's bid to topple Karnataka government fails, says Congress Minister @INCIndia @DrParameshwara …",Thu Jan 17 04:22:59 +0000 2019,18,35750,441,False,1,"BJP's bid to topple Karnataka government fails, says Congress Minister @INCIndia @DrParameshwara",London,1,3,0,0
1085753054496907266,"BJP's bid to topple Karnataka government fails, says Congress Minister @INCIndia @DrParameshwara",Thu Jan 17 04:17:55 +0000 2019,76,3969,5702,False,1,,India,9,2,0,1
1085447390088245250,"BJP denies 'game' in Karnataka, says problem within Congress @BJP4Karnataka @BJP4India @hd_kumaraswamy",Wed Jan 16 08:03:19 +0000 2019,76,3969,5702,False,0,,India,9,3,0,1
1085205341896228864,RT @electionstation: Karnataka Minister alleges poaching of Congress MLAs by BJP @INCIndia …,Tue Jan 15 16:01:30 +0000 2019,159,66,4,False,1,Karnataka Minister alleges poaching of Congress MLAs by BJP @INCIndia,New Delhi India,3,2,0,0
1088578741125738496,RT @waglenikhil: From today’s surveys one thing is clear: Modi(BJP)cannot form government on his own.If Congress and opposition parties com…,Thu Jan 24 23:26:11 +0000 2019,975,817,38,False,143,From today’s surveys one thing is clear: Modi(BJP)cannot form government on his own.If Congress and opposition parties come together swiftly and deliver last blow they can cross majority mark.,Nanded,0,1,0,0
1088517252436025344,RT @Hariindic: - all surveys have same trend &amp; point towards - Big loss to - Big loss to - Gains for …,Thu Jan 24 19:21:51 +0000 2019,12528,19993,79,False,10,"- all surveys have same trend &amp; point towards - Big loss to - Big loss to - Gains for &amp; - Gains for regional parties - Hung Since the opposition have common goal to send back Modi,One thing is sure NO 😍😍",Unknown,4,1,0,0
1088492083856367617,"RT @Gaddapa: Without Congress, SP-BSP will bring BJP+ down to 18 seats in Uttar Pradesh:",Thu Jan 24 17:41:50 +0000 2019,212325,181596,900,False,8,"Without Congress, SP-BSP will bring BJP+ down to 18 seats in Uttar Pradesh:",Unknown,2,1,0,0
1088486724974501888,"- all surveys have same trend &amp; point towards - Big loss to - Big loss to - Gains for &amp; - Gains for regional parties - Hung Since the opposition have common goal to send back Modi,One thing is sure NO 😍😍",Thu Jan 24 17:20:32 +0000 2019,44380,36111,31595,False,10,,Chennai India,7,0,0,0
1088479674781655040,RT @Newsbitsdotin: Will Babulal Gaur contest as Congress candidate from Bhopal Lok Sabha constituency? Party makes offer to veteran BJP lea…,Thu Jan 24 16:52:32 +0000 2019,577,2331,1587,False,1,Will Babulal Gaur contest as Congress candidate from Bhopal Lok Sabha constituency? Party makes offer to veteran BJP leader. ?,Bhopal,0,1,0,0
1088479504522129408,Will Babulal Gaur contest as Congress candidate from Bhopal Lok Sabha constituency? Party makes offer to veteran BJP leader. ?,Thu Jan 24 16:51:51 +0000 2019,171,1583,5527,False,1,,India,6,0,0,1
1088476772314873858,From today’s surveys one thing is clear: Modi(BJP)cannot form government on his own.If Congress and opposition parties come together swiftly and deliver last blow they can cross majority mark.,Thu Jan 24 16:41:00 +0000 2019,45321,63823,778900,False,143,,nikhil.wagle23@gmail.com,1,0,0,0
1088469884961312768,RT @CTRavi_BJP: CONgress President @RahulGandhi appointed his sister Priyanka Vadra as the Party's General Secretary In-Charge of Eastern U…,Thu Jan 24 16:13:38 +0000 2019,4597,36920,281,False,46,"CONgress President @RahulGandhi appointed his sister Priyanka Vadra as the Party's General Secretary In-Charge of Eastern Uttar Pradesh. Why are the CONgis and ""The Ecosystem"" celebrating as if she has already won 544 Lok Sabha seats for CONgress in ?",Unknown,0,2,0,0
1088458980165222403,Who win Loksabha Elections 2019 ? Daily 9pm @INCIndia @BJP4India @narendramodi @RahulGandhi @ArvindKejriwal @ndtv @abpnewstv @aajtak @aap @AmitShah,Thu Jan 24 15:30:18 +0000 2019,24,35,3,False,0,,Unknown,12,10,0,0
1088452011656237058,"Opinion Poll Results: -Led to Fall Short of Majority, While Congress-Led to Gain Seats, Says India Today-Kravy Insights' ' Survey'",Thu Jan 24 15:02:36 +0000 2019,45,39348,22946,False,0,,Mumbai India,9,0,0,1
1088445262895362049,"Without Congress, SP-BSP will bring BJP+ down to 18 seats in Uttar Pradesh:",Thu Jan 24 14:35:47 +0000 2019,51255,25128,1363,False,8,,ಮಂಡ್ಯ.,2,0,0,1
1088442336390959104,"RT @newstrackmedia: Congress to go solo in Andhra Pradesh, will not …",Thu Jan 24 14:24:09 +0000 2019,9578,10194,47,False,1,"Congress to go solo in Andhra Pradesh, will not","Shahjahanpur
",3,1,0,1
1088415376369696769,RT @vikasjha1996: @rajeshparikh999 Varun Gandhi to Quit BJP And Join Congress Ahead of Lok Sabha Elections 2019 …,Thu Jan 24 12:37:02 +0000 2019,6018,31350,579,False,1,@rajeshparikh999 Varun Gandhi to Quit BJP And Join Congress Ahead of Lok Sabha Elections 2019 @varungandhi80 @RahulGandhi,♥ Right Where God Wants Me ♥,3,2,0,0
1088403191367065600,@rajeshparikh999 Varun Gandhi to Quit BJP And Join Congress Ahead of Lok Sabha Elections 2019 @varungandhi80 @RahulGandhi,Thu Jan 24 11:48:37 +0000 2019,14317,11054,340,False,1,,Mumbai India,4,3,0,0
1088391750249459712,"@INCIndia Boom, didn't saw this coming resurrected @narendramodi @AmitShah @RahulGandhi @SachinPilot @timesofindia @INCIndia @satishacharya",Thu Jan 24 11:03:09 +0000 2019,342,332,119,False,0,,Unknown,10,8,0,0
1088387504179359744,"@Republic_Bharat @republic When there was Congress government in power at the center in 2014, bjp hacked and own the elections. He he he.",Thu Jan 24 10:46:16 +0000 2019,11684,5102,182,False,0,,Pune India ,5,2,0,0
1088386494786560000,@OfficeOfKNath @RahulGandhi will come to power in after @BJP4India @BJP4MP @BJP4UP,Thu Jan 24 10:42:16 +0000 2019,5355,2409,76,False,0,,Unknown,11,5,0,1
1088384929250140160,Who win ? @INCIndia @BJP4India @narendramodi @RahulGandhi @ArvindKejriwal @ndtv @abpnewstv @aajtak @aap @AmitShah,Thu Jan 24 10:36:03 +0000 2019,24,35,3,False,0,,Unknown,12,10,0,0
1088378138181042177,savage 🤣🤣🤣🤣🤣🤣 resurrected @narendramodi @AmitShah @RahulGandhi @SachinPilot @timesofindia @INCIndia @smritiirani,Thu Jan 24 10:09:03 +0000 2019,342,332,119,False,0,,Unknown,10,7,0,1
1088374871120175104,"Boom, didn't saw this coming resurrected @narendramodi @AmitShah @RahulGandhi @SachinPilot @timesofindia @INCIndia @satishacharya",Thu Jan 24 09:56:04 +0000 2019,342,332,119,False,0,,Unknown,10,7,0,0
1088365693970526208,RT @abpnewstv: : BJP veteran claims he got ’ offer to contest poll from,Thu Jan 24 09:19:36 +0000 2019,212326,181597,900,False,3,: BJP veteran claims he got ’ offer to contest poll from,Unknown,4,1,0,0
1088361370981146624,RT @NewsMoOfficial: @IndiaToday survey makes an analysis of who's most likely to win …,Thu Jan 24 09:02:26 +0000 2019,484,240,36,False,4,@IndiaToday survey makes an analysis of who's most likely to win Watch video:,Dubai,4,2,0,0
1088350003326664704,@INCIndia This is how a real leader speak's resurrected,Thu Jan 24 08:17:16 +0000 2019,342,332,119,False,6,,Unknown,8,1,0,0
1088347775937343489,"@INCIndia @RahulGandhi Don't be a fool, be cool say no to",Thu Jan 24 08:08:24 +0000 2019,342,332,119,False,0,,Unknown,10,2,0,0
1088346979791499264,"Congress to go solo in Andhra Pradesh, will not",Thu Jan 24 08:05:15 +0000 2019,732,9356,2284,False,1,,Unknown,14,0,0,1
1088342203200528384,: BJP veteran claims he got ’ offer to contest poll from,Thu Jan 24 07:46:16 +0000 2019,3,187325,8055693,False,3,,India,4,0,0,1
1088342200868634624,: Survey predicts doom for Modi-Yogi’s BJP in Samajwadi Party and the Bahujan Samaj Party have committed a blunder by excluding the Congress party. Read in detail:,Thu Jan 24 07:46:15 +0000 2019,108,285657,498573,False,1,,New Delhi India,6,0,0,1
1088330031976337408,"BJP is leading in vote share in UP in LS polls 2019, Newstrack survey @narendramodi",Thu Jan 24 06:57:54 +0000 2019,732,9356,2284,False,1,,Unknown,12,1,0,1
1088310072797773826,Varun Gandhi to Quit BJP And Join Congress Ahead of Lok Sabha Elections 2019? @varungandhi80 @RahulGandhi,Thu Jan 24 05:38:35 +0000 2019,45,39348,22946,False,0,,Mumbai India,4,2,0,1
1088299719045066752,Is it really about removing from in ? TAG- @polls_fr_you,Thu Jan 24 04:57:27 +0000 2019,51181,23273,360,False,2,,India,23,1,0,0
1088298688630480896,"Lok Sabha Elections 2019 Opinion Poll: BJP Will Be Brought Down to 5 Seats in UP If BSP-SP Alliance Joins Hands With Congress, Says Mood Of The Nation Survey",Thu Jan 24 04:53:21 +0000 2019,45,39348,22946,False,0,,Mumbai India,9,0,0,1
1088275413942464512,RT @DeccanHerald: : The could find itself in trouble against a common candidate of the -JD(S) combine i…,Thu Jan 24 03:20:52 +0000 2019,40586,72455,2973,False,1,: The could find itself in trouble against a common candidate of the -JD(S) combine in at least six of the 17 Lok Sabha seats the saffron party won five years ago.,Thane Mumbai Maharashtra,3,1,0,0
1088275193359986689,RT @naashonomics: to defeat =&gt; should form an allinace 39 …,Thu Jan 24 03:19:59 +0000 2019,627,15507,519,False,1,to defeat =&gt; should form an allinace 39 seats at stake in,EdappadiSalemTamil Nadu,8,1,0,0
1088272613929971712,"BJP - political party, Congress - HUF, oh sorry ! It's CUF or MUF",Thu Jan 24 03:09:44 +0000 2019,2862,52,22,False,0,,Ahmedabad ,1,0,0,0
1088270051088642048,: The could find itself in trouble against a common candidate of the -JD(S) combine in at least six of the 17 Lok Sabha seats the saffron party won five years ago.,Thu Jan 24 02:59:33 +0000 2019,597,149167,26818,False,1,,India,3,0,0,1
1088261340274122752,to defeat =&gt; should form an allinace 39 seats at stake in,Thu Jan 24 02:24:57 +0000 2019,155,32498,3045,False,1,,San Jose,10,0,0,1
1088261244308488192,"RT @htTweets: | Congress best equipped to lead alliance against BJP, says RJD leader @yadavtejashwi",Thu Jan 24 02:24:34 +0000 2019,1637,1457,174,False,79,"| Congress best equipped to lead alliance against BJP, says RJD leader @yadavtejashwi",Jharkhand India,1,2,0,0
1088199645132599296,Finally the whole @INCIndia to @RahulGandhi on Priyanka’s entry to active politics.,Wed Jan 23 22:19:47 +0000 2019,1,59,4,False,0,,Bengaluru India,3,2,0,0
1088151046252257280,RT @ProfSRK: @OnlineRajan__ @Vyas241S @RAJIV1959 @AnilJ_Modi19 @AB_BJP @CongressDahan @vanitajain21 @Sanatan_Dharma_ @kirantikari0 @DetheEs…,Wed Jan 23 19:06:40 +0000 2019,213560,419201,61980,False,2,"@OnlineRajan__ @Vyas241S @RAJIV1959 @AnilJ_Modi19 @AB_BJP @CongressDahan @vanitajain21 @Sanatan_Dharma_ @kirantikari0 @DetheEshaSen I was very much sure that wil enter into Political Mainstream bfor . My guess was correct. ""wil affect the effect""",Rajasthan India,0,10,0,0
1088149352931938304,And with now being active in politics a lot of turbulance can be seen nation wide in the rival political parties!,Wed Jan 23 18:59:57 +0000 2019,3352,367,28,False,0,,Mumbai India,7,0,0,0
1088146367392948225,RT @indscribe: Mood among tribal voters worries BJP in Dhar that has a huge ST population. Congress has got 2 lakh votes more than BJP in r…,Wed Jan 23 18:48:05 +0000 2019,3852,9893,399,False,9,Mood among tribal voters worries BJP in Dhar that has a huge ST population. Congress has got 2 lakh votes more than BJP in recent Assembly polls here. Will Dhar stay with BJP? I write for @getnewsd here,Bhopal India,0,1,0,0
1088112227750576133,This was the most unpredictable and brilliant move played by Congress getting into active politics. BJP never expected that this was coming nor any regional parties which were underestimating Rahul Gandhi.,Wed Jan 23 16:32:25 +0000 2019,6432,11710,755,False,0,,in the hearts of people,2,0,0,0
1088111122606145536,@IndiaToday survey makes an analysis of who's most likely to win Watch video:,Wed Jan 23 16:28:02 +0000 2019,13,1384,1352,False,4,,India,4,1,0,1
1088060276962865154,"@INCUttarPradesh""End of the Era"" is never stop and never finished. From today onwards the ""New Era Begins"" . . . . . .",Wed Jan 23 13:05:59 +0000 2019,1412,653,21,False,0,,New Delhi India,5,1,0,0
1088056229602177024,"Will turn out to be @INCIndia ahead of ? Many senior leaders including @DrMadanMohanJha @PremChandraMis2 hail @RahulGandhi's decision to rope her in, saying that it will transform &amp; take wind out of @BJP4India'sail",Wed Jan 23 12:49:54 +0000 2019,1452,7214,519,False,8,,patna,5,5,0,0
1088046303752290304,"@OnlineRajan__ @Vyas241S @RAJIV1959 @AnilJ_Modi19 @AB_BJP @CongressDahan @vanitajain21 @Sanatan_Dharma_ @kirantikari0 @DetheEshaSen I was very much sure that wil enter into Political Mainstream bfor . My guess was correct. ""wil affect the effect""",Wed Jan 23 12:10:28 +0000 2019,23809,36408,4015,False,2,,India,6,10,0,0
1088046130699489282,RT @NewsMobileIndia: To promote dynasty is what is all about: on Priyanka’s entry to politics @BJP4India @…,Wed Jan 23 12:09:47 +0000 2019,5106,10717,15850,False,2,To promote dynasty is what is all about: on Priyanka’s entry to politics @BJP4India @INCIndia @sambitswaraj,Delhi NCR,3,2,0,0
1088041950941306880,To promote dynasty is what is all about: on Priyanka’s entry to politics @BJP4India @INCIndia @sambitswaraj,Wed Jan 23 11:53:10 +0000 2019,3420,87283,12548,False,2,,India,4,3,0,1
1088017193801904128,‘The Chinar Leaves: A political memoir’ quotes as having said “People will see me in her” about . No surprises then that a vs battle in will make for great optics in the,Wed Jan 23 10:14:48 +0000 2019,358,5588,1033,False,0,,Bengaluru Hong Kong,10,0,0,0
1087999478840389632,"@RahulGandhi SP, BSP have formed alliance in to defeat ; I have no animosity against them; I have to take forward ideology: @RahulGandhi",Wed Jan 23 09:04:24 +0000 2019,597,149167,26818,False,0,,India,4,2,0,0
1087995298906075136,"Appointing his sister in-charge of eastern ahead of the shows the ""failure"" of President , says the spokesperson . Photo: IANS",Wed Jan 23 08:47:47 +0000 2019,0,107522,15149,False,1,,New Delhi,7,0,0,0
1087984626155569158,The story isn’t just that is officially entering politics. It is that she has chosen the one region most tough for Congress: Eastern UP where she directly takes on &amp; . @INCIndia @BJP4India,Wed Jan 23 08:05:23 +0000 2019,4487,400,58,False,0,,Bhubaneswar,6,2,0,0
1087950908871360514,Congress blames BJP for unfair competition,Wed Jan 23 05:51:24 +0000 2019,76,3969,5702,False,0,,India,9,0,0,1
1087824727043919872,spokesman Abhishek Manu Singhvi said the would be a contest between Modi and the people of the country which was fed up of the 's “deceptive ways”.,Tue Jan 22 21:30:00 +0000 2019,597,149167,26818,False,1,,India,3,0,0,1
1087755558554427392,"RT @NewIndianXpress: : BJP hits out at Congress, says opposition is blaming EVMs sensing defeat in the upcoming …",Tue Jan 22 16:55:09 +0000 2019,3653,689,107,False,4,": BJP hits out at Congress, says opposition is blaming EVMs sensing defeat in the upcoming .",Hyderabad India,1,1,0,0
1087751631515598848,I am going to vote for @BJP4India only if @narendramodi is @BJP4India's PM candidate for election 2019 else I prefer Congress.,Tue Jan 22 16:39:33 +0000 2019,129,309,20,False,1,,Noida India,2,3,0,0
1087644253927264256,BJP calls EVM row Congress sponsored,Tue Jan 22 09:32:52 +0000 2019,76,3969,5702,False,0,,India,9,0,0,1
1087618640017448960,"RT @latestly: EVM Hackathon in London Was Congress Sponsored Event, Says Ravi Shankar Prasad …",Tue Jan 22 07:51:05 +0000 2019,835,1000,36,False,1,"EVM Hackathon in London Was Congress Sponsored Event, Says Ravi Shankar Prasad @rsprasad @BJP4India @KapilSibal @INCIndia",मदनापल्ले भारत,4,1,0,0
1087617540036218885,"EVM Hackathon in London Was Congress Sponsored Event, Says Ravi Shankar Prasad @rsprasad @BJP4India @KapilSibal @INCIndia",Tue Jan 22 07:46:43 +0000 2019,45,39348,22946,False,1,,Mumbai India,8,4,0,1
1087614138233298944,Vote Congress save dynasty 😜 Vote BJP save democracy 🙏 🇮🇳,Tue Jan 22 07:33:12 +0000 2019,287,429,8,False,0,,Guwahati India,3,0,0,0
1087612894810857472,Former BJP minister and ex-MLA join Congress,Tue Jan 22 07:28:15 +0000 2019,76,3969,5702,False,0,,India,9,0,0,1
1087606027078402048,I urge all regional political parties not to have alliance with Congress and BJP. Throw away these both parties.,Tue Jan 22 07:00:58 +0000 2019,807,1266,186,False,0,,bellary,1,0,0,0
1087584208808116225,"Congress, opposition doing negative politics over EVMs sensing defeat in 2019 elections: BJP",Tue Jan 22 05:34:16 +0000 2019,76,3969,5702,False,0,,India,10,0,0,1
1087391079748567041,This is food to the soul ! s nightmare and motor mouth begins!,Mon Jan 21 16:46:50 +0000 2019,9279,3773,8155,False,2,,Bengaluru India,7,0,0,1
1087391048106573824,": BJP hits out at Congress, says opposition is blaming EVMs sensing defeat in the upcoming .",Mon Jan 21 16:46:43 +0000 2019,479,523236,353724,False,4,,Chennai,2,0,0,1
1087379860874498060,Assume @KapilSibal &amp; hacker is sayng true abt is true than shld v also assume that a. @INCIndia used same 2 won recent elections b. wil b usng his services 2 won upcoming @BJP4India @narendramodi,Mon Jan 21 16:02:16 +0000 2019,283,2605,116,False,0,,India,6,4,0,1
1087344926315053056,Mood among tribal voters worries BJP in Dhar that has a huge ST population. Congress has got 2 lakh votes more than BJP in recent Assembly polls here. Will Dhar stay with BJP? I write for @getnewsd here,Mon Jan 21 13:43:26 +0000 2019,4295,17615,6251,False,9,,Bhopal India,4,1,0,1
1087323443492777984,"@SirShashiTharor @RahulGandhi Such a cheap thinking comes only from since you guys do this way to gather public for Rallies,Modi rallies people come by their own whole heartily Man, Better congress understand well and we will must vanish Italian ruler from India in @BJP4India",Mon Jan 21 12:18:05 +0000 2019,5760,5572,555,False,0,,Dar Es Salaam...Tanzania,2,3,0,0
1087219191013359617,"it's time to call for a ? @BJP4India workers, potential candidates for are in of Congress Party..",Mon Jan 21 05:23:49 +0000 2019,129467,104180,4970,False,2,,Unknown,3,1,0,1
1087213489226100738,RT @smita_muk: sorry correct your tweet Inform also what action taken against him? Urgent CBI enquiry needed @BJP4India…,Mon Jan 21 05:01:09 +0000 2019,12397,21166,105,False,11,sorry correct your tweet Inform also what action taken against him? Urgent CBI enquiry needed @BJP4India shd sit on fast unto death till then or this'll generate terror among voters&amp;they are compelled to vote for state ruling party in,India,1,2,0,0
1087173101627027457,sorry correct your tweet Inform also what action taken against him? Urgent CBI enquiry needed @BJP4India shd sit on fast unto death till then or this'll generate terror among voters&amp;they are compelled to vote for state ruling party in,Mon Jan 21 02:20:40 +0000 2019,129467,104180,4970,False,11,,Unknown,2,1,0,1
1087093066501042177,"132 cr people of India themselves to make India Super Power, but if scams-frauds, jumla-lies of BJP-Congress allow them to work total, no need to worry, because it everywhere!",Sun Jan 20 21:02:38 +0000 2019,102,39071,536,False,0,,New Delhi,5,0,0,0
1087063304177049600,can defeat in ?,Sun Jan 20 19:04:23 +0000 2019,155,32498,3045,False,0,,San Jose,5,0,0,0
1087045377801351168,"Will the disgruntled allies lead to a loss in Why else should or or others invoke when they talk of If just inclusion in manifesto means a shift of trust and stance, definitely are on a sticky wicket!",Sun Jan 20 17:53:09 +0000 2019,776,3240,188,False,0,,Singrauli,7,0,0,0
1087036188412674048,"Once country is set free of scamsters, fraudsters, jumlas, lies of BJP and Congress of last 15 yrs, this country to make advances with super speed!",Sun Jan 20 17:16:38 +0000 2019,102,39071,536,False,0,,New Delhi,3,0,0,0
1087009761785081856,"leaders are getting murdered one after another in ruled ....what is this happening?? Is this all political vengeance?? Mr @RahulGandhi, can you please wake up your CM ji from deep slumber?? Prevent these murders..",Sun Jan 20 15:31:37 +0000 2019,81,15,17,False,0,,Bengaluru India,5,1,0,0
1086990881788440577,"| Congress best equipped to lead alliance against BJP, says RJD leader @yadavtejashwi @htTweets",Sun Jan 20 14:16:36 +0000 2019,4933,2841,974,False,0,,सहानरपुर भारत,1,2,0,0
1086929700457406464,"| Congress best equipped to lead alliance against BJP, says RJD leader @yadavtejashwi",Sun Jan 20 10:13:29 +0000 2019,2999,545649,6613708,False,79,,India,1,1,0,1
1086922126270099456,"Is Union Minister 's 'go-to' person for countering the ? She appears to have emerged as the BJP's swordarm to take on the Opposition, mainly the Congress, to convey the party's viewpoint on raging controversies. Photo: BJP.",Sun Jan 20 09:43:23 +0000 2019,0,107522,15149,False,0,,New Delhi,4,0,0,0
1086889314900955136,Political analysts agree that the Congress has adopted a policy ‘soft ’ in order to blunt the BJP’s charge of Muslim appeasement.,Sun Jan 20 07:33:00 +0000 2019,10,19880,7671,False,0,,New Delhi,2,0,0,1
1086863206189019137,Will it really be Modi vs All across the country in the coming Lok Sabha polls? Here's a reality check:,Sun Jan 20 05:49:15 +0000 2019,134,221976,1718167,False,0,,India,4,0,0,1
1086860636544331776,by @trspartyonline - @YSRCParty ++ may play a major role in . It may affect both &amp; for sure.,Sun Jan 20 05:39:03 +0000 2019,17182,30835,1806,False,0,,Chennai India,4,2,0,0
1086734581938630656,RT @SandipGhose: Why should worry and more than it would bother BJP (which knows …,Sat Jan 19 21:18:09 +0000 2019,77,654,24,False,2,Why should worry and more than it would bother BJP (which knows will be ). I write for @firstpost 👇,Unknown,3,1,0,0
1086685722562703360,Why should worry and more than it would bother BJP (which knows will be ). I write for @firstpost 👇,Sat Jan 19 18:04:00 +0000 2019,29430,100775,14726,False,2,,mostly on the road,9,1,0,1
1086675958914924545,was under was under does not do anything with fearing minority voters?,Sat Jan 19 17:25:12 +0000 2019,155,32498,3045,False,0,,San Jose,7,0,0,1
1086652968596692992,backed ally on its scam allegation against the government in allocation of microwave spectrum in 2015 and said the spectrum issue which was used by the BJP to target the UPA has now boomeranged on it,Sat Jan 19 15:53:51 +0000 2019,136,68355,3577,False,0,,Chennai India,4,0,0,1
1086633468971208704,"""God helps those who helps themselves""... Here, SOUL helps itself to get justice, thereby reducing the work of Police/CBI....... Anyways I still miss Jayalalitha Mam and Sunanda Pushkar Mam..",Sat Jan 19 14:36:22 +0000 2019,4,51,7,False,0,,Bengaluru India,6,0,0,1
1086565135496278021,"Senior leader @ShashiTharoor feels his party is ""on the march"" and even if it bags lesser seats than the ruling in the upcoming , it can still form a -III government with the help of its allies.",Sat Jan 19 10:04:50 +0000 2019,9641,17468,2129,False,2,,Kolkata and New Delhi,4,1,0,0
1086564948652818432,"| Accusing the government of indulging in ""cheap politics"", the Congress leader @DrAMSinghvi said at that the biggest beneficiary of vote division is the @BJP4India",Sat Jan 19 10:04:05 +0000 2019,743,193081,639189,False,19,,Mumbai,4,2,0,1
1086520995152838656,"Senior leader feels his party is ""on the march"" and even if it bags lesser seats than the ruling in the upcoming , it can still form a -III government with the help of its allies.",Sat Jan 19 07:09:26 +0000 2019,0,107522,15149,False,1,,New Delhi,5,0,0,0
1086321241550512128,"The three states which won by party will be a game changer, because if they had lose, they may have the edge over , but now it look like that this States will decide the results of , because margin of win or loss is hair thin.",Fri Jan 18 17:55:41 +0000 2019,2514,2451,1187,False,0,,India,3,0,0,0
1086315023092383745,@surnell @INCKarnataka @BJP4Karnataka should wait untill completes..The pawns will fall automatically from current and govt..,Fri Jan 18 17:30:58 +0000 2019,51447,4959,131,False,0,,Bharat,3,3,0,0
1086293184756531201,"RT @JustOutNews: BJP Calls Itself Gau Bhakt, But MLAs Camped in Resort on Sakranti …",Fri Jan 18 16:04:12 +0000 2019,82270,144884,1867,False,1,"BJP Calls Itself Gau Bhakt, But MLAs Camped in Resort on Sakranti",Unknown,3,1,0,1
1086290495599390721,RT @ians_india: The opposition in on Friday said the is eyeing and northeastern states in the forthcoming …,Fri Jan 18 15:53:31 +0000 2019,90,15333,1583,False,1,The opposition in on Friday said the is eyeing and northeastern states in the forthcoming through the as the party is not confident about in north and south India.,Kokrajhar India,4,1,0,0
1086277818877542407,"I will never join any political party, says actor Prakash Raj @prakashraaj",Fri Jan 18 15:03:08 +0000 2019,59,25073,3860,False,0,,Unknown,6,1,0,1
1086265043363291136,2019 Lok Sabha Election Exit Poll: India TV-CNX Exit Poll | Congress win or Bjp? |,Fri Jan 18 14:12:22 +0000 2019,1,28,1,False,0,,New Delhi India,10,0,0,1
1086246230429233154,The opposition in on Friday said the is eyeing and northeastern states in the forthcoming through the as the party is not confident about in north and south India.,Fri Jan 18 12:57:37 +0000 2019,0,107522,15149,False,1,,New Delhi,7,0,0,0
1086243494664929280,"BJP Calls Itself Gau Bhakt, But MLAs Camped in Resort on Sakranti",Fri Jan 18 12:46:45 +0000 2019,157,2884,220,False,1,,India,5,0,0,1
1086240065741672448,wins elections in defeated,Fri Jan 18 12:33:07 +0000 2019,155,32498,3045,False,0,,San Jose,5,0,0,1
1086236689591296000,schedule likely to be out in March first week: Report,Fri Jan 18 12:19:42 +0000 2019,471,17151,1347,False,1,,Mumbai India,13,0,0,1
1086171543556841472,"BSYBJP unfazed with meet, says BJP prepping for",Fri Jan 18 08:00:50 +0000 2019,0,4293,5,False,0,,Unknown,2,0,0,1
1086165291858419712,"With just a day to go for the mega rally at the Brigade Parade Grounds, Trinamool Congress supremo @MamataOfficial on Thursday said BJP will not get more than 125 seats in the upcoming Lok Sabha elections. By: @pooja_zeenews",Fri Jan 18 07:36:00 +0000 2019,7768,70478,53756,False,1,,South Asia,1,2,0,1
1086162751809048576,Lok Sabha elections will give an unsteady government: Jayant Sinha ाओ_देश_बचाओ,Fri Jan 18 07:25:54 +0000 2019,732,9356,2284,False,1,,Unknown,11,0,0,1
1086145972390883328,"@BSYBJP unfazed with meet, says BJP prepping for",Fri Jan 18 06:19:14 +0000 2019,72,301896,4201449,False,0,,India,2,1,0,1
1085786557955624960,"BJP amassed over Rs 430 crore in donations, 12 times more than all national parties",Thu Jan 17 06:31:03 +0000 2019,2,49,67,False,0,,Bhubaneswar,7,0,0,1
1085754328915177472,"RT @electionstation: BJP's bid to topple Karnataka government fails, says Congress Minister @INCIndia @DrParameshwara …",Thu Jan 17 04:22:59 +0000 2019,18,35754,441,False,1,"BJP's bid to topple Karnataka government fails, says Congress Minister @INCIndia @DrParameshwara",London,1,3,0,0
1085753054496907266,"BJP's bid to topple Karnataka government fails, says Congress Minister @INCIndia @DrParameshwara",Thu Jan 17 04:17:55 +0000 2019,76,3969,5702,False,1,,India,9,2,0,1
1085521969729040384,"बुआ-बबुआ पर भारी, मोदी-योगी की यारी? Kindly watch UP natives reaction on SP-BSP alliance. Like it, share it and subscribe the channel. @MayawatiUp @yadavakhilesh",Wed Jan 16 12:59:40 +0000 2019,7034,9062,199,False,1,,Unknown,6,2,0,1
1085447390088245250,"BJP denies 'game' in Karnataka, says problem within Congress @BJP4Karnataka @BJP4India @hd_kumaraswamy",Wed Jan 16 08:03:19 +0000 2019,76,3969,5702,False,0,,India,9,3,0,1
1085428580530733059,As i said its not easy it is proving right. So looking at latest reports is failure😂 2 independents became bali ka bakra😬 @BJP4Karnataka &amp; @BSYBJP should simply focus on . After loksabha congress will only make this govt fall.👊,Wed Jan 16 06:48:34 +0000 2019,6075,7547,187,False,0,,India,2,2,0,0
1085378351064322048,if pulls down government in it will raise the morale of workers in fighting in,Wed Jan 16 03:28:58 +0000 2019,155,32498,3045,False,0,,San Jose,8,0,0,0
1085221612108972032,Both &amp; targets South India than before. forts of &amp; will also spare some vote share to from . may loose its important vote share in . issue will help both &amp; .,Tue Jan 15 17:06:09 +0000 2019,441,4687,1555,False,0,,Chennai Tamil Nadu,12,0,0,1
1085205341896228864,RT @electionstation: Karnataka Minister alleges poaching of Congress MLAs by BJP @INCIndia …,Tue Jan 15 16:01:30 +0000 2019,159,66,4,False,1,Karnataka Minister alleges poaching of Congress MLAs by BJP @INCIndia,New Delhi India,3,2,0,0
1085199580977815552,"From backing at Centre to being an in , has stuck with saffron party. But it hasn't stopped -led party from being critical. While has confirmed seat-sharing with ahead of",Tue Jan 15 15:38:36 +0000 2019,331,516928,1989768,False,2,,Mumbai India,8,0,0,1
1088533690815299584,With 72 days to go here's my Calculative prediction for the : BJP: 178 Congress: 138 Others: 227 India will get an Accountable (Majboor) Sarkar,Thu Jan 24 20:27:10 +0000 2019,2863,38149,1007,False,0,,Solitude,1,0,0,0
1088487700129144832,will not get single majority. around 240. around 170. Regional parties around 140. Lot of drama possible after Exciting times ...,Thu Jan 24 17:24:25 +0000 2019,107,36374,2412,False,0,,Unknown,5,0,0,1
1088486235084070912,The most important thing needs is a strong &amp; viable opposition... whether the or the . Critical for a healthy &amp; thriving &amp; to prevent any party in power from raping our institutions - as done under !,Thu Jan 24 17:18:36 +0000 2019,8839,7471,369,False,0,,India,6,0,0,1
1088462195753508864,"Smt. Priyanka Gandhi's entry into politics has opened doors to all sorts of results. Congress will be happy, but so will be the BJP. The biggest question remains, will Congress entry get more seats in than seats out for the BSP-SP alliance or an opportunity loss?",Thu Jan 24 15:43:04 +0000 2019,429,396,66,False,0,,Ahmadabad City India,1,0,0,0
1088446375761723392,"""“I have joined the Congress for now, but if the BJP gives me a ticket, I may rejoin again,” he said."" Refreshing frankness about real political motives.",Thu Jan 24 14:40:12 +0000 2019,12387,13297,588,False,0,,Am mostly in the United States,2,0,0,1
1088440684837855232,"If there is no Alliance between the Congress and TDP in Andhra Pradesh &amp; TMC in Bengal they are starting @ big loss in 40+ seats. Which is crucial. Then BJP will make a back door entry with help of TRS, YSRCP &amp; ADMK @RahulGandhi should not act in haste for our sake",Thu Jan 24 14:17:36 +0000 2019,200,1379,65,False,0,,New Jersey USA,1,1,0,0
1088438854799904775,"- A safe seat for Won: Sonia Gandhi, INC: 526434 votes Lost: Pravesh Singh, BSP: 63633 votes Lost: Archana Srivastava. AAP: 10383 votes Lost: Ajay Agarwal, BJP: 173721 votes Who will contest from Rae Bareli @TajinderBagga",Thu Jan 24 14:10:19 +0000 2019,13100,10178,114,False,0,,Unknown,3,1,0,0
1088433107215147008,2014 Seat Break-up: Total seats: 80 : 71 seats (Total vote %: 42.3) Party: 5 seats (Total vote %: 22.2) : 0 seats (Total vote %: 19.6) : 2 seats (Total vote %: 7.5) : 2 seats (Total vote %: 1.0),Thu Jan 24 13:47:29 +0000 2019,13100,10178,114,False,0,,Unknown,7,0,0,0
1088390181764427778,"The upcoming Lok Sabha polls r likely 2b d costliest ever in terms of advertising spend. @BloombergQuint reports that political parties are expected to spend up to ₹2,500-2,600 crore this time, nearly 73% over the 2014 general election",Thu Jan 24 10:56:55 +0000 2019,1447,1332,283,False,0,,Delhi,4,1,0,0
1088387504179359744,"@Republic_Bharat @republic When there was Congress government in power at the center in 2014, bjp hacked and own the elections. He he he.",Thu Jan 24 10:46:16 +0000 2019,11688,5104,182,False,0,,Pune India ,5,2,0,0
1088376253877342210,Chandrababu Clarifies Congress Alliance,Thu Jan 24 10:01:34 +0000 2019,4,57826,2526,False,0,,Unknown,15,0,0,1
1088369569297707008,"""Of course, we know the nuggets of tolerance they will direct towards the BJP"" via @ThePulse_in",Thu Jan 24 09:35:00 +0000 2019,385,137,9,False,0,,Unknown,6,1,0,2
1088354265091829760,@INCUttarPradesh @RahulGandhi stronger than ever. Will lead the way in restoring ाओ_देश_बचाओ,Thu Jan 24 08:34:12 +0000 2019,395,401,54,False,0,,Unknown,7,2,0,0
1088332975878463490,On which party you &amp; your family have POSITIVE OPINION?? Just wanted to know the Mood of people in Please RT if u don't mind,Thu Jan 24 07:09:36 +0000 2019,4334,258,42,False,0,,Andhra Pradesh India,11,0,0,0
1088309327096569856,RT @latasrinivasan: From to it is now all about the,Thu Jan 24 05:35:38 +0000 2019,1340,1439,38,False,1,From to it is now all about the,எங்க இருந்தா என்ன? போவீங்களா..,7,1,0,0
1088309194485190656,From to it is now all about the,Thu Jan 24 05:35:06 +0000 2019,6407,4305,93341,False,1,,India,7,0,0,0
1088308541012799488,In as many words... ... Indira Gandhi 2 ... major dynamics for now in play ! @RahulGandhi @INCIndia @CongressInNews @BJP4India,Thu Jan 24 05:32:30 +0000 2019,885,14414,48,False,2,,New Delhi India,2,4,0,0
1088160116463984641,That is exactly the fear everybody has. India is better off is either Congress or BJP is at the centre with a larger share of seats in the coalition like current BJP or 2009 Congress government. Congress in 2004 was weak and the United Front of 1996 was weaker.,Wed Jan 23 19:42:43 +0000 2019,298,623,39,False,0,,Jamshedpur India,1,0,0,1
1088119917063286784,How's the Josh?,Wed Jan 23 17:02:59 +0000 2019,40,483,248,False,0,,Ahmedabad India,6,0,0,0
1088117328984698880,"wants to defeat . Congress wants to defeat BJP. No party actually wants to ensure progresses as a secular, unified, educated, economic superpower.",Wed Jan 23 16:52:42 +0000 2019,2477,5709,433,False,0,,Delhi,6,0,0,0
1088116973895073792,@ndtv In only 4yrs tenure to &amp; now but all these lost respects among masses due to corrupt &amp; dumb leaders &amp; foolish chamchas. Entry of in Politics endorses end of road 4 @RahulGandhi @BJP4India,Wed Jan 23 16:51:17 +0000 2019,83,1176,55,False,0,,New Delhi,6,3,0,0
1088114181579120640,@IndianExpress In only 4yrs tenure to &amp; now but all these lost respects among masses due to corrupt &amp; dumb leaders &amp; foolish chamchas. Entry of in Politics endorses end of road 4 @RahulGandhi @BJP4India,Wed Jan 23 16:40:11 +0000 2019,83,1176,55,False,0,,New Delhi,6,3,0,0
1088096821338038274,Congress supporters (open and closet) think 💭 that BJP supporters are thinking 💭 that Modi may not win. Based on this thinking 💭 they think 💭 Congress / Circus 🎪 will win. These many clouds “can” lead to rain 🌧 😉.,Wed Jan 23 15:31:12 +0000 2019,5582,12678,1843,False,0,,Srinagar - Gulmarg - Delhi - ?,2,0,0,0
1088087537535467521,"@CNNnews18 @INCIndia @BJP4India @bhupendrachaube In UP, that is a masterstroke! She's certainly BJP's nightmare now. Suddenly it looks like the base of Congress firmed up!",Wed Jan 23 14:54:19 +0000 2019,2197,237,484,False,0,,Inside my head,1,4,0,0
1088041370286206977,"Won NC Hills Autonomous Council with big majority. @BJP4India: 19; :2; AGP: 1; Independents: 6. BJP, @sarbanandsonwal @himantabiswa",Wed Jan 23 11:50:52 +0000 2019,802,1997,50,False,0,,Unknown,5,3,0,0
1088018806289489923,on : to Contest along with @AIADMKOfficial ! to contest from as with quota of in ! Open Seat Share talks between @BJP4India will be on Jan 27th with @PiyushGoyal !,Wed Jan 23 10:21:12 +0000 2019,1356,3490,43,False,0,,Coimbatore India,11,3,0,0
1088015526377467904,@bainjal Good Point. Instead of being obsessed with criticising - why doesn't focus on delivering results which will help them do well in ...?,Wed Jan 23 10:08:10 +0000 2019,55025,188184,10776,False,0,,Pune India,3,1,0,0
1088012412459147269,RT @vikramwkarve: Should Political Parties be asked to put their Election Manifesto o…,Wed Jan 23 09:55:48 +0000 2019,59742,44220,1171,False,1,Should Political Parties be asked to put their Election Manifesto on Affidavit...? Will this motivate politicians to deliver their promises...? Otherwise - won't election promises just remain on paper...?,India,5,1,0,0
1088010521608142848,Should Political Parties be asked to put their Election Manifesto on Affidavit...? Will this motivate politicians to deliver their promises...? Otherwise - won't election promises just remain on paper...?,Wed Jan 23 09:48:17 +0000 2019,55025,188184,10776,False,1,,Pune India,5,0,0,0
1088006394157121536,". With the launch of in the election battle, @INCIndia has committed it's reserves. Shows @RahulGandhi inability to pull a victory for Congress against BJP on his own.",Wed Jan 23 09:31:53 +0000 2019,2165,7586,246,False,0,,Gurgaon ,2,2,0,0
1088004182920122368,Congress campaign this time around will have Rahul-priyanka pictures on Congress Bilboards. They will try to fool the people to encash pseudo sacrifices of family. @BJP4India must be prepared for a suitable counter. @AmitShah @myogiadityanath @BJP4UP,Wed Jan 23 09:23:06 +0000 2019,15315,61458,5409,False,2,,Gurgaon,1,4,0,0
1088004084030992385,All Aces on the table. Elections 2019 are going to be interesting. Three fronts emerging,Wed Jan 23 09:22:42 +0000 2019,18,83,108,False,0,,Coventry England,5,0,0,0
1087997474919378950,RT @trickydonor: Actually in eastern UP is a big boost for the BJP. Congress will now cut deeper into SP-BSP votes handing…,Wed Jan 23 08:56:26 +0000 2019,174,1854,104,False,1,Actually in eastern UP is a big boost for the BJP. Congress will now cut deeper into SP-BSP votes handing over a clear advantage to the BJP.!,Unknown,1,1,0,0
1087997174200365056,Actually in eastern UP is a big boost for the BJP. Congress will now cut deeper into SP-BSP votes handing over a clear advantage to the BJP.!,Wed Jan 23 08:55:14 +0000 2019,2663,9786,1709,False,1,,Unknown,2,0,0,0
1087979709227507713,Immediately impacts ALL Vadra cases. Politically.,Wed Jan 23 07:45:51 +0000 2019,14858,162791,9869,False,0,,India,3,0,0,1
1087976850494758920,@JM_Scindia : Jyotiraditya and Priyanka given charge of key . Along with @RahulGandhi they become the new CONGRESS TROIKA?,Wed Jan 23 07:34:29 +0000 2019,77,1052,214,False,0,,India,8,2,0,0
1087975217618698241,Priyanka is Congress general secterary for eastern UP that includes the Varanasi constituency. BJP scratching its head: Rakhee Bandhan or Gathbandhan?,Wed Jan 23 07:28:00 +0000 2019,77,1052,214,False,0,,India,7,0,0,0
1087964309802618880,Both BJP &amp; BJD have cheated people of Odisha; time has come to liberate the State from the shackles of ill-governance: Congress in-charge Jitendra Singh,Wed Jan 23 06:44:39 +0000 2019,579,105299,335800,False,1,,Bhubaneshwar India,3,0,0,0
1087950908871360514,Congress blames BJP for unfair competition,Wed Jan 23 05:51:24 +0000 2019,76,3969,5702,False,0,,India,9,0,0,1
1087914838364278785,"@politicalbaaba MP BJP will be ahead of Congress in Its quite Certain, choice of will Backfire Badly on Congress Mamaji will Hit Big Win soon",Wed Jan 23 03:28:04 +0000 2019,36537,92898,6021,False,0,,from Telangana in Tokyo Japan,2,1,0,0
1087755540745207808,RT @laxman_xy: Choice between below Surging Economy thanks to or Emperor Bokassa 's Banana Re…,Tue Jan 22 16:55:05 +0000 2019,58067,110525,2593,False,7,Choice between below Surging Economy thanks to or Emperor Bokassa 's Banana Republic of Nehruvian Italian socialist shithole till 2014 @MirrorNow @the_hindu,India,4,1,0,0
1087746987477340160,One of the first state-wise analysis for 2019 elections !,Tue Jan 22 16:21:05 +0000 2019,120,289,666,False,0,,Dubai,6,0,0,1
1087745302071631872,"What Facebook done in 2014 Now is doing for 2019 . it was not necessary to use words like ""new india"" in @dhruv_rathee",Tue Jan 22 16:14:24 +0000 2019,3187,256,1162,False,1,,Hyderabad India,11,1,0,0
1087732164337250305,why not lie detection for all in every quarter and live telecast it in there respective constitution. ?? and also for a mp his opponent should be present at that time,Tue Jan 22 15:22:11 +0000 2019,0,131,1,False,0,,Unknown,7,0,0,0
1087690043550912512,Who should win,Tue Jan 22 12:34:49 +0000 2019,820,3728,373,False,3,,Unknown,25,0,0,0
1087660680407330816,"@TheQuint @Pawankhera Without any worries, remember this FINAL RESULT for (prediction) 1) Congress + BJP = nearly 300 seats 2) Each of Congress and BJP = NOT MORE than 175 seats 3) Congress is not less than 125 seats",Tue Jan 22 10:38:08 +0000 2019,151,2448,47,False,0,,ooh!lala,1,2,0,0
1087644253927264256,BJP calls EVM row Congress sponsored,Tue Jan 22 09:32:52 +0000 2019,76,3969,5702,False,0,,India,9,0,0,1
1087614138233298944,Vote Congress save dynasty 😜 Vote BJP save democracy 🙏 🇮🇳,Tue Jan 22 07:33:12 +0000 2019,287,429,8,False,0,,Guwahati India,3,0,0,0
1087612894810857472,Former BJP minister and ex-MLA join Congress,Tue Jan 22 07:28:15 +0000 2019,76,3969,5702,False,0,,India,9,0,0,1
1087584208808116225,"Congress, opposition doing negative politics over EVMs sensing defeat in 2019 elections: BJP",Tue Jan 22 05:34:16 +0000 2019,76,3969,5702,False,0,,India,10,0,0,1
1087550149591654400,RT @otvnews: : BJP will win 40 out of 40 seats in western ; Congress will merge with BJD in the coming days &amp; there wi…,Tue Jan 22 03:18:56 +0000 2019,376,378,143,False,4,: BJP will win 40 out of 40 seats in western ; Congress will merge with BJD in the coming days &amp; there will be a fight between BJP &amp; BJD-Congress combine in : BJP national secretary Suresh Pujari,Unknown,2,1,0,0
1087521792858583040,"Bimal shah, Anil Patel former BJP MLAs join congress with another retired IAS officer. Shock for gujarat BJP. . Congress playing good hands.",Tue Jan 22 01:26:15 +0000 2019,57,70,19,False,0,,New Delhi India,3,0,0,0
1087468260050628608,@VictoryForNamo @BJP4India Be known that the Battle on hand with the malicious @INCIndia has to be fought not on its edges but Congress will have to ripped at its seams in .,Mon Jan 21 21:53:32 +0000 2019,107534,265475,11169,False,1,, California.,1,3,0,0
1087403754025111554,@moneycontrolcom If itself want to lose in 2014 than only it had allowed elections with in 2014 as was against after 2009 loss... @KapilSibal,Mon Jan 21 17:37:12 +0000 2019,4639,7768,659,False,0,,Proud Indian,10,2,0,0
1087398846374674435,RT @dranujoshi1: @alok_bhatt What is happening in since Congress formed the govt? Murders of BJP persons and disgusting attacks like th…,Mon Jan 21 17:17:42 +0000 2019,5630,2111,15,False,1,"@alok_bhatt What is happening in since Congress formed the govt? Murders of BJP persons and disgusting attacks like this one happening often and with impunity! Watch and learn, , this could happen in your state if you believe the lies of @INCIndia and vote for them",Powai Mumbai,1,2,0,0
1087397574464626688,RT @dranujoshi1: What is happening in since Congress formed the govt? Murders of BJP persons and disgusting attacks like this one happe…,Mon Jan 21 17:12:39 +0000 2019,5630,2111,15,False,1,"What is happening in since Congress formed the govt? Murders of BJP persons and disgusting attacks like this one happening often and with impunity! Watch and learn, , this could happen in your state if you believe the lies of @INCIndia and vote for them",Powai Mumbai,1,1,0,0
1087391838531506176,The name of EVM Expert is Sayed Suja! The 'name' is enough! 😂 Shame on Kapil Sibal in London! ाओ_Ballot_लाओ,Mon Jan 21 16:49:51 +0000 2019,791,236,112,False,0,,New Delhi,11,0,0,0
1087380912684191745,"Telangana Panchayat Election Results. BJP is doing better than TDP 👍👍 Phase 1 : 4,470 Winners supported by : TRS 2446 Congress 829 TDP 22 BJP 59 👍👍 Others 671",Mon Jan 21 16:06:26 +0000 2019,28079,19857,1278,False,1,,Death bed,6,0,0,0
1087379860874498060,Assume @KapilSibal &amp; hacker is sayng true abt is true than shld v also assume that a. @INCIndia used same 2 won recent elections b. wil b usng his services 2 won upcoming @BJP4India @narendramodi,Mon Jan 21 16:02:16 +0000 2019,292,2606,116,False,0,,India,6,4,0,1
1087378964723556352,"""Syed Shuja"" The name reveals All. Hacker for Congress who is nothing but Pakistani Agent .Congress taking help from Pakistan to defeat Modiji. @Swamy39 @DrGPradhan @ippatel @KapilMishra_IND @girirajsinghbjp @TajinderBagga @AskAnshul @VashiMant @AshwiniBJP",Mon Jan 21 15:58:42 +0000 2019,9817,6567,494,False,0,,india,2,9,0,0
1087278614184321024,"What is happening in since Congress formed the govt? Murders of BJP persons and disgusting attacks like this one happening often and with impunity! Watch and learn, , this could happen in your state if you believe the lies of @INCIndia and vote for them",Mon Jan 21 09:19:56 +0000 2019,15746,11724,81,False,1,,Unknown,3,1,0,1
1087278444918988800,"@alok_bhatt What is happening in since Congress formed the govt? Murders of BJP persons and disgusting attacks like this one happening often and with impunity! Watch and learn, , this could happen in your state if you believe the lies of @INCIndia and vote for them",Mon Jan 21 09:19:16 +0000 2019,15746,11724,81,False,1,,Unknown,3,2,0,0
1087277416962187264,Congress Wants Kareena Kapoor Khan To Contest In Polls via @TheNewsXpresso,Mon Jan 21 09:15:11 +0000 2019,0,469,5,False,0,,Cochin India,11,1,0,1
1087259859555364864,Kareena Kapoor may contest elections for Congress from Madhya Pradesh (Elections 2019),Mon Jan 21 08:05:25 +0000 2019,5,1108,8,False,0,,lu,8,0,0,1
1087045377801351168,"Will the disgruntled allies lead to a loss in Why else should or or others invoke when they talk of If just inclusion in manifesto means a shift of trust and stance, definitely are on a sticky wicket!",Sun Jan 20 17:53:09 +0000 2019,776,3240,188,False,0,,Singrauli,7,0,0,0
1087040634391674885,Congress - Rahul Gandhi Mashup || Aalu Sona Mashup feat. Nana Patekar Watch the latest song of DJ JUNIOR out now Here:,Sun Jan 20 17:34:18 +0000 2019,1,2,0,False,0,,Unknown,13,0,0,1
1087025910195187713,Will Modi become the PM of India again in 2019? Post your votes now !!,Sun Jan 20 16:35:47 +0000 2019,0,29,5,False,0,,Tamil Nadu India,14,0,0,1
1086960495829995523,Who will @wesuportmodi4PM @ModiFansClub @badri4BJP @being_Jatak,Sun Jan 20 12:15:51 +0000 2019,3125,14324,5058,False,1,,Muzaffarpur Bihar,13,4,0,0
1086955904837120000,RT @mishrashivam517: Hands Up 😂😂😂 ोदी_सरकार ागठबंधन …,Sun Jan 20 11:57:37 +0000 2019,441,74,11,False,1,Hands Up 😂😂😂 ोदी_सरकार ागठबंधन,Bihar India,9,1,0,0
1086924841783980032,Hands Up 😂😂😂 ोदी_सरकार ागठबंधन,Sun Jan 20 09:54:11 +0000 2019,749,103,35,False,1,,New Delhi India,10,0,0,0
1086901029059350528,: BJP will win 40 out of 40 seats in western ; Congress will merge with BJD in the coming days &amp; there will be a fight between BJP &amp; BJD-Congress combine in : BJP national secretary Suresh Pujari,Sun Jan 20 08:19:33 +0000 2019,579,105299,335800,False,4,,Bhubaneshwar India,4,0,0,0
1086874584652034048,What do you think are some reasons why Congress is giving competition to BJP unlike in 2014? by Sachin Adarsh Shukla @narendramodi @RahulGandhi,Sun Jan 20 06:34:28 +0000 2019,1606,164,31,False,0,,Delhi India,1,2,0,1
1086873280428965889,"@effectiveamit @INCIndia @ProfCong I dint agree with your opinion. This is a technical glitch which cannot be solved even by INC. Rest i found in your profile that you are an INC supporter, so all d very best for upcoming election.",Sun Jan 20 06:29:17 +0000 2019,52,47,29,False,0,,Ranchi India,4,3,0,0
1086819331562860544,RT @bharatpatni: The loss of 3 states in the elections has worked as an alert for BJP. Congress who tried to capitalise it has been rejecte…,Sun Jan 20 02:54:55 +0000 2019,5,28,54,False,1,"The loss of 3 states in the elections has worked as an alert for BJP. Congress who tried to capitalise it has been rejected by opposition parties at UP, Delhi and AP. For BJP it is almost like paper leak before final exams",Indore M.P. India,0,1,0,0
1086683838015631363,"The loss of 3 states in the elections has worked as an alert for BJP. Congress who tried to capitalise it has been rejected by opposition parties at UP, Delhi and AP. For BJP it is almost like paper leak before final exams",Sat Jan 19 17:56:31 +0000 2019,42,380,251,False,1,,Indore M.P. India,4,0,0,0
1086581635800281088,"BJP to Congress - The resort where Congress legislators were staying fearing poaching owes Rs 982 crores to Karnataka government as a penalty in a land encroachment case, collect the amount and use it to waive farm loans.",Sat Jan 19 11:10:24 +0000 2019,71635,32051,345,False,0,,Pune India,2,0,0,1
1086551018412933120,People are paying by vote to Now enjoying by with drawn of Schemes &amp; facility begun by to poor people. will definatly reply in .,Sat Jan 19 09:08:44 +0000 2019,2535,726,41,False,0,,Unknown,8,0,0,1
1086415100691374080,"Please do read, it’s a WhatsApp fwd from a Muslim Friend.Unfortunately, twitter doesn’t allow me to write this Long.hence copied in notes and sharing as a pic! @BJP4India",Sat Jan 19 00:08:39 +0000 2019,3081,6944,90,False,0,,Gujarat India,6,1,0,0
1086338185364332544,"If in case modi wins the election this year , it will be one hell of a win coz congress/every other party is on one side and BJP on one side. Either BJP will loose badly or will destroy every other party and mahagathbandhans by winning comfortably",Fri Jan 18 19:03:01 +0000 2019,102,1914,56,False,0,,Delhi,2,0,0,1
1086334953053274112,Anti BJP votes in UP are over 65%. Congress will swing significantly and will leave a lot of open mouths and putty brains.,Fri Jan 18 18:50:10 +0000 2019,3301,23246,1250,False,0,,Assam,2,0,0,0
1086239959764295680,RT @viceindia: No country can have both. -🐮 -✋ …,Fri Jan 18 12:32:42 +0000 2019,101565,35846,645,False,1,No country can have both. -🐮 -✋,India,2,1,0,0
1086237362961682432,No country can have both. -🐮 -✋,Fri Jan 18 12:22:23 +0000 2019,572,1574,5572,False,1,,Unknown,4,0,0,1
1086236689591296000,schedule likely to be out in March first week: Report,Fri Jan 18 12:19:42 +0000 2019,471,17151,1347,False,1,,Mumbai India,13,0,0,1
1086235695730036738,RT @SachinAdarshSh1: Why do you call BJP supporters bhakts? by Sachin Adarsh Shukla @narendramodi,Fri Jan 18 12:15:45 +0000 2019,1,49673,1433,False,1,Why do you call BJP supporters bhakts? by Sachin Adarsh Shukla @narendramodi,TRipura,2,2,0,0
1086235520856842240,Why do you call BJP supporters bhakts? by Sachin Adarsh Shukla @narendramodi,Fri Jan 18 12:15:04 +0000 2019,1606,164,31,False,1,,Delhi India,2,1,0,1
1086145098214199296,RT @tarksheel4ever: You really wanna give them another term when you know every which way BJP and Modi are parasites much like the Congress…,Fri Jan 18 06:15:45 +0000 2019,1,49673,1433,False,1,"You really wanna give them another term when you know every which way BJP and Modi are parasites much like the Congress counter parts? Or much worse, just coz they hold upper caste HINDUs up (which they dont)",TRipura,0,1,0,0
1086144926126084096,"You really wanna give them another term when you know every which way BJP and Modi are parasites much like the Congress counter parts? Or much worse, just coz they hold upper caste HINDUs up (which they dont)",Fri Jan 18 06:15:04 +0000 2019,76,1597,7,False,1,,Unknown,2,0,0,0
1085958166683308032,"@ASJBaloch @ConfessionsExMu This is straight message to even political parties like , who claim they work for and their .",Thu Jan 17 17:52:57 +0000 2019,5283,49475,463,False,0,,Unknown,15,2,0,0
1085891576126042112,Post There are Only 3 Possible Alternatives to Form Govt All of them are Federal and Anti 1 or 2 National Parties 1. Anti BJP Federal Front 2. Anti Congres Federal Front 2. Anti BJP &amp; Anti Congress Federal Front,Thu Jan 17 13:28:21 +0000 2019,36537,92898,6021,False,0,,from Telangana in Tokyo Japan,1,0,0,0
1085786557955624960,"BJP amassed over Rs 430 crore in donations, 12 times more than all national parties",Thu Jan 17 06:31:03 +0000 2019,2,49,67,False,0,,Bhubaneswar,7,0,0,1
1085754328915177472,"RT @electionstation: BJP's bid to topple Karnataka government fails, says Congress Minister @INCIndia @DrParameshwara …",Thu Jan 17 04:22:59 +0000 2019,18,35754,441,False,1,"BJP's bid to topple Karnataka government fails, says Congress Minister @INCIndia @DrParameshwara",London,1,3,0,0
1085753054496907266,"BJP's bid to topple Karnataka government fails, says Congress Minister @INCIndia @DrParameshwara",Thu Jan 17 04:17:55 +0000 2019,76,3969,5702,False,1,,India,9,2,0,1
1085579417391267841,""" seems to have given a free hand to to spread with total impunity"" via @rightlog_in",Wed Jan 16 16:47:56 +0000 2019,300,102,11,False,0,,Go straight turn right ask there,7,1,0,1
1085563058313936902,"@_YogendraYadav Sir, how will the rebellion within play up? Potentially 02 per seat, if not more.. Then the ‘congress+sp+bsp’ combined voter universe splitting, in two, or even three way contests.. perhaps not adding up as universally as expected ?",Wed Jan 16 15:42:56 +0000 2019,14858,162791,9869,False,0,,India,5,1,0,0
1085554307691212805,How difficult it'll be for BJP to win 2019 general election? by Sachin Adarsh Shukla,Wed Jan 16 15:08:10 +0000 2019,1606,164,31,False,0,,Delhi India,3,0,0,1
1085511116464287744,"Kati patang RSS Aur BJP ki ! ------------------------------ When Spiderman NAMO challenges our Beloved RAGA to a Political Kite Flying contest Its Called A ""Splatter"" of ""No Matter""",Wed Jan 16 12:16:32 +0000 2019,1300,2979,142,False,3,,Unknown,3,0,0,0
1085487476490280961,"janaalu koncham emotional avvakunda vignatha tho alochisthey arthamavthundhi, it's better for them to go with federal front that would surely give an extra bargaining chip than aligning with or",Wed Jan 16 10:42:36 +0000 2019,8719,9144,118,False,1,,INDIA🇮🇳,9,0,0,0
1085447390088245250,"BJP denies 'game' in Karnataka, says problem within Congress @BJP4Karnataka @BJP4India @hd_kumaraswamy",Wed Jan 16 08:03:19 +0000 2019,76,3969,5702,False,0,,India,9,3,0,1
1085442787057770496,"SP, BSP, TRS, YSRCP, BJD deadly combo👍 Bright future prospects💥 Non BJP Non Congress Front👍 KCR master stroke🤘🤘",Wed Jan 16 07:45:01 +0000 2019,8719,9144,118,False,0,,INDIA🇮🇳,9,0,0,0
1085350801722273792,"has been trying to become the of but if you take a look at the , it was and also will be",Wed Jan 16 01:39:30 +0000 2019,1286,1254,96,False,0,,Kolkata,11,0,0,0
1085220030567104517,"I think 2019 is no more about Congress or BJP or Mahagathbandhan. 2019 will be a tug between the 130 crore Indians and RaGa Babu, to prove who is the real Pappu. Lets see if nepotistic Pappu wins or 130 Crore Indians. Fingers crossed. @narendramodi @RahulGandhi",Tue Jan 15 16:59:52 +0000 2019,2680,632,46,False,0,,Unknown,1,2,0,0
1085205341896228864,RT @electionstation: Karnataka Minister alleges poaching of Congress MLAs by BJP @INCIndia …,Tue Jan 15 16:01:30 +0000 2019,159,66,4,False,1,Karnataka Minister alleges poaching of Congress MLAs by BJP @INCIndia,New Delhi India,3,2,0,0
1088073685397729282,For BJP vs Congress:,Wed Jan 23 13:59:16 +0000 2019,3,102,18,False,0,,Gurgaon India,20,0,0,1
1087389350244044808,"Syed Shuja, a US-based cyber expert claims that 2014 Lok Sabha elections were rigged. Reliance Communications helped the BJP to get low frequency signals to hack EVMs.",Mon Jan 21 16:39:58 +0000 2019,102,37,2,False,0,,Unknown,3,0,0,0
1087375376035139584,Modi vs Rahul War: 2019 polls seems to be inching towards a nail-biting finish,Mon Jan 21 15:44:26 +0000 2019,3,102,18,False,1,,Gurgaon India,17,0,0,1
1088073685397729282,For BJP vs Congress:,Wed Jan 23 13:59:16 +0000 2019,3,102,18,False,0,,Gurgaon India,20,0,0,1
1087924188290207744,"The truth always comes out in the end, no matter how hard anyone tries to hide it or stop it. Sharad Yadavji at Mahagathbandhan rally Cant hiderhe truth",Wed Jan 23 04:05:13 +0000 2019,502,1071,408,False,0,,baroda,10,0,0,0
1087409932159205376,"@narendramodi @PMOIndia sir, with due respect, pls allow this time congress party to hack the EVM. pappu will still fail.",Mon Jan 21 18:01:45 +0000 2019,673,1339,85,False,0,,Two things define you Your patience when you have nothing and your attitude when you have everything,1,2,0,0
1087375376035139584,Modi vs Rahul War: 2019 polls seems to be inching towards a nail-biting finish,Mon Jan 21 15:44:26 +0000 2019,3,102,18,False,1,,Gurgaon India,17,0,0,1
1088465125504278528,@OpIndia_com Enjoy Nota Hindus of MP. Emotions will kill Hindus. Need Hindu Unity to Vote BJP. 🗣️Think &amp; Understand Congress is anti-Hindu. Try to change ur mentality for 2019 elections.,Thu Jan 24 15:54:43 +0000 2019,28951,56732,1453,False,0,,धर्म&देश को बचाना ही धर्म है,3,1,0,0
1088451272192155654,"@priyankac19 @nytimes @guardian @BBCWorld @CNN @ShekharGupta @sagarikaghose @sardesairajdeep @aroonpurie @pbhushan1 @Ram_Guha @svaradarajan @mkvenu1 @JhaSanjay @RahulGandhi @ShivAroor @BDUTT @Raghav_Bahl @irobertvadra @ashokgehlot51 @INCIndia @sambitswaraj @arunjaitley @nsitharaman @madhukishwar @WorldBank @INCKarnataka @AmitShah @narendramodi @washingtonpost @WSJ @ABC @FT @_sabanaqvi @rammadhavbjp @FarooqAbdullah_ @ysjagan @Manekagandhibjp @PChidambaram_IN @YashwantSinha @varungandhi80 @JM_Scindia @nramind @SachinPilot @smritiirani @dhairyaroy @MamataOfficial @porinju President of @INCIndia Mr @RahulGandhi, who is on a tour of Congress bastions of Amethi &amp; Rae Bareli in Uttar Pradesh, faced ‘go back to Italy’ taunts after neglecting his consistency",Thu Jan 24 14:59:40 +0000 2019,2279,24384,63,False,0,,Mumbai,4,50,0,1
1088380108652478464,@RahulGandhi Pedophile Pappu and his party will be Disaster in UP Loksabha election including Priyanka charm nothing will work 😁😁😁 @BJP4UP @BJP4India,Thu Jan 24 10:16:53 +0000 2019,172,234,8,False,0,,Bengaluru India,2,3,0,0
1088151059791458304,RT @ProfSRK: @OnlineRajan__ @Vyas241S @RAJIV1959 @AnilJ_Modi19 @AB_BJP @CongressDahan @vanitajain21 @Sanatan_Dharma_ @kirantikari0 @DetheEs…,Wed Jan 23 19:06:44 +0000 2019,213560,419201,61979,False,5,@OnlineRajan__ @Vyas241S @RAJIV1959 @AnilJ_Modi19 @AB_BJP @CongressDahan @vanitajain21 @Sanatan_Dharma_ @kirantikari0 @DetheEshaSen Never take on lighter side. Remember Assembly Election held recently. 2019 is different from 2014. We must work hard for Mission @RamsaBJYM @LillyMaryPinto @Babble524,Rajasthan India,0,10,0,0
1088056737364533248,@OnlineRajan__ @Vyas241S @RAJIV1959 @AnilJ_Modi19 @AB_BJP @CongressDahan @vanitajain21 @Sanatan_Dharma_ @kirantikari0 @DetheEshaSen Never take on lighter side. Remember Assembly Election held recently. 2019 is different from 2014. We must work hard for Mission @RamsaBJYM @LillyMaryPinto @Babble524,Wed Jan 23 12:51:55 +0000 2019,23809,36408,4015,False,5,,India,8,13,0,0
1088038385149607936,""" turns out to Parivar"" @sambitswaraj:'There is a difference between Congress and BJP. In BJP, the party is family whereas in Congress, the family is the party' We won't allow FamilyRule. 🇮🇳",Wed Jan 23 11:39:00 +0000 2019,8483,4212,165,False,1,,Ahmadabad City India,5,1,0,0
1088013876212318208,"Priyanka Vadra was launched in 2014 too and her one comment about @narendramodi ""Neech"" did blunders for BJP. She will ensure same fate for Indian National Congress in too!",Wed Jan 23 10:01:37 +0000 2019,44983,20507,1055,False,0,,Katra Jammu And Kashmir🇮🇳,1,1,0,0
1087994671647866880,We thanks @INCIndia specifically @RahulGandhi 4 making as chief...!! With her entry d final nail in coffin of is confirmed...!!! will win with large margin,Wed Jan 23 08:45:18 +0000 2019,10178,14290,366,False,2,,Spectral Extant,9,2,0,0
1087920690655887360,"He is giving his all! Dear Indians, be wise and let you vote decide the future of our nation! Modiji for ages 🙏🏻",Wed Jan 23 03:51:19 +0000 2019,12896,2610,105,False,0,,India,6,0,0,1
1087757177207418882,"@ProudBhagavathi If kids can understand it, what is wrong with Mr. Gandhi?",Tue Jan 22 17:01:35 +0000 2019,5283,49475,463,False,0,,Unknown,12,1,0,0
1087753882036588551,"RT @parthasri201475: Think India before Voting. 1. If BJP wins, Modi will become PM. 2. If Congress wins, Pappu the PM. 3. If regional par…",Tue Jan 22 16:48:29 +0000 2019,3474,213,3,False,3,"Think India before Voting. 1. If BJP wins, Modi will become PM. 2. If Congress wins, Pappu the PM. 3. If regional parties leads, there shall be a PM &amp; a Deputy PM with frequent changes in face. What's your choice?",Unknown,0,1,0,0
1087728990553554946,"Think India before Voting. 1. If BJP wins, Modi will become PM. 2. If Congress wins, Pappu the PM. 3. If regional parties leads, there shall be a PM &amp; a Deputy PM with frequent changes in face. What's your choice?",Tue Jan 22 15:09:35 +0000 2019,9940,5308,2053,False,3,,Chennai India,3,0,0,0
1087705829741084674,The fact is running out of guts..Thy are left with no option otherthan spreading lies to get Cheap Popularity &amp; misleading people... But people r no more Vote Banks today and they are aware of every Dirty Political Drama of @INCIndia @rsprasad @BJP4India,Tue Jan 22 13:37:33 +0000 2019,712,3883,633,False,0,,New Delhi India,2,3,0,1
1087609365824122880,Just imagine when BJP is in Center and Strong as opposition in MP this is happening. Congress is Going Communist way. @ChouhanShivraj,Tue Jan 22 07:14:14 +0000 2019,1897,19157,1743,False,0,,Lucknow India,1,1,0,1
1087588006905561088,This video is proof enough that the only effort by funded (yes true) is to destabilise India. Let us make this happen.,Tue Jan 22 05:49:21 +0000 2019,22080,37639,352,False,1,,Unknown,6,0,0,1
1087561086516236289,"Make no mistake, here's more reason why we need to end",Tue Jan 22 04:02:23 +0000 2019,324583,636168,7863,False,1,,India,9,0,0,1
1087512140737581061,"Andhbhaktas can have a look Indira was root cause of congress decline ,let Modiji be not it for BJP .",Tue Jan 22 00:47:54 +0000 2019,35,3072,6,False,0,,Unknown,4,0,0,1
1087411791200546816,Accepted Pic-1 : Pic-2: At that time Right Now congress Bjp Govt. Govt.,Mon Jan 21 18:09:08 +0000 2019,68,1321,67,False,0,,Unknown,4,0,0,0
1087407018640433153,@DrGPradhan @shweta_ohri @INCIndia @KapilSibal Great Slapped on @RahulGandhi...!!! Jai Ho @V4Modi ाओ_Ballot_लाओ,Mon Jan 21 17:50:10 +0000 2019,10178,14290,366,False,1,,Spectral Extant,18,6,0,0
1087292206073958400,Agenda for 2019: Choose between &amp;,Mon Jan 21 10:13:57 +0000 2019,2853,3589,45,False,0,,Unknown,9,0,0,0
1087272945360273408,"Coalition Govt of Congress in Karnataka, leave ensuring law &amp; order for citizens, has resulted in fights among MLAs needing hospitalisation. Dear Voters, pls don’t let this be fate of India in 2019, Vote stable BJP Govt. 🙏",Mon Jan 21 08:57:25 +0000 2019,4626,7032,124,False,0,,New Delhi India,4,0,0,0
1087178871739301889,@narendramodi - How is the Khauff ? - High Sir ! @INCIndia @BJP4India,Mon Jan 21 02:43:36 +0000 2019,2415,841,118,False,0,,India,11,3,0,0
1087046721496961025,@priyankac19 Cut the crap .... Congress croony,Sun Jan 20 17:58:29 +0000 2019,258,1452,15,False,0,,India,8,1,0,0
1086993479215935488,"@ravicha47372787 @brainjal @Savitritvs @SGK19551 @SangoliR @ads7506 @Am_dilip @prasad_perla @chandan27648045 @MODI_FiredHindu @jyotsnavarma9 @yessirtns @faramroze @AdiMadhav @kailashkaushik8 @NiniHala @ThunderIndia93 @Dipesh28783256 @ChakdeIndia11 @Drsunandambal @KashmirSParihar @LD_VillageGuy @JaganNKaushik @dharmvirjangra9 @MajNS18 @praneelraja @colkt @BachaoIndiako @RaghavendraUp16 @vera_anz @gouranga1964 @nparama1951 @Vaidikah @Bangboy54466920 @LillyMaryPinto @Saliltoday @narendramodi @AmitShah @BJP4India @INCIndia @RahulGandhi Dear friend Sorry can't reply Last several hours, discussed MMS, Sonia, Congress Now atleast myself developed fatigue Let MMS. SG &amp; CONGRESS Go to Hell I am fully BJP and devoted man And beyond",Sun Jan 20 14:26:55 +0000 2019,4507,4425,674,False,0,,Mumbai India,2,40,0,0
1086960495829995523,Who will @wesuportmodi4PM @ModiFansClub @badri4BJP @being_Jatak,Sun Jan 20 12:15:51 +0000 2019,3125,14324,5058,False,1,,Muzaffarpur Bihar,13,4,0,0
1086914787802374145,"This is the reality how govt works for India, protect India and make strong India. is busy in doing scams, looting people's money and enjoying / staying in power with freebies.",Sun Jan 20 09:14:13 +0000 2019,272,6412,118,False,0,,भारत ,6,0,0,1
1086861316399128576,RT @DattaVikramjit: मिशन 2019 BJP VS CONGRESS.,Sun Jan 20 05:41:45 +0000 2019,31787,37874,3882,False,3,मिशन 2019 BJP VS CONGRESS.,Hell. ,1,1,0,0
1086837639339073536,Every news paper I read nowadays is predicting a fall of Hon @narendramodi ji but when I put on the news on television I hear “Modi Modi” even at some opposition rallies ! Do you agree ? @BJP4India @smritiirani @Burnol4congress @raji7373,Sun Jan 20 04:07:40 +0000 2019,1237,9021,765,False,5,,Chennai India,1,5,0,0
1086813810369822720,"PM Modi unveils India's first cinema museum, calls films 'silent power' via @timesofindia",Sun Jan 20 02:32:59 +0000 2019,669,1294,224,False,0,,Unknown,11,1,0,1
1086811849327140866,NaMo will win only with our vote: Let's complete voter registration now; Not much time left for us,Sun Jan 20 02:25:11 +0000 2019,669,1294,224,False,0,,Unknown,11,0,0,1
1086707481256939520,@INCIndia this is a wake-up call all the true and genuine nationalist in plz go and watch the movie...Respect @_ManmohanSingh !!! @BJP4India,Sat Jan 19 19:30:28 +0000 2019,436,462,23,False,0,,Unknown,5,3,0,0
1086688366375055360,@SeCoolar_Right @meenakshisharan @prettypadmaja @madskak @sampadscales @devyanidilli @DebashishHiTs @iamAnkita_y @pramodsworld1 @CongressDahan @hindustanse In short 2019 is about Hindu Unity. All Hindus should know that the Christo Islamic Block is going to Vote Blindly for Congress. We should Unite to make sure BJP wins a Thumping Majority.,Sat Jan 19 18:14:30 +0000 2019,4552,3861,271,False,11,,India,5,11,0,0
1086552006578171904,I was almost convinced to overlook @RahulGandhi s inexperience n support .bt cnt support unholy and corrupt alliance. Sorry.,Sat Jan 19 09:12:40 +0000 2019,21,191,135,False,0,,Nashik,4,1,0,0
1086551018412933120,People are paying by vote to Now enjoying by with drawn of Schemes &amp; facility begun by to poor people. will definatly reply in .,Sat Jan 19 09:08:44 +0000 2019,2535,726,41,False,0,,Unknown,8,0,0,1
1086517062787248130,RT @Ramesh_BJP: India was plagued in darkness due to inefficient congress governance. It just took 4.5Yrs for PM @narendram…,Sat Jan 19 06:53:48 +0000 2019,100456,91673,1221,False,32,India was plagued in darkness due to inefficient congress governance. It just took 4.5Yrs for PM @narendramodi to provide electricity to all villages in India.,BHARATH BHUMI⛳ .,1,1,0,0
1086464016782786560,"@INCIndia - We wishes you would have done sumtin, admist of your 10 yr rule with all the scams. Your actions when in power would have made more sense than your words when in opposition!! @bjp",Sat Jan 19 03:23:01 +0000 2019,288,301,88,False,0,,Vaddodara,3,1,0,0
1086347743201681408,@romy1965 @Divyamshu_2010 @sanjaygobind @jyotsnavarma9 @muralydoctrack1 @dilipswatisri @drsdwivedi7 @Rajesh201963 @wetwokrishna @lakshmianand96 @Anju1951Purohit @swetasamadhiya @panditsripathak @SSharmajsr @Latarai5 @JugalKhetan @DrAVSriv @BerretBlack @aksrivastava23 @_ankahi @vprakash68 @Reema_bjp @Reinebow23 @ACuteTroll1 @RaiBahadur13 @KEYESEN2000 In short 2019 is about Hindu Unity. All Hindus should know that the Christo Islamic Block is going to Vote Blindly for Congress. We should Unite to make sure BJP wins a Thumping Majority.,Fri Jan 18 19:41:00 +0000 2019,4552,3861,271,False,5,,India,5,26,0,0
1086344860695617536,@_ankahi In short 2019 is about Hindu Unity. All Hindus should know that the Christo Islamic Block is going to Vote Blindly for Congress. We should Unite to make sure BJP wins a Thumping Majority.,Fri Jan 18 19:29:32 +0000 2019,4552,3861,271,False,0,,India,5,1,0,0
1086344803762110464,@SeCoolar_Right @Satya_tweets__ @DebashishHiTs @jeetensingh @DrGPradhan @deanarayan @NimbuMassala @hindustanse In short 2019 is about Hindu Unity. All Hindus should know that the Christo Islamic Block is going to Vote Blindly for Congress. We should Unite to make sure BJP wins a Thumping Majority.,Fri Jan 18 19:29:19 +0000 2019,4552,3861,271,False,7,,India,5,8,0,0
1086344290685444096,@romy1965 @KINGEHIND @surewrap @jyotsnavarma9 @rainavikas @RajeshK39804978 @Venu__Madhav @Vaidyvoice @Latarai5 @NilotpalMukher6 @Anju1951Purohit @wetwokrishna @AnkushD65021363 @faramroze @Satishc65272573 @JaganNKaushik @Divyamshu_2010 @rajeshk234178 @DharamvirSD @pksrivastava6 @Rajesh201963 @Neerajs01228610 @panditsripathak @SyedMdAbdullah8 @DCSSN @swetasamadhiya @muralydoctrack1 @BerretBlack @deepakjpnp @sanjaygobind @SSharmajsr @prakashSriv @GovilHoshang @aksrivastava23 @irahsinha @muraliks_11 @nishi_nsingh @Ashwita88 @sn_ojha @drsdwivedi7 @DrAVSriv @RohiniShah73 @_ankahi @Reinebow23 @KEYESEN2000 @PopliPromila @sway_hi @suprema_she @jyotsnadevi33 @789_aashey In short 2019 is about Hindu Unity. All Hindus should know that the Christo Islamic Block is going to Vote Blindly for Congress. We should Unite to make sure BJP wins a Thumping Majority.,Fri Jan 18 19:27:16 +0000 2019,4552,3861,271,False,6,,India,5,50,0,0
1086288010302423040,मिशन 2019 BJP VS CONGRESS.,Fri Jan 18 15:43:38 +0000 2019,19658,35005,1692,False,3,,Pune  Maharashtra. India,1,0,0,0
1086287989561532416,"Guess who will be president and PM candidate of , , , , in 2029 ?? Who will be president of in 2020 and PM candidate in 2024 ??",Fri Jan 18 15:43:33 +0000 2019,4310,4051,549,False,0,,Unknown,12,0,0,0
1086271107940835328,@Pradeep_Mahaur @KailashOnline @amitmalviya @SuhasBhagatBJP @ankitasood13 @mahesh10816 @DesaiHarshid @dalipdutta @AB_BJP @Yuva_Bharat1 @ChankyaBihar Congress is the party of insane people it’s the responsibility of voters to kick them in their fat ass while exercising suffrage .,Fri Jan 18 14:36:28 +0000 2019,3228,4612,212,False,1,,Mumbai India,2,11,0,0
1086196805337935873,@HIMESH_SS @mattarhegde @HarishK04131926 @YashpalBJP @BJP4Udupi @BJP4UttarKannad @AmitShah @DheerajGbc @GogoiRanju @Harvansh_Batra @VictoryForNamo @SeediSeediBaat @sagenaradamuni @KotasBJP @narendramodi177 @LillyMaryPinto @narendramodi @sukanyaiyer2 @shitijsrivastav @meenakshisharan @prema66437147 @AmitShahOffice @Meenu_71 @RamsaBJYM @bakoriya_kirti_ @sanghavideepa @pooja303singh @AmitShahFanClub @AmitShah_Club @AmitShahArmy @AmitShahEra @ibhagwa_n @Babble524 @OnlineRajan__ @ParasKGhelani @samar97189157 @PatelOnTop @AjayPandey__ @DebashishHiTs @msunilbishnoi @ankitasood13 @NazlinShaikh @hindustanse @MahiHerambha @DrDishaJasani @lacerci65 @jadonpriyanka @Dubey1Vij @Lotusfeetns Modi ji has transformed India in less than 5 Years which couldn't achieve in 50 years: True Reflection of &amp; .,Fri Jan 18 09:41:13 +0000 2019,23809,36408,4015,False,32,,India,9,48,0,0
1086196419818651648,which was accepted by PM Modiji 5 yrs back has successfully completed in terms of these developments..&amp; from now we have minimum to keep Congress out of the power.,Fri Jan 18 09:39:41 +0000 2019,7056,2399,1120,False,0,,Earth,5,0,0,0
1086162089641762816,Mega rally will be a prelude to BJP’s end... ाओ_देश_बचाओ,Fri Jan 18 07:23:16 +0000 2019,732,9356,2284,False,1,,Unknown,17,0,0,1
1086126262467334144,@faustocloud @AnilJ_Modi19 @AgentCrocus2019 @NaughtyManilal @anupmudgal @swetasamadhiya @Hindu__Warrior @followsanjeev @sanjukta @pb3030 @DwivediSpeaks @kapil73vats @ADubey_ @InvincibleBabu @rose_k01 @NaIna0806 @Ramesh_BJP @nidi_nj @Kamallochanm @CongressDahan @dhirenpurohit @Modified24 @dharmvirjangra9 @SK77872309 @VidudalaPrasad @MuralikrishnaE1 @_ankahi @narendramodi @myogiadityanath @BJP4India @BJP4Maharashtra @rajmahilamorcha @BJP4UP @BJP4Delhi @BJPKarITCell @BJP4Karnataka @BJPMahilaMorcha This is Government Hospital in modi’s Who wants back ?,Fri Jan 18 05:00:54 +0000 2019,525,2372,312,False,7,,Pennsylvania USA,6,37,0,0
1086126099732619264,@faustocloud @AnilJ_Modi19 @AgentCrocus2019 @NaughtyManilal @anupmudgal @swetasamadhiya @Hindu__Warrior @followsanjeev @sanjukta @pb3030 @DwivediSpeaks @kapil73vats @ADubey_ @InvincibleBabu @rose_k01 @NaIna0806 @Ramesh_BJP @nidi_nj @Kamallochanm @CongressDahan @dhirenpurohit @Modified24 @dharmvirjangra9 @SK77872309 @VidudalaPrasad @MuralikrishnaE1 @_ankahi @narendramodi @myogiadityanath @BJP4India @BJP4Maharashtra @rajmahilamorcha @BJP4UP @BJP4Delhi @BJPKarITCell @BJP4Karnataka @BJPMahilaMorcha @AskAnshul @SureshChavhanke @TajinderBagga @AKTKadmin @rajbir2728 @shambhav15 This is Government Hospital in modi’s Who wants back ?,Fri Jan 18 05:00:16 +0000 2019,525,2372,312,False,3,,Pennsylvania USA,6,43,0,0
1086023728306085888,"@PoorChotu @MohitAr32770397 @Jio7Jio @DrGPradhan @RahulGandhi @narendramodi Only Shari'a law lovers &amp; dhimmis eager to see their women as TENT-IN-MOTION would vote islamic congress. For nationalists &amp; Hindus always @BJP4India for civilized and developed Bharat where men, women and even goats are safe. 🚩 🇮🇳",Thu Jan 17 22:13:28 +0000 2019,919,6313,15,False,0,,In a Grain of This Universe,2,7,0,0
1085972323037937664,@ianuragthakur Why even then? The next term should make a . End of story. @narendramodi @BJP4India,Thu Jan 17 18:49:12 +0000 2019,13173,24419,970,False,1,, India-Canada,11,3,0,0
1085971215364190208,@Aabhas24 @mini_707070 @SeCoolar_Right @meenakshisharan @kavita_tewari @ssingapuri @DrGPradhan @CongressDahan @LaliGanguli @prettypadmaja @vanitajain21 @VandanaJayrajan @narendramodi @BJP4India @amitmalviya @hindustanse @Sanju_Verma_ @athavale_abhi @barotchetan99 @biswajitroy2009 @shakkuiyer @RKpanday1977 @_NAN_DINI @azad_nishant I nominate all the patriots and those who care for the country and the Armed Forces!,Thu Jan 17 18:44:48 +0000 2019,210897,454306,4354,False,5,,भारत,2,24,0,0
1085958166683308032,"@ASJBaloch @ConfessionsExMu This is straight message to even political parties like , who claim they work for and their .",Thu Jan 17 17:52:57 +0000 2019,5283,49475,463,False,0,,Unknown,15,2,0,0
1085950313213788160,@AnthonySald @TajinderBagga @rajanandbjp @AmitShah @narendramodi @NupurSharmaBJP @poonam_mahajan @Ra_THORe @vijai63 @smritiirani @ianuragthakur @nsitharaman Are you missing dirty corrupt polluted smelling stinking India of Congress era ? yuva,Thu Jan 17 17:21:45 +0000 2019,16388,7854,72,False,0,,Unknown,10,12,0,0
1085949929342652416,@careandh @TajinderBagga @AmitShah @narendramodi @NupurSharmaBJP @poonam_mahajan @Ra_THORe @vijai63 @smritiirani @ianuragthakur @nsitharaman Are you missing dirty corrupt polluted smelling stinking India of Congress era ? yuva,Thu Jan 17 17:20:13 +0000 2019,16388,7854,72,False,0,,Unknown,10,11,0,0
1085882322237370371,@DaharwalK @BJP4India Are you missing dirty corrupt polluted smelling stinking India of Congress era ? yuva,Thu Jan 17 12:51:34 +0000 2019,16388,7854,72,False,0,,Unknown,10,2,0,0
1085879781336453120,"Literally! THINK BEFORE YOU ACT... So , COME ON! For The Second Time , let's give @narendramodi @BJP4India @AmitShah What they need , YOU KNOW VERY WELL.... @BJP4India 🇮🇳🇮🇳🇮🇳🇮🇳🇮🇳",Thu Jan 17 12:41:29 +0000 2019,73,70,11,False,4,,Varanasi India,6,4,0,0
1085827103864479744,"@RatanSharda55 @SwarajyaMag 1. eliminated 2. Corrupt booked 3. forces made irrelevant 4. jobless 5. on the top &amp; nearing a Fir bhi, @narendramodi ne kya kiya? @BJP4India",Thu Jan 17 09:12:09 +0000 2019,13173,24419,970,False,12,, India-Canada,12,4,0,0
1085825056150818817,You gotta feel bad for @INCIndia @RahulGandhi @KapilSibal @kanhaiyakumar @truevirathindu @padpadshahi @ani30oct @parshuram_son,Thu Jan 17 09:04:01 +0000 2019,492,546,222,False,1,,Unknown,11,8,0,0
1085705288072581122,"@FranceinIndia @NH_India totally forget the country, they just need the chair of PM cause, they already used their all money. They need more money and for this they need PM chair. @BJP4India",Thu Jan 17 01:08:06 +0000 2019,361,450,8,False,0,,Unknown,2,3,0,0
1085700574752923648,Great Initiative Towards Termination of Misuses of Laws By ...!!! @Swamy39 @DrGPradhan @ippatel @mvmeet @BJP4India @V4Modi,Thu Jan 17 00:49:23 +0000 2019,10178,14290,366,False,0,,Spectral Extant,11,6,0,1
1085693090499747840,@DrGPradhan @tiwa_ro So heart touching! @BJP4India @ShivSena ाओ_देश_बचाओ ौकीदार_ही_चोर_है @INCIndia @RahulGandhi : don’t elect the Govt which supports tukde Tudke gang!,Thu Jan 17 00:19:38 +0000 2019,3081,6944,90,False,0,,Gujarat India,10,6,0,0
1085578325467242496,BJP needs to be smart about predicting the next moves of Congress and not play the waiting game.,Wed Jan 16 16:43:36 +0000 2019,645,689,15,False,0,,Unknown,3,0,0,0
1085553279839465472,@MallikarjunINC of declares that @INCIndia has no problems with or @BJP4India but they have problems with the SANATAN DHARMA,Wed Jan 16 15:04:05 +0000 2019,8937,6768,64,False,0,,Lucknow India,6,3,0,0
1085544892493754368,Singapore's low-cost airline Scoot to expand service in India - Economic Times,Wed Jan 16 14:30:45 +0000 2019,669,1294,224,False,0,,Unknown,11,0,0,1
1085518376229834759,Banning @PUBG and electing @PMOIndia are the two stupid moves we may witness in,Wed Jan 16 12:45:23 +0000 2019,944,224,791,False,1,,Bhayander West Thane,10,2,0,0
1085508860041969664,"@RahulGandhi These are most popular ""Hashtags "" Voter mood is self explanatory 🚩🚩🚩",Wed Jan 16 12:07:34 +0000 2019,3759,8619,1854,False,1,,NCR India,14,1,0,0
1085508542826725376,"@rssurjewala These are most popular ""Hashtags "" Voter mood is self explanatory 🚩🚩🚩",Wed Jan 16 12:06:19 +0000 2019,3759,8619,1854,False,0,,NCR India,14,1,0,0
1085468836667641858,@jyotsnavarma9 @romy1965 @Divyamshu_2010 @SK77872309 @suprema_she @aditya2585 @v2l2b2 @AkshayVandure1 @KamathVignesh93 @girishalva @sukanyaiyer2 @prashantladhwa @LillyMaryPinto @kvQuote @MadhukumarVP1 @ShruthiL1 @Rajshakunthala @rajsprabhu @PrabhuNiveditha @shivuvgowda @satheesh_ds @bhanuachr55 @INU612 @bsrao_mysore @OKarthik82 @raji7373 @followaanchal @RakeshJingade @Jayashree_Ravis @vinayknl61 @Saru81589968 @subodh1945 @SaaranshAwasthi @vinish_ind @indspirit @Agnives99385144 @AnilJ_Modi19 @VandanaJayrajan @saffronwarior @Rajendr76194898 @sanjaygobind @Rajesh201963 @GourabMondalSun @_ankahi @DrAVSriv @Anju1951Purohit @dharmvirjangra9 @meenakshisharan @kailashkaushik8 Since 1971 I am voter and always voted earlier Jan Sangh and merged entity Janta Party 1978 and thereafter BJP Never voted any other party including Congress And beyond,Wed Jan 16 09:28:32 +0000 2019,4507,4425,674,False,3,,Mumbai India,1,49,0,0
1085398176553750530,"@DrAVSriv @Sapna_3 @SushmaAnand89 @devyanidilli @cpraghav We are registered voters. I've always voted @BJP4India &amp; happily this year 2 ""kattar congressis"" have turned around to support ,thanks in part to my efforts of educating them on Modiji's work &amp; how harmful INC's been &amp; will be for India..but largely due to Pappu!😂",Wed Jan 16 04:47:45 +0000 2019,26630,27973,1274,False,3,,Gujarat India,1,6,0,0
1085243406815772674,"RT @narmo2019: .@sardesairajdeep heard your assessment of UP with @anjanaomkashyap , @BJP4India will get loose 30 seats and 40 if congress…",Tue Jan 15 18:32:45 +0000 2019,10450,55970,280,False,1,".@sardesairajdeep heard your assessment of UP with @anjanaomkashyap , @BJP4India will get loose 30 seats and 40 if congress joins Taghbandhan ! Will u be leave journalism and remove colored 👓, if @myogiadityanath and gets more than 60 seats.",Maharashtra India,0,4,0,0
1088113102779047937,"I am not sure if Indian democracy is in danger... but yes certainly, Congress party democracy is. Amit Shah may not be sure of his continuation as BJP chief after the , but Rahul and Priyanka will surely continue...",Wed Jan 23 16:35:54 +0000 2019,912,2253,74,False,0,,india,3,0,0,0
1087950908871360514,Congress blames BJP for unfair competition,Wed Jan 23 05:51:24 +0000 2019,76,3969,5702,False,0,,India,9,0,0,1
1087644253927264256,BJP calls EVM row Congress sponsored,Tue Jan 22 09:32:52 +0000 2019,76,3969,5702,False,0,,India,9,0,0,1
1087612894810857472,Former BJP minister and ex-MLA join Congress,Tue Jan 22 07:28:15 +0000 2019,76,3969,5702,False,0,,India,9,0,0,1
1087584208808116225,"Congress, opposition doing negative politics over EVMs sensing defeat in 2019 elections: BJP",Tue Jan 22 05:34:16 +0000 2019,76,3969,5702,False,0,,India,10,0,0,1
1087402361474174976,How can BJP hack EVMs in 2014 when Congress was in power during elections ? another strategy of congress using foreign Links to malign @BJP4India image but people knows everything and will give @INCIndia a befitting reply in,Mon Jan 21 17:31:40 +0000 2019,11732,7389,680,False,0,,New Delhi India,2,2,0,0
1087365808425062401,RT @churumuri: 180-200 for Congress and allies; 160-175 for BJP and allies; 160-180 for all the rest: @DeccanHerald uses an old school jour…,Mon Jan 21 15:06:25 +0000 2019,940,808,453,False,32,"180-200 for Congress and allies; 160-175 for BJP and allies; 160-180 for all the rest: @DeccanHerald uses an old school journalism device—correspondents’ analyses—to look into the crystal ball for 2019 . In UP, it predicts 20-22 for BJP; 52 for SP-BSP-RLD.",Shillong Meghalaya India,0,2,0,0
1086875600915058688,"180-200 for Congress and allies; 160-175 for BJP and allies; 160-180 for all the rest: @DeccanHerald uses an old school journalism device—correspondents’ analyses—to look into the crystal ball for 2019 . In UP, it predicts 20-22 for BJP; 52 for SP-BSP-RLD.",Sun Jan 20 06:38:31 +0000 2019,0,11177,49736,False,32,,Unknown,1,1,0,0
1085754328915177472,"RT @electionstation: BJP's bid to topple Karnataka government fails, says Congress Minister @INCIndia @DrParameshwara …",Thu Jan 17 04:22:59 +0000 2019,18,35754,441,False,1,"BJP's bid to topple Karnataka government fails, says Congress Minister @INCIndia @DrParameshwara",London,1,3,0,0
1085753054496907266,"BJP's bid to topple Karnataka government fails, says Congress Minister @INCIndia @DrParameshwara",Thu Jan 17 04:17:55 +0000 2019,76,3969,5702,False,1,,India,9,2,0,1
1085447390088245250,"BJP denies 'game' in Karnataka, says problem within Congress @BJP4Karnataka @BJP4India @hd_kumaraswamy",Wed Jan 16 08:03:19 +0000 2019,76,3969,5702,False,0,,India,9,3,0,1
