,Date,Tweet,User,Location
0,2020-11-08 23:55:41,"@venzq @Swamy39 @GeneralBakshi God only knows what #Modi #Amit #PMO are doing, everyone saw what happened in Bihar Exit polls.",AmplifiedSakshi,India
1,2020-11-08 20:47:51,RT @aksrt: Like #SushantMurder #DishaMurder #BollywoodDrugScandal etc..when there's no political benefit @narendramodi preferably doesn't t…,akshatkvs,भारत
2,2020-11-08 20:46:43,RT @aksrt: Like #SushantMurder #DishaMurder #BollywoodDrugScandal etc..when there's no political benefit @narendramodi preferably doesn't t…,VijayJh24299541,India
3,2020-11-08 20:45:28,RT @aksrt: Like #SushantMurder #DishaMurder #BollywoodDrugScandal etc..when there's no political benefit @narendramodi preferably doesn't t…,jha_01994,"New Delhi, India"
4,2020-11-08 20:44:19,RT @aksrt: Like #SushantMurder #DishaMurder #BollywoodDrugScandal etc..when there's no political benefit @narendramodi preferably doesn't t…,girdharijha4,India
5,2020-11-08 20:32:20,Like #SushantMurder #DishaMurder #BollywoodDrugScandal etc..when there's no political benefit @narendramodi prefera… https://t.co/dw5gHKfUQl,aksrt,COSMOS
6,2020-11-08 19:06:17,"Now that #BiharElections2020 
r nearing end 
State Govts nd #modi Govt Shld start Head n toes with all d efforts fr… https://t.co/EWKZITy9Yk",dassnikhil,
7,2020-11-08 18:44:54,RT @DrNimrata_: The most underrated Chronology of the decade .... #9November #BabriMasjid #RamMandir #BabriMasjidDemolition #India #Muslim…,Shahnawaz_Jhr,"Giridih,Jharkhand- India"
8,2020-11-08 18:39:22,RT @DrNimrata_: The most underrated Chronology of the decade .... #9November #BabriMasjid #RamMandir #BabriMasjidDemolition #India #Muslim…,adityaojha075,"Bahraich, India"
9,2020-11-08 18:03:44,RT @DrNimrata_: The most underrated Chronology of the decade .... #9November #BabriMasjid #RamMandir #BabriMasjidDemolition #India #Muslim…,Xperian_,India
10,2020-11-08 18:02:07,RT @DrNimrata_: The most underrated Chronology of the decade .... #9November #BabriMasjid #RamMandir #BabriMasjidDemolition #India #Muslim…,ajaydaniel007,"New Delhi, India"
11,2020-11-08 17:54:56,RT @DrNimrata_: The most underrated Chronology of the decade .... #9November #BabriMasjid #RamMandir #BabriMasjidDemolition #India #Muslim…,ashfaq_joiyaINC,
12,2020-11-08 17:54:38,RT @DrNimrata_: The most underrated Chronology of the decade .... #9November #BabriMasjid #RamMandir #BabriMasjidDemolition #India #Muslim…,Manav_SS_Gupta,"Jammu, Jammu And Kashmir"
13,2020-11-08 17:53:24,RT @DrNimrata_: The most underrated Chronology of the decade .... #9November #BabriMasjid #RamMandir #BabriMasjidDemolition #India #Muslim…,jamilhussan_a,"Kerala, India"
14,2020-11-08 17:05:02,RT @DrNimrata_: The most underrated Chronology of the decade .... #9November #BabriMasjid #RamMandir #BabriMasjidDemolition #India #Muslim…,Thakurrsjamwal2,Jammu ! Delhi !
15,2020-11-08 16:57:05,The most underrated Chronology of the decade .... #9November #BabriMasjid #RamMandir #BabriMasjidDemolition #India… https://t.co/9t1KmLMqVk,DrNimrata_,
16,2020-11-08 15:37:46,@jalajboy @MaithilAnup @AdityaJhamohan Credit entirely to #Modi ji &amp; #NitishKumar Govt. not only for… https://t.co/tUEa9IczHA,Master8145,Kentucky United States
17,2020-11-08 14:50:17,RT @ArunDeshpande20: @RiseHinduAwake @athavale_abhi @mini_razdan10 People will support Modi till he protects the interest of #CommonMan lik…,HTetey,ब्रम्हांडवासी
18,2020-11-08 14:45:10,RT @ArunDeshpande20: @RiseHinduAwake @athavale_abhi @mini_razdan10 People will support Modi till he protects the interest of #CommonMan lik…,athavale_abhi,Planet Earth
19,2020-11-08 14:38:22,@RiseHinduAwake @athavale_abhi @mini_razdan10 People will support Modi till he protects the interest of #CommonMan… https://t.co/Wk47DWlXdY,ArunDeshpande20,Bharat
20,2020-11-08 07:17:10,"Though I had predicted people's mood #MGB TSUNAMI_SWEEPS_BIHAR 
#Modi was not a factor 
- confirms poll survey… https://t.co/IuQvKTswmJ",MadhukantShukl,
21,2020-11-08 06:46:07,"https://t.co/X4qJOz1mBX

See like share and share

#ArnabGoswami 
#USAelection2020 
#BlackDay 
#SundayThoughts… https://t.co/AModxX5GjZ",Donald_TrampUSA,
22,2020-11-08 06:16:09,"#Modi ji ka ""Ab Ki Baar, Trump Sarkar"" ka sapna tut gaya.

Huge #Investment wasted of a #Gujarati (#NarendraModi) i… https://t.co/Z0oHTQ1LqN",sanjeev_ohri,"New Delhi, India"
23,2020-11-08 05:10:58,#Congress must learn from #TejaswiYadav. He has fought the election in Bihar by changing narrative to economic issu… https://t.co/zZXmnZeyml,jguptallb,"New Delhi, India"
24,2020-11-08 03:42:23,So @narendramodi 's Bestie @realDonaldTrump Has Been Put In The Garbage By American People. #Modi Awaits The Same I… https://t.co/T6Y8Wo3toO,pkpj,India
25,2020-11-08 00:08:51,RT @abhi080893: WE live in a democracy. U are not supposed to like @republic or @ndtv . You should excercise your power to criticize anyine…,mistbag,"Cuttack, India"
26,2020-11-08 00:07:17,WE live in a democracy. U are not supposed to like @republic or @ndtv . You should excercise your power to criticiz… https://t.co/CcybxJTvFi,abhi080893,"Indiana, USA"
27,2020-11-07 22:59:37,RT @dashingassu: Good friend of #NarendraModi #HowdyModi Trump lost th battle...#Modi didnt congratulate so far2 #BiddenHarris shows hs pai…,dashingassu,"Mumbai,New Delhi,India"
28,2020-11-07 20:57:14,after #bihar drubbing why #modi needs a revisit https://t.co/NaAyLJiddi,naashonomics,San Jose
29,2020-11-07 20:48:10,"#chiragpaswan was right #modi knew #NitishKumar was liability, people dump bags not carry them that's politics… https://t.co/R3cGX0177E",naashonomics,San Jose
30,2020-11-07 19:53:15,"Back to #Bihar #NDA and #Modi is losing there!!!! 
Is it now Modi's turn after Trump????
#BiharExitPoll 
#BiharPolls",LaVesh_12,
31,2020-11-07 19:53:05,"RT @tamu20: #Poll Time

Who will finally win #BiharElections ?

#BiharWithNDA #Bihar #BiharElections2020 #BiharExitPoll #BiharRejectsNDA #B…",tamu20,India
32,2020-11-07 19:32:35,Good friend of #NarendraModi #HowdyModi Trump lost th battle...#Modi didnt congratulate so far2 #BiddenHarris shows… https://t.co/55XN7E03Nl,dashingassu,"Mumbai,New Delhi,India"
33,2020-11-07 19:10:46,anti establishment  wave is global #modi set to lose #bihar Polls predict a clear win for Mahagathbandhan; Will Tej… https://t.co/cIYCURO9F7,naashonomics,San Jose
34,2020-11-07 18:59:27,If #Modi loses in the #BiharElection2020 it will truly be due to the revenge of the migrant labourers and poor of… https://t.co/w25Mo7z6tI,TWEEP_CITY,
35,2020-11-07 18:14:51,"#Modi ji
Namaste Trump and Abki Baar Trump Sarkaar Out
Lost Bihar Election
Close Frnd Arnab denied Bail and in Jail",gauravmsm,India
36,2020-11-07 18:10:36,"@BJP4India i am preparing a road map for u,if u still want to win 2024 LSE.

Students
Job Vacancies.

Fail these...… https://t.co/8513qeGXfv",abhi080893,"Indiana, USA"
37,2020-11-07 16:51:01,"@AnumaVidisha #BJP hopeful of victory banking on #modi not on #Nitishkumar, showing shameless arrogance where they… https://t.co/UHjYsgH9nf",joydeepghosh,"Hyderabad, Andhra Pradesh"
38,2020-11-07 16:44:19,"This is a big sign for #BJP their days are ended,firstly their spokesperson got arrested, #trump the #Modi friend h… https://t.co/fdJ0s3izfi",zonerehan,
39,2020-11-07 16:17:04,"#Bihar rejects #Modi.  Other states to follow suit. #BJP_भगाओ_देश_बचाओ
#exitpoll #BiharElections #BiharExitPoll 
#BengalAsksAmitShah",Prasad17431090,"Vijayapuri, India"
40,2020-11-07 15:45:16,"Politics of fascism &amp; division lost in #Bihar . 
#Modi #Bjp loses but #India surely wins .
#BiharExitPolls 
#BiharElection2020",fakeer2014_ka,
41,2020-11-07 15:20:09,BJP getting Karma back for not delivering timely justice . #Bihar #Modi https://t.co/wtm9FUbweu,whatrishisaid,India
42,2020-11-07 15:19:26,"In 2015 #BiharElections, #Modi campaigned against #NitishKumar saying that There was no development in #Bihar.

Lat… https://t.co/fJpcthRvkF",rishu_1809,"Jammu, J&K"
43,2020-11-07 15:17:20,"RT @AsiaElects: India (Bihar), CVoter/Times now exit poll:

Regional Parliamentary elections 

Seat Projections

MGB (Centre-left): 120
NDA…",Gilbarad,
44,2020-11-07 14:22:54,@CNNnews18 @Pawankhera @AnchorAnandN @maryashakil @Zakka_Jacob And #Bihar has rejected #Modi,JamesTaneti,"Richmond, VA"
45,2020-11-07 14:18:06,"Looks like arrogance of #BJP &amp; asking Votes on name of #Modi in State Elections Failed again.

Ignore state issues… https://t.co/LAFXJesazm",rishu_1809,"Jammu, J&K"
46,2020-11-07 13:43:29,@htTweets USA going the Bihar way. Visibly Friendship has rubbed of between #trump n #Modi,milind_shahs,
47,2020-11-07 13:41:10,"Lotus left Bihar and settling down in Washington.
#BJP #RJD #INC #LJP #CPI  ( ML) #kamala harris #meena harris… https://t.co/sqt4X9lL5Q",iitian,"Ahmadabad City, India"
48,2020-11-07 13:17:14,"RT @AsiaElects: India (Bihar), CVoter/Times now exit poll:

Regional Parliamentary elections 

Seat Projections

MGB (Centre-left): 120
NDA…",ukrgenius25,"Kyiv, Ukraine "
49,2020-11-07 13:16:46,"RT @AsiaElects: India (Bihar), CVoter/Times now exit poll:

Regional Parliamentary elections 

Seat Projections

MGB (Centre-left): 120
NDA…",charliemansell,London
50,2020-11-07 13:16:35,"India (Bihar), CVoter/Times now exit poll:

Regional Parliamentary elections 

Seat Projections

MGB (Centre-left):… https://t.co/d9ZZnbpwJi",AsiaElects,
51,2020-11-07 13:13:37,RT @BASU070862: @INCIndia @DrJayanThiyagu Dont leave #BJPFails #Bihar scripting just local govt failure no use. #Modi name should be dragge…,DrJayanThiyagu,Srirangam
52,2020-11-07 12:30:30,"What #Bihar does today, the whole country will do tomorrow.

Bihar is indisputable political trendsetter. 

#Modi h… https://t.co/IzSi0kUkEm",vivekuksood,New Delhi
53,2020-11-07 12:27:52,@INCIndia @DrJayanThiyagu Dont leave #BJPFails #Bihar scripting just local govt failure no use. #Modi name should b… https://t.co/7r8bXee3qj,BASU070862,
54,2020-11-07 11:53:36,"#Poll Time

Who will finally win #BiharElections ?

#BiharWithNDA #Bihar #BiharElections2020 #BiharExitPoll… https://t.co/SO5dB1yire",tamu20,India
55,2020-11-07 05:17:59,"RT @NasirMerra: #Bihar votes today, let's pray every bihari remembers all the false promises &amp; the way migrants were left on roads to die b…",shaikhsahab143,"Mumbai, Maharashtra"
56,2020-11-07 05:03:52,"#Bihar votes today, let's pray every bihari remembers all the false promises &amp; the way migrants were left on roads… https://t.co/PqXn51zRNN",NasirMerra,India
57,2020-11-06 16:31:19,"RT @EconomicTimes: #CPI MP Binoy Viswam has accused the #ElectionCommission of ""obfuscating their mandate"" by not responding to his letter…",VPanchamukhi,"Bengaluru, India"
58,2020-11-06 16:30:28,"#CPI MP Binoy Viswam has accused the #ElectionCommission of ""obfuscating their mandate"" by not responding to his le… https://t.co/mL26X1fPJb",EconomicTimes,
59,2020-11-06 15:53:22,"RT @DrNimrata_: Shri #Modi Ji with his blue-eyed....
@srivatsayb 
#BJP #Gujarati #AmitShah #ArnavGoswami #Bihar #BiharPolls #BiharElections…",jamilhussan_a,"Kerala, India"
60,2020-11-06 15:15:45,"Shri #Modi Ji with his blue-eyed....
@srivatsayb 
#BJP #Gujarati #AmitShah #ArnavGoswami #Bihar #BiharPolls… https://t.co/y9y95ZuOWw",DrNimrata_,
61,2020-11-06 15:14:40,"RT @rockramunl89: #Modi is just a #Illusionary man,
Not a #Visionary man..!

#BiharElections2020
#BiharElections
#Bihar
#BengalAsksAmitShah…",SahilKh47659621,
62,2020-11-06 15:08:16,"RT @rockramunl89: #Modi is just a #Illusionary man,
Not a #Visionary man..!

#BiharElections2020
#BiharElections
#Bihar
#BengalAsksAmitShah…",mm404228,"Kolkata, India"
63,2020-11-06 14:52:36,"#Modi is just a #Illusionary man,
Not a #Visionary man..!

#BiharElections2020
#BiharElections
#Bihar… https://t.co/4Fz1ZO1RHY",rockramunl89,BangAlore
64,2020-11-06 10:35:06,"Recent State elections where #Modi campaigned and results.
1.Chattisgad - BJP lost
2.Maharashtra - BJP lost
3. MP -… https://t.co/n7xrcKC8si",MangoManBR,
65,2020-11-06 08:46:57,"Who Will Win Bihar ?

#Bihar #BiharElections #BiharElections2020 #biharopinionpoll #biharexitpolls #Katihar #EVM… https://t.co/jhQwKI5sxt",PotterAditya,"Katihar, India"
66,2020-11-06 07:38:32,See this above video of Bihar ongoing election and how #Democracy is assassinated by #Modi through #EVM manipulatio… https://t.co/HNChbps0tW,IamAnnaShetty,India
67,2020-11-06 07:01:04,"@RositaChaddah When both are killers , options will be with the killed to go to get killed by the party they choose… https://t.co/Ix9frwMpMi",samar4plant,India
68,2020-11-06 05:39:36,"Well written article, proving that #Modi is not PM but Ambani's PA.
#Punjab #Farmers
https://t.co/9xeLkn7uya",KaramLamba,Karam Khand
69,2020-11-06 03:42:17,"#NaMoEraAgeOfIdeas
#WhatAnIdea #Modi has put the #pants on #ChaddiGang #RSS

#ArnabGoswami the #Killer… https://t.co/UWIcslyJg2",pramodbora,"2020, Modi's India☠️💀🤕😷🤧"
70,2020-11-06 03:01:47,"RT @ABPNews: #BiharElections2020: #Trump Couldn't Handle #Covid Situation, PM #Modi Saved India: JP #Nadda In Darbhanga Rally
https://t.co/…",Raghura82791716,
71,2020-11-06 02:58:18,"#BiharElections2020: #Trump Couldn't Handle #Covid Situation, PM #Modi Saved India: JP #Nadda In Darbhanga Rally
https://t.co/sD9aSGbLqh",ABPNews,India
72,2020-11-05 20:10:00,"howdy....oh forget it.. #trump vs #modi now  #coronavirus :) 

NDTV (@ndtv) Tweeted:
Trump Couldn't Handle Covid Pr… https://t.co/c1NRAY1RXx",mahmood_saberi,bengaluru via dubai & toronto
73,2020-11-05 18:55:26,"Need #Nitish govt for #Bihar growth, #Modi tells voters  https://t.co/r6Gs8zNE4g",GulfTimes_QATAR,Al Hilal - C Ring Road
74,2020-11-05 17:47:11,America has done it now it's India that needs to get rid of it's fools.. #ElectionResults2020 #Election2020… https://t.co/JrAMgY42PS,tuscorian,Delhi
75,2020-11-05 16:22:34,"RT @EconomicTimes: #BiharPolls | PM #Modi on Wednesday said only the NDA can provide security, employment and new opportunities of self-emp…",anshumanscribe,New Delhi
76,2020-11-05 14:54:15,"PM Modi’s timely decision saved nation with 130-crore people from COVID-19: JP Nadda

#PMModi #Modi #NarendraModi… https://t.co/GT4v1OcYxL",IndiaAheadNews,India
77,2020-11-05 14:08:35,@DEBKANCHAN @scroll_in Let him stay in #Bihar...his chances of joining #Modi Cabinet has all but vanished with… https://t.co/mL7jjwSoxj,ranajig,"New Delhi, India"
78,2020-11-05 13:50:23,"Asserting that #reforms are impossible in an environment of mismanagement and anarchy, PM #Modi on Thursday said he… https://t.co/Put1RPGXqu",EconomicTimes,
79,2020-11-05 13:18:59,Bihar polls: Nadda contrasts Modi with Trump on Covid response #Bihar #Nadda #Modi #Covid19 https://t.co/JMLUxVUzQv,thehawk,India
80,2020-11-05 13:16:52,"Nadda In Bihar: Modiji Saved India, Trump Was Unable To Handle Covid-19

https://t.co/TU5SP4VOWJ… https://t.co/FW7cMNKgn5",TheHinduTimes01,
81,2020-11-05 13:15:58,"RT @IndiaAheadNews: Need Nitish Kumar govt back in Bihar for development: PM Modi in his open letter

#NarendraModi #PMModi #Modi @narendra…",HinduNatl,India
82,2020-11-05 13:12:53,"Need Nitish Kumar govt back in Bihar for development: PM Modi in his open letter

#NarendraModi #PMModi #Modi… https://t.co/yapklsJTIE",IndiaAheadNews,India
83,2020-11-05 12:32:56,RT @EconomicTimes: #BiharElections: PM #Modi urges people to repose faith in #NDA for development of state | Track #BiharElections2020 here…,Radheshyam773,
84,2020-11-05 12:29:51,#BiharElections: PM #Modi urges people to repose faith in #NDA for development of state | Track #BiharElections2020… https://t.co/zmfNN4cdCP,EconomicTimes,
85,2020-11-05 12:20:55,Bihar Chief Minister Nitish Kumar on Thursday announced his SANYAS and said that this was going to be his last elec… https://t.co/BMmi99b5Yh,NewsMantraa,India
86,2020-11-05 11:38:58,@ShahnawazBJP @narendramodi First check with #Modi did he honour of his Rs.1.25L crore package announced in last… https://t.co/NJa8RimXJF,KalyanJYakaiah,
87,2020-11-05 11:34:14,"@ShahnawazBJP @narendramodi #modigovernment made Lakhs of #Bihar migrants to walk on Roads, die on tracks, kept the… https://t.co/mmg1zG9gDJ",KalyanJYakaiah,
88,2020-11-05 10:19:09,"RT @Omfulse: 👉💸 Today's positions 💯👈
Profit :- 22k (ROI: 1.89%)

#nifty #nse #bse #banknifty #options #optionstrading #upstox #zerodha #zer…",bhurtya,"Pune, Maharashtra, India"
89,2020-11-05 10:18:33,"👉💸 Today's positions 💯👈
Profit :- 22k (ROI: 1.89%)

#nifty #nse #bse #banknifty #options #optionstrading #upstox… https://t.co/9F79lXFJIk",Omfulse,"Pune, India"
90,2020-11-05 10:14:57,"#Modi is a strong spokesman, but @BJP4India is a weak party. The killings of bjp supporters all around the country,… https://t.co/J9pHgtHJ3g",abhi080893,"Indiana, USA"
91,2020-11-05 06:51:44,"RT @the_hindu: #RahulGandhi attacks #Modi, Nitish over job, migrant crisis; praises Sharad Yadav
https://t.co/dCW6URqJA9",ninaneapen,
92,2020-11-05 05:04:28,New version of #Hitler #modi #ch*** #evmhack in bihar elaction https://t.co/wdCIMEgcHG,nafiskhan4325,delhi
93,2020-11-05 04:49:46,"Is #Modi losing #Bihar?
After #Trump losing #America?",foolsmanual,India
94,2020-11-05 04:48:50,"@the_hindu PM #Modi acknowledges wht hs bn lacking:

- Rule of law,
- Welfare for the poor,
- Opportunities for you… https://t.co/OzKJB3VVl8",Vatsanjeev,India
95,2020-11-04 22:30:13,"PM #Modi  said the goal for “Atmanirbhar Bihar” was to provide rule of law, welfare for the poor, opportunities for… https://t.co/xlwIsD60We",the_hindu,"Chennai, India"
96,2020-11-04 17:33:43,"RT @the_hindu: PM #Modi  said the goal for “Atmanirbhar Bihar” was to provide rule of law, welfare for the poor, opportunities for youth, a…",HappaNarinder,"Jammu,J&K (India)"
97,2020-11-04 17:00:19,"PM #Modi  said the goal for “Atmanirbhar Bihar” was to provide rule of law, welfare for the poor, opportunities for… https://t.co/O3Gu4mI4MB",the_hindu,"Chennai, India"
98,2020-11-04 14:56:28,"RT @the_hindu: #RahulGandhi attacks #Modi, Nitish over job, migrant crisis; praises Sharad Yadav
https://t.co/dCW6URqJA9",nisar1420,
99,2020-11-04 14:55:02,"RT @the_hindu: #RahulGandhi attacks #Modi, Nitish over job, migrant crisis; praises Sharad Yadav
https://t.co/dCW6URqJA9",Adeeb410,"New Delhi, India"
100,2020-11-04 14:50:13,"RT @the_hindu: #RahulGandhi attacks #Modi, Nitish over job, migrant crisis; praises Sharad Yadav
https://t.co/dCW6URqJA9",NedunseliianSt,"Chennai, India"
101,2020-11-04 14:34:11,"RT @the_hindu: #RahulGandhi attacks #Modi, Nitish over job, migrant crisis; praises Sharad Yadav
https://t.co/dCW6URqJA9",reachxdias,Ranchi Jharkhand
102,2020-11-04 14:26:38,"RT @the_hindu: #RahulGandhi attacks #Modi, Nitish over job, migrant crisis; praises Sharad Yadav
https://t.co/dCW6URqJA9",Sameera24661730,
103,2020-11-04 14:26:01,"RT @the_hindu: #RahulGandhi attacks #Modi, Nitish over job, migrant crisis; praises Sharad Yadav
https://t.co/dCW6URqJA9",JMJjosephxavier,"Tamil Nadu, India"
104,2020-11-04 14:25:10,"RT @the_hindu: #RahulGandhi attacks #Modi, Nitish over job, migrant crisis; praises Sharad Yadav
https://t.co/dCW6URqJA9",Mahfooz49988150,HYD
105,2020-11-04 14:22:19,"RT @the_hindu: #RahulGandhi attacks #Modi, Nitish over job, migrant crisis; praises Sharad Yadav
https://t.co/dCW6URqJA9",EBC_army,"New Delhi, India"
106,2020-11-04 14:21:51,"RT @the_hindu: #RahulGandhi attacks #Modi, Nitish over job, migrant crisis; praises Sharad Yadav
https://t.co/dCW6URqJA9",RajatKa68823767,"Uttar Pradesh, India"
107,2020-11-04 14:21:13,"RT @the_hindu: #RahulGandhi attacks #Modi, Nitish over job, migrant crisis; praises Sharad Yadav
https://t.co/dCW6URqJA9",badsha_mukherji,India
108,2020-11-04 14:21:06,"RT @the_hindu: #RahulGandhi attacks #Modi, Nitish over job, migrant crisis; praises Sharad Yadav
https://t.co/dCW6URqJA9",coolestabhi14,INDIA
109,2020-11-04 14:21:03,"RT @the_hindu: #RahulGandhi attacks #Modi, Nitish over job, migrant crisis; praises Sharad Yadav
https://t.co/dCW6URqJA9",KhalidA53469445,
110,2020-11-04 14:20:29,"RT @the_hindu: #RahulGandhi attacks #Modi, Nitish over job, migrant crisis; praises Sharad Yadav
https://t.co/dCW6URqJA9",kumarra92772919,
111,2020-11-04 14:20:19,"RT @the_hindu: #RahulGandhi attacks #Modi, Nitish over job, migrant crisis; praises Sharad Yadav
https://t.co/dCW6URqJA9",PronitOfficial,"Kolkata, India"
112,2020-11-04 14:20:17,"RT @the_hindu: #RahulGandhi attacks #Modi, Nitish over job, migrant crisis; praises Sharad Yadav
https://t.co/dCW6URqJA9",OJainul,
113,2020-11-04 14:20:06,"#RahulGandhi attacks #Modi, Nitish over job, migrant crisis; praises Sharad Yadav
https://t.co/dCW6URqJA9",the_hindu,"Chennai, India"
114,2020-11-04 14:10:11,"RT @DrNimrata_: Last 6 years #ReportCard of #Modi sarkar.... ✊🇮🇳✊
@srivatsayb 
#BJP #Bihar #BiharElections2020 #Arnab #ArnabGoswami #ArnabG…",jamilhussan_a,"Kerala, India"
115,2020-11-04 13:54:59,"RT @EconomicTimes: #BiharPolls | PM #Modi on Wednesday said only the NDA can provide security, employment and new opportunities of self-emp…",baburaya,
116,2020-11-04 13:44:44,"RT @EconomicTimes: #BiharPolls | PM #Modi on Wednesday said only the NDA can provide security, employment and new opportunities of self-emp…",vishmahe1,
117,2020-11-04 13:41:43,"#BiharPolls | PM #Modi on Wednesday said only the NDA can provide security, employment and new opportunities of sel… https://t.co/ZgqHniumB1",EconomicTimes,
118,2020-11-04 13:10:04,"Last 6 years #ReportCard of #Modi sarkar.... ✊🇮🇳✊
@srivatsayb 
#BJP #Bihar #BiharElections2020 #Arnab #ArnabGoswami… https://t.co/jZym6E1aJO",DrNimrata_,
119,2020-11-04 12:02:39,"In Aatmanirbhar Bihar, our goal is to maintain rule of law and to ensure welfare of poor: PM #Modi. (PTI)
#BiharPolls #BiharElection2020",TOIPatna,
120,2020-11-04 12:00:26,"Only NDA can provide new opportunities, security, employment and self-employment to youth of Bihar: PM #Modi. (PTI)
#BiharElections2020",TOIPatna,
121,2020-11-04 11:49:41,https://t.co/BUzyKi2f2N trust @narendramodi to communalise the greetings/slogans. don't attribute this to election… https://t.co/eIGRycjsw9,aliahd66,"New Delhi, India"
122,2020-11-04 08:11:13,"RT @Theekkathir: Who'll form the govt in Bihar? #BiharElection2020 
Thanks
@satishacharya |#CBI |#Modi https://t.co/hVZMjsLnKN",Lenin65718414,
123,2020-11-04 07:12:18,"RT @Theekkathir: Who'll form the govt in Bihar? #BiharElection2020 
Thanks
@satishacharya |#CBI |#Modi https://t.co/hVZMjsLnKN",RAMANISANKARR,"Pondicherry, India"
124,2020-11-04 06:44:57,"RT @Theekkathir: Who'll form the govt in Bihar? #BiharElection2020 
Thanks
@satishacharya |#CBI |#Modi https://t.co/hVZMjsLnKN",maathorubhagan,
125,2020-11-04 06:43:10,"RT @Theekkathir: Who'll form the govt in Bihar? #BiharElection2020 
Thanks
@satishacharya |#CBI |#Modi https://t.co/hVZMjsLnKN",Mohamed46052681,"Chennai, India"
126,2020-11-04 06:42:33,"RT @Theekkathir: Who'll form the govt in Bihar? #BiharElection2020 
Thanks
@satishacharya |#CBI |#Modi https://t.co/hVZMjsLnKN",BHUMAN20,
127,2020-11-04 06:42:11,"Who'll form the govt in Bihar? #BiharElection2020 
Thanks
@satishacharya |#CBI |#Modi https://t.co/hVZMjsLnKN",Theekkathir,Tamilnadu
128,2020-11-04 06:28:16,"""Those who feel ashamed to pronounce ""Bharat Mata"" are coming to seek votes from #Bihar But Bihar will reject them… https://t.co/7nmE2IWWl9",sauravsaha41,India
129,2020-11-04 05:01:10,@NupurSharmaBJP I wish bjp should loose in BIHAR ELECTION...bcz there is no meaning of voting for BJP in this count… https://t.co/vMuIKPXGwP,pratyushkumarn5,balasore
130,2020-11-04 03:03:39,"Country law and order is being misused in some states but #modi and #bjp are so busy blaming each other in bihar, M… https://t.co/SZPf19j2mX",rahullegspinner,"Bangalore, Rajaji nagar"
131,2020-11-03 18:55:00,RT @SharmaKhemchand: There is a group of people that doesn't want you to say 'Bharat Mata ki Jai' or 'Jai Shri Ram.' All of them have now c…,Sandeep54767607,"Mumbai, India"
132,2020-11-03 17:57:15,"RT @Mr_Singh86_: VishawGuru #Modi ji trying to save #Bihar #NitishKumar 😂😂  

By projecting #NDA full tank to innocent voters  🤪

#BiharEle…",RoflNadda,15 लाख के इंतजार में
133,2020-11-03 17:16:48,RT @SharmaKhemchand: There is a group of people that doesn't want you to say 'Bharat Mata ki Jai' or 'Jai Shri Ram.' All of them have now c…,GauravK17383093,New Delhi
134,2020-11-03 17:14:21,"RT @pnavadgi: What Bihar youth needed? Jobs. What BJP &amp; Nitish Kumar gave?
SSR case, Migrants walking thousands of kms from Delhi to Bihar,…",PreetaShashi,
135,2020-11-03 16:58:54,RT @SharmaKhemchand: There is a group of people that doesn't want you to say 'Bharat Mata ki Jai' or 'Jai Shri Ram.' All of them have now c…,bhargavbhuva4,
136,2020-11-03 16:45:31,"What Bihar youth needed? Jobs. What BJP &amp; Nitish Kumar gave?
SSR case, Migrants walking thousands of kms from Delhi… https://t.co/a2Kr40b2DO",pnavadgi,"South Mumbai,India"
137,2020-11-03 16:05:40,RT @SharmaKhemchand: There is a group of people that doesn't want you to say 'Bharat Mata ki Jai' or 'Jai Shri Ram.' All of them have now c…,SKTIWARl71,Varanasi 
138,2020-11-03 15:09:02,RT @SharmaKhemchand: There is a group of people that doesn't want you to say 'Bharat Mata ki Jai' or 'Jai Shri Ram.' All of them have now c…,bheemsen_kumar,
139,2020-11-03 14:58:32,RT @SharmaKhemchand: There is a group of people that doesn't want you to say 'Bharat Mata ki Jai' or 'Jai Shri Ram.' All of them have now c…,JPsrivastavaBJP,"डेहरी आन सोन, नई दिल्ली "
140,2020-11-03 14:42:39,RT @the_hindu: “Modi wins elections because he works to resolve the issues of all the [poor] mothers and sisters...they bless #Modi as thei…,ArindamGhosh999,"Kolkata, India"
141,2020-11-03 13:55:27,RT @SharmaKhemchand: There is a group of people that doesn't want you to say 'Bharat Mata ki Jai' or 'Jai Shri Ram.' All of them have now c…,Gauravbjpfzd,"Firozabad, India"
142,2020-11-03 13:46:30,RT @SharmaKhemchand: There is a group of people that doesn't want you to say 'Bharat Mata ki Jai' or 'Jai Shri Ram.' All of them have now c…,PranoyD59555004,"Nabadwip, India"
143,2020-11-03 13:42:25,RT @SharmaKhemchand: There is a group of people that doesn't want you to say 'Bharat Mata ki Jai' or 'Jai Shri Ram.' All of them have now c…,sharmankv,Nordics
144,2020-11-03 13:41:22,RT @SharmaKhemchand: There is a group of people that doesn't want you to say 'Bharat Mata ki Jai' or 'Jai Shri Ram.' All of them have now c…,HargovindArya4,"New Delhi, India"
145,2020-11-03 13:26:54,RT @SharmaKhemchand: There is a group of people that doesn't want you to say 'Bharat Mata ki Jai' or 'Jai Shri Ram.' All of them have now c…,KumarVi41658497,"Jamshedpur, India"
146,2020-11-03 13:25:56,RT @SharmaKhemchand: There is a group of people that doesn't want you to say 'Bharat Mata ki Jai' or 'Jai Shri Ram.' All of them have now c…,TARUNxBJP,
147,2020-11-03 13:24:56,RT @SharmaKhemchand: There is a group of people that doesn't want you to say 'Bharat Mata ki Jai' or 'Jai Shri Ram.' All of them have now c…,Shivapa62936596,lakhimpur Kheri uttar pradesh
148,2020-11-03 13:21:12,RT @SharmaKhemchand: There is a group of people that doesn't want you to say 'Bharat Mata ki Jai' or 'Jai Shri Ram.' All of them have now c…,SKSK_56,बिहार
149,2020-11-03 13:20:54,RT @SharmaKhemchand: There is a group of people that doesn't want you to say 'Bharat Mata ki Jai' or 'Jai Shri Ram.' All of them have now c…,VishalS39114108,
150,2020-11-03 13:10:41,RT @SharmaKhemchand: There is a group of people that doesn't want you to say 'Bharat Mata ki Jai' or 'Jai Shri Ram.' All of them have now c…,agrawalshiv,"Kolkata, India"
151,2020-11-03 13:10:10,RT @SharmaKhemchand: There is a group of people that doesn't want you to say 'Bharat Mata ki Jai' or 'Jai Shri Ram.' All of them have now c…,anupammishra91,DelhiNCR
152,2020-11-03 13:09:25,RT @SharmaKhemchand: There is a group of people that doesn't want you to say 'Bharat Mata ki Jai' or 'Jai Shri Ram.' All of them have now c…,yogendra71,Ghaziabad
153,2020-11-03 13:09:11,RT @SharmaKhemchand: There is a group of people that doesn't want you to say 'Bharat Mata ki Jai' or 'Jai Shri Ram.' All of them have now c…,BitanRo28633562,
154,2020-11-03 13:08:08,RT @SharmaKhemchand: There is a group of people that doesn't want you to say 'Bharat Mata ki Jai' or 'Jai Shri Ram.' All of them have now c…,JPulasaria,India
155,2020-11-03 13:07:36,RT @SharmaKhemchand: There is a group of people that doesn't want you to say 'Bharat Mata ki Jai' or 'Jai Shri Ram.' All of them have now c…,sandy5422096,"मुजफ्फरपुर, बिहार"
156,2020-11-03 13:07:13,RT @SharmaKhemchand: There is a group of people that doesn't want you to say 'Bharat Mata ki Jai' or 'Jai Shri Ram.' All of them have now c…,DILIPKUMAR9990,"बिहार, DELHI ,India "
157,2020-11-03 13:07:09,RT @SharmaKhemchand: There is a group of people that doesn't want you to say 'Bharat Mata ki Jai' or 'Jai Shri Ram.' All of them have now c…,SShyampareek,Rajasthan
158,2020-11-03 13:06:36,There is a group of people that doesn't want you to say 'Bharat Mata ki Jai' or 'Jai Shri Ram.' All of them have no… https://t.co/sTiaaFwo0r,SharmaKhemchand,Delhi
159,2020-11-03 12:18:20,#𝗠𝗼𝗱𝗶 𝗟𝗼𝗼𝗸𝘀 𝗡𝗮𝗶𝘃𝗲 𝗜𝗻 𝗛𝗶𝘀 𝗦𝗽𝗲𝗲𝗰𝗵 𝗶𝗻 𝗕𝗶𝗵𝗮𝗿😜.His words sound hollow &amp;  devoid of any vision for Bihar. He predicts tha… https://t.co/6nfEilnJtM,2551954,"Hyderabad, India"
160,2020-11-03 11:59:01,RT @the_hindu: “Modi wins elections because he works to resolve the issues of all the [poor] mothers and sisters...they bless #Modi as thei…,shailendra1212,
161,2020-11-03 11:52:02,RT @the_hindu: “Modi wins elections because he works to resolve the issues of all the [poor] mothers and sisters...they bless #Modi as thei…,arup1309,"Kolkata, India"
162,2020-11-03 11:51:43,RT @the_hindu: “Modi wins elections because he works to resolve the issues of all the [poor] mothers and sisters...they bless #Modi as thei…,HappaNarinder,"Jammu,J&K (India)"
163,2020-11-03 11:20:57,"RT @Mr_Singh86_: VishawGuru #Modi ji trying to save #Bihar #NitishKumar 😂😂  

By projecting #NDA full tank to innocent voters  🤪

#BiharEle…",KwatihalliNitin,
164,2020-11-03 11:09:21,"RT @Mr_Singh86_: VishawGuru #Modi ji trying to save #Bihar #NitishKumar 😂😂  

By projecting #NDA full tank to innocent voters  🤪

#BiharEle…",ArkCmdr,
165,2020-11-03 10:29:16,"VishawGuru #Modi ji trying to save #Bihar #NitishKumar 😂😂  

By projecting #NDA full tank to innocent voters  🤪… https://t.co/ivTue0mxLV",Mr_Singh86_,"Punjab, India"
166,2020-11-03 10:08:04,"Brothers and Sisters of Bihar, 

Bharat Mata ki jai and Jai Shree Ram slogans will not bring food on your table ...… https://t.co/JigWE8BrSW",StrictlyAsking,
167,2020-11-03 10:05:41,RT @the_hindu: “Modi wins elections because he works to resolve the issues of all the [poor] mothers and sisters...they bless #Modi as thei…,RavinderKochha1,"Ferozepur city punjab, India"
168,2020-11-03 10:03:33,"RT @AntonyRajkumarM: Massive Crowd gathered at Shri. @RahulGandhi's public meeting in Kishanganj, Bihar is a proof of change.

#Modi ji and…",BNTripa40206913,"Allahabad, India"
169,2020-11-03 10:03:04,"Massive Crowd gathered at Shri. @RahulGandhi's public meeting in Kishanganj, Bihar is a proof of change.

#Modi ji… https://t.co/l1Ga8kLNb0",AntonyRajkumarM,"Tamil Nadu, India"
170,2020-11-03 10:02:28,RT @the_hindu: “Modi wins elections because he works to resolve the issues of all the [poor] mothers and sisters...they bless #Modi as thei…,S_P_Ganesh,In Spirit_consciousness
171,2020-11-03 10:00:01,“Modi wins elections because he works to resolve the issues of all the [poor] mothers and sisters...they bless… https://t.co/tSqnAxlnYq,the_hindu,"Chennai, India"
172,2020-11-03 09:28:13,@ABPNews Be aware of proponents Of 2nd Jungle Raj of #Modi in Bihar after @laluprasadrjd era of Social Justice !… https://t.co/q0UjuB9bjM,SHAKIR1166,BIHAR-India
173,2020-11-03 09:23:57,"RT @ABPNews: #BiharElections2020  Phase 2 Voting: ‘Proponents Of Jungle Raj Don't Want You To Chant 'Bharat Mata Ki Jai,’ PM #Modi  In Biha…",Rajagupta22,Barbil
174,2020-11-03 09:19:35,"RT @ABPNews: #BiharElections2020  Phase 2 Voting: ‘Proponents Of Jungle Raj Don't Want You To Chant 'Bharat Mata Ki Jai,’ PM #Modi  In Biha…",TAPASMI17089067,
175,2020-11-03 09:18:38,"#BiharElections2020  Phase 2 Voting: ‘Proponents Of Jungle Raj Don't Want You To Chant 'Bharat Mata Ki Jai,’ PM… https://t.co/RsYe4QQDfb",ABPNews,India
176,2020-11-03 08:58:59,This is how #Modi seeks vote after a completion of term &amp; holding power.  Instead of showcasing PROGRESS &amp; DEVELOPM… https://t.co/PAwlXwZCvm,HydForum,Hyderabad 
177,2020-11-03 08:20:03,"#Modi said at a rally that Bihar is sending a message to not just the country, but also the world. 'Despite #COVID,… https://t.co/bpkrgNXc8r",firstpost,"Mumbai, India"
178,2020-11-03 08:00:02,"RT @RisingKashmir: #Modi wins because he cares for #India's #mothers, #daughters, says #PM Modi in #Bihar 
RK Online Desk | 3 Nov 2020
http…",VishalS39114108,
179,2020-11-03 07:59:14,"#Modi wins because he cares for #India's #mothers, #daughters, says #PM Modi in #Bihar 
RK Online Desk | 3 Nov 2020
https://t.co/mLLlDasZJb",RisingKashmir,Srinagar
180,2020-11-03 07:45:06,After Bihar campaign Modi seems to be off the balance. He talks abt strengthening democracy. Strengthening democrac… https://t.co/lAIuouGRos,Soumdaram1,"सेलैयुर, शोलिंगनालुर"
181,2020-11-03 07:41:45,"Mr. #Modi,

Who is that

Because of which the Farmer does not get the Price of maize and Paddy?

Which leads to 46%… https://t.co/xZ5lSJBqM4",AntonyRajkumarM,"Tamil Nadu, India"
182,2020-11-03 07:25:46,"After having destroyed our economy, religious harmony and almost all the democratic institutions, #Modi should refr… https://t.co/nZpRIrOIc9",vivekuksood,New Delhi
183,2020-11-03 06:56:10,"Irony: PM #Modi at his rally, lauded the people of #Bihar for voting despite #coronavirus pandemic, but no social d… https://t.co/HI1GpfU7A6",Shubhangi_29,
184,2020-11-03 06:41:22,WHY #Modi GOVT GIVING SO MANY PROMISES TO #BIHAR DURING #BiharElection2020 WHEN TGEY R TOTALLY FAILURE IN EVERY FIE… https://t.co/gcC9i7hWvn,BandanaMrs,"KOLKATA ,West Bengal .INDIA ."
185,2020-11-03 06:35:19,"People of #Bihar rejected jungle raj, double Yuvraj concept, says PM #Modi https://t.co/AMhLiftVRn https://t.co/KhHFVmpStB",jenkers_en,San Francisco
186,2020-11-03 06:27:55,"Mr.#Modi,

Bihar produces 31,00,000 metric tons of Maize, then Why in Bihar, Especially in Seemanchal, does Maize o… https://t.co/kY6cmJadSX",AntonyRajkumarM,"Tamil Nadu, India"
187,2020-11-03 06:22:39,"Mr.#Modi,

Bihar produces 70,00,000 metric tonnes of Paddy, then Bihar, especially in Seemanchal, why Paddy of ₹ 1,… https://t.co/ErpolpvLqj",AntonyRajkumarM,"Tamil Nadu, India"
188,2020-11-03 06:18:30,RT @SanelyInsane_: Prediction time.. Who will form the govt in Bihar  ?  #Modi #RahulGandhi #RJD #ChirajPaswan #BiharPolls @INCIndia @BJP4I…,SanelyInsane_,Punjab
189,2020-11-03 04:29:16,"The first rally is at 9.30 a.m. in the morning when Prime Minister #Modi will address, what the BJP is calling a vi… https://t.co/Bmc7XO3dSB",dt_next,"Chennai, India"
190,2020-11-03 03:35:28,"If #Bihar wins, because of #Modi, and if it loses, because of #NitishKumar. Everyone should keep this in mind while… https://t.co/feTGVfyTTL",youth_1891,
191,2020-11-03 03:25:27,"Bihar assembly election 2020: List of constituencies that will go to polls in 2nd phase https://t.co/jDgkv2A4BR 
.… https://t.co/pxnnuQK524",vitorrindia,"Kolkata, India"
192,2020-11-03 03:25:22,"Bihar assembly election 2020: List of constituencies that will go to polls in 2nd phase https://t.co/NtIMXRzHot 
.… https://t.co/GJoyeV0HwG",vitorrians,"Kolkata, India"
193,2020-11-03 03:25:15,"Bihar assembly election 2020: List of constituencies that will go to polls in 2nd phase https://t.co/mz4ihxS6WL 
.… https://t.co/LherV6cF7m",saha_shammi,kolkata
194,2020-11-03 00:34:11,"#Bihar assembly election 2020: PM #Modi to address rallies in Forbesganj, Saharsa https://t.co/bgxJ5uGgmK https://t.co/YFZ7myvb1G",jenkers_en,San Francisco
195,2020-11-02 17:20:46,"Nirmala Sitharaman and Piyush Goyal hain toh mumkin hain. Food inflation is high. Potatoes, Onion prices touched hi… https://t.co/FHLtKLmicB",pnavadgi,"South Mumbai,India"
196,2020-11-02 15:59:13,"👉 Today's positions 💯👈
I was bearish today. Booked 15k loss. 😕
Need to recover now 🖤⏫

#nifty #banknifty
#niftybank… https://t.co/7tJsZZEyZS",Omfulse,"Pune, India"
197,2020-11-02 15:15:58,"Scenes which show PM’s amazing popularity in Bihar.😍 
#Modi https://t.co/PydweOi0VW",DhirajKSinghBJP,"Rajasthan, India"
198,2020-11-02 11:53:43,@DrJayanThiyagu The way your mass Modia including NDTV was so silent on #BiharRejectsNDA #BiharPolls very clear and… https://t.co/anaiFYLghe,BASU070862,
199,2020-11-02 11:43:20,RT @SandipGhose: Today #NarendraModi was in his elements in #Bihar. Irrespective of its impact on the outcome of #BiharPolls - he took full…,250praveen,India
200,2020-11-02 11:28:28,Also from what I gather - there are #Bihar sub-regions where #TejashwiYadav is popular RJD has worked and invested… https://t.co/CD0mAGAey0,SandipGhose,Locked-Down
201,2020-11-02 06:40:58,"@SalmanNizami_ #BiharWithNamo 
After a long time #India  has a dynamic personality as #Modi .

Swachch Abhiyan to g… https://t.co/By76hSLKzO",Drssshetty,Indian Peninsula🦋 आमची mumbai
202,2020-11-02 06:30:23,"#Bihar Assembly Election 2020: Both PM #Modi, Rahul Gandhi to campaign in state on November 3 https://t.co/2FfN2AW7Qe",jenkers_en,San Francisco
203,2020-11-02 06:06:11,RT @SandipGhose: Today #NarendraModi was in his elements in #Bihar. Irrespective of its impact on the outcome of #BiharPolls - he took full…,rvasisht,Bangalore
204,2020-11-02 05:27:22,RT @SandipGhose: Today #NarendraModi was in his elements in #Bihar. Irrespective of its impact on the outcome of #BiharPolls - he took full…,vikas1689,
205,2020-11-02 04:57:07,RT @SandipGhose: Today #NarendraModi was in his elements in #Bihar. Irrespective of its impact on the outcome of #BiharPolls - he took full…,dhruvbhim,
206,2020-11-02 04:53:24,"RT @INCRamakrishna: #BJP &amp; PM #Modi failed to deliver all of their promises made to Bihar in last 5 yrs, including the infamous ₹1,25,000 c…",peoplesvoice_s,"New Delhi, India"
207,2020-11-02 04:45:56,"#BJP &amp; PM #Modi failed to deliver all of their promises made to Bihar in last 5 yrs, including the infamous ₹1,25,0… https://t.co/6ngBqhawDG",INCRamakrishna,"Hyderabad, India"
208,2020-11-02 04:26:26,RT @SandipGhose: Today #NarendraModi was in his elements in #Bihar. Irrespective of its impact on the outcome of #BiharPolls - he took full…,TheModiEra,"Gurgaon, India"
209,2020-11-02 03:42:36,I DO NOT TRUST YOU #MODI! https://t.co/7yTIb3joIj,IM_neutra1,"India, Asia"
