,Date,Tweet,User,Location
0,2020-11-06 16:04:34,#spread awareness #vocal for local https://t.co/wcgXwAhMjX,Preetka26416322,
1,2020-11-04 08:46:12,"RT @VijayKu43928659: #vocal for local
#Vocal4Rampur",deepakpundir1,"Rampur,INDIA"
2,2020-11-03 07:34:14,"@Micromax__India when are you going to lunch in market.
My support to #micromax 
#vocal for local",jena_dillip,Odisha 
3,2020-11-02 15:08:01,"RT @MILVETERAN: Modi Vs @yadavtejashwi  in #BiharPolls is like
#Vocal Vs #Local
Bihar please Vote for Local.",baqir_shameem,"Hockessin, DE"
4,2020-11-02 11:25:16,"RT @MILVETERAN: Modi Vs @yadavtejashwi  in #BiharPolls is like
#Vocal Vs #Local
Bihar please Vote for Local.",HRajola,
5,2020-11-02 11:09:42,"RT @MILVETERAN: Modi Vs @yadavtejashwi  in #BiharPolls is like
#Vocal Vs #Local
Bihar please Vote for Local.",captgrc,"जोधपुर एयर फोर्स क्षेत्र, Jodh"
6,2020-11-02 10:33:41,"RT @MILVETERAN: Modi Vs @yadavtejashwi  in #BiharPolls is like
#Vocal Vs #Local
Bihar please Vote for Local.",MadanKandal3,"Shamla Hills, Bhopal"
7,2020-11-02 08:34:03,"RT @MILVETERAN: Modi Vs @yadavtejashwi  in #BiharPolls is like
#Vocal Vs #Local
Bihar please Vote for Local.",ParaRjs,
