,Date,Tweet,User,Location
0,2020-11-08 18:27:57,RT @buddha2019: jinnah and nehru are going to west bengal  from bihar for #bjp election campaign https://t.co/ZWk4hgF3Kq,Indian047396771, India
1,2020-11-08 17:10:35,RT @buddha2019: jinnah and nehru are going to west bengal  from bihar for #bjp election campaign https://t.co/ZWk4hgF3Kq,FreeWor40639154,
2,2020-11-08 17:06:45,@RenukaJain6 #BJP leadership seems to hv become drunk with power &amp; surrounded by sycophants- fast replacing profess… https://t.co/Q8bwjO6fIi,kartickmisraa,India
3,2020-11-08 16:41:46,RT @buddha2019: jinnah and nehru are going to west bengal  from bihar for #bjp election campaign https://t.co/ZWk4hgF3Kq,Vidyaraj51,Daman-Mumbai-Kannur
4,2020-11-08 16:26:24,RT @buddha2019: jinnah and nehru are going to west bengal  from bihar for #bjp election campaign https://t.co/ZWk4hgF3Kq,seraikham,"Lahore, Pakistan"
5,2020-11-08 16:02:17,RT @buddha2019: jinnah and nehru are going to west bengal  from bihar for #bjp election campaign https://t.co/ZWk4hgF3Kq,skpachauri11,Aligarh
6,2020-11-08 15:55:00,RT @kamaalrkhan: Many people are asking that why #SushantSingRajput hasn’t got justice? Because #NitishKumar and #BJP were using his death…,Gauravbatra1445,
7,2020-11-08 15:45:08,RT @buddha2019: jinnah and nehru are going to west bengal  from bihar for #bjp election campaign https://t.co/ZWk4hgF3Kq,Externall_Force,"Imperial, CA"
8,2020-11-08 15:35:41,jinnah and nehru are going to west bengal  from bihar for #bjp election campaign https://t.co/ZWk4hgF3Kq,buddha2019,Bengaluru 
9,2020-11-08 15:33:35,RT @kamaalrkhan: Many people are asking that why #SushantSingRajput hasn’t got justice? Because #NitishKumar and #BJP were using his death…,A_M_Zeeshan,"Mumbai, India"
10,2020-11-08 15:11:03,RT @kamaalrkhan: Many people are asking that why #SushantSingRajput hasn’t got justice? Because #NitishKumar and #BJP were using his death…,Tweetybetty721,
11,2020-11-08 14:48:11,RT @kamaalrkhan: Many people are asking that why #SushantSingRajput hasn’t got justice? Because #NitishKumar and #BJP were using his death…,knightR27415250,
12,2020-11-08 14:13:15,RT @kamaalrkhan: Many people are asking that why #SushantSingRajput hasn’t got justice? Because #NitishKumar and #BJP were using his death…,RokadeAshitosh,"Osmanabad,Maharashtra,India"
13,2020-11-08 14:11:31,As a strategy of the EMERGENCY 2 FORCES the timing of Arnab arrest was deliberately chosen when all media would be… https://t.co/QcnXWfzwte,AshishKaul47,India
14,2020-11-08 13:48:48,RT @kamaalrkhan: Many people are asking that why #SushantSingRajput hasn’t got justice? Because #NitishKumar and #BJP were using his death…,mohnottushar,"Mumbai, India"
15,2020-11-08 13:32:11,RT @kamaalrkhan: Many people are asking that why #SushantSingRajput hasn’t got justice? Because #NitishKumar and #BJP were using his death…,Rajani66729496,
16,2020-11-08 13:30:24,RT @kamaalrkhan: Many people are asking that why #SushantSingRajput hasn’t got justice? Because #NitishKumar and #BJP were using his death…,Nawab08556302,"New Delhi, India"
17,2020-11-08 13:16:31,@mishra_susant @jyotsnadevi33 @Sanjay_Dixit @BJP4India Cunningness won't work everywhere. #BJP wanted to keep thing… https://t.co/2LkjjZvWTK,swetankm,"BBSR, Odisha, India"
18,2020-11-08 13:07:48,RT @kamaalrkhan: Many people are asking that why #SushantSingRajput hasn’t got justice? Because #NitishKumar and #BJP were using his death…,mukul_chavan,"Mumbai, India"
19,2020-11-08 12:35:32,RT @kamaalrkhan: Many people are asking that why #SushantSingRajput hasn’t got justice? Because #NitishKumar and #BJP were using his death…,limbaniabhishek,
20,2020-11-08 12:26:59,"The SoniaSharadSena still influence the judiciary, the executive, and the CG is mute spectator perhaps trying to ca… https://t.co/fepEOWDDEG",iamHit1,Hindustan
21,2020-11-08 12:18:33,"@calm_pooja @pradip103 He is useless 
Bjp is going to lose the Bihar election
Everything he did is totally failed
A… https://t.co/40ilVmJgLt",VishantPal15,
22,2020-11-08 12:16:49,RT @kamaalrkhan: Many people are asking that why #SushantSingRajput hasn’t got justice? Because #NitishKumar and #BJP were using his death…,bijapuri1,Hubli
23,2020-11-08 12:11:48,"poor #ssr #suicide did not work as an election tool for #bjp ..now the hard right has moved away...

vir sanghvi (… https://t.co/Tg2wJ0GOXK",mahmood_saberi,bengaluru via dubai & toronto
24,2020-11-08 11:52:52,RT @kamaalrkhan: Many people are asking that why #SushantSingRajput hasn’t got justice? Because #NitishKumar and #BJP were using his death…,Shruti10639674,
25,2020-11-08 11:31:34,RT @kamaalrkhan: Many people are asking that why #SushantSingRajput hasn’t got justice? Because #NitishKumar and #BJP were using his death…,Lucy03826575,
26,2020-11-08 11:21:52,RT @kamaalrkhan: Many people are asking that why #SushantSingRajput hasn’t got justice? Because #NitishKumar and #BJP were using his death…,BasChillMaar,"West Bengal, India"
27,2020-11-08 10:47:06,RT @kamaalrkhan: Many people are asking that why #SushantSingRajput hasn’t got justice? Because #NitishKumar and #BJP were using his death…,Krk46176500,
28,2020-11-08 10:24:57,"@virsanghvi From the day one, when Bihar election coverage started, most people could clearly made out the NDA is g… https://t.co/f0MyTWkQjV",dixitsudhir12,"Jaipur, Rajasthan, India"
29,2020-11-08 10:03:24,RT @kamaalrkhan: Many people are asking that why #SushantSingRajput hasn’t got justice? Because #NitishKumar and #BJP were using his death…,AadityaBagwe,"Mumbai, India"
30,2020-11-08 09:57:13,RT @kamaalrkhan: Many people are asking that why #SushantSingRajput hasn’t got justice? Because #NitishKumar and #BJP were using his death…,vipppyy,
31,2020-11-08 09:51:52,RT @kamaalrkhan: Many people are asking that why #SushantSingRajput hasn’t got justice? Because #NitishKumar and #BJP were using his death…,kashish80504576,
32,2020-11-08 09:19:14,Bihar Election 2020 Exit Poll : BJP को मिल सकती है 72 से 82 सीट | India News #BiharElection2020ExitPoll #BJP… https://t.co/W4zsszbita,IndiaNews_itv,Delhi
33,2020-11-08 09:08:44,@gunjakapoor @AmitShah @narendramodi supporting @OfficeofUT on #ArnabGoswamy arrest.This is a matter of power agree… https://t.co/gdTeObD5dH,rampathak1411,"Patna, India"
34,2020-11-08 08:57:32,RT @kamaalrkhan: Many people are asking that why #SushantSingRajput hasn’t got justice? Because #NitishKumar and #BJP were using his death…,Bindass_Chhori,"Hyderabad, Andhrapradesh"
35,2020-11-08 08:55:53,RT @kamaalrkhan: Many people are asking that why #SushantSingRajput hasn’t got justice? Because #NitishKumar and #BJP were using his death…,Onisher1,United States
36,2020-11-08 08:41:51,RT @kamaalrkhan: Many people are asking that why #SushantSingRajput hasn’t got justice? Because #NitishKumar and #BJP were using his death…,Sonu201157,
37,2020-11-08 08:37:42,RT @kamaalrkhan: Many people are asking that why #SushantSingRajput hasn’t got justice? Because #NitishKumar and #BJP were using his death…,AO2017RF,
38,2020-11-08 08:13:42,RT @kamaalrkhan: Many people are asking that why #SushantSingRajput hasn’t got justice? Because #NitishKumar and #BJP were using his death…,gracehumanity,
39,2020-11-08 08:02:39,RT @kamaalrkhan: Many people are asking that why #SushantSingRajput hasn’t got justice? Because #NitishKumar and #BJP were using his death…,AarohiG44727353,
40,2020-11-08 08:01:58,RT @kamaalrkhan: Many people are asking that why #SushantSingRajput hasn’t got justice? Because #NitishKumar and #BJP were using his death…,Here_4_sushi,
41,2020-11-08 07:47:41,RT @kamaalrkhan: Many people are asking that why #SushantSingRajput hasn’t got justice? Because #NitishKumar and #BJP were using his death…,SumitRa74747733,India
42,2020-11-08 07:45:21,RT @kamaalrkhan: Many people are asking that why #SushantSingRajput hasn’t got justice? Because #NitishKumar and #BJP were using his death…,ria_xoxo3,
43,2020-11-08 07:35:12,RT @kamaalrkhan: Many people are asking that why #SushantSingRajput hasn’t got justice? Because #NitishKumar and #BJP were using his death…,PerzonalOpinion,
44,2020-11-08 07:26:48,RT @kamaalrkhan: Many people are asking that why #SushantSingRajput hasn’t got justice? Because #NitishKumar and #BJP were using his death…,sushilbothra21,"कानपुर, भारत"
45,2020-11-08 07:15:25,RT @kamaalrkhan: Many people are asking that why #SushantSingRajput hasn’t got justice? Because #NitishKumar and #BJP were using his death…,Kapil15185560,"Pune, India"
46,2020-11-08 07:13:25,RT @kamaalrkhan: Many people are asking that why #SushantSingRajput hasn’t got justice? Because #NitishKumar and #BJP were using his death…,Jitendr49258070,Noida
47,2020-11-08 07:11:13,RT @kamaalrkhan: Many people are asking that why #SushantSingRajput hasn’t got justice? Because #NitishKumar and #BJP were using his death…,tarmas61,"Kolkata, India"
48,2020-11-08 07:09:41,RT @kamaalrkhan: Many people are asking that why #SushantSingRajput hasn’t got justice? Because #NitishKumar and #BJP were using his death…,aakashnandode,NOWHERE
49,2020-11-08 07:09:09,RT @kamaalrkhan: Many people are asking that why #SushantSingRajput hasn’t got justice? Because #NitishKumar and #BJP were using his death…,KishanD90665683,"Uttar Pradesh, India"
50,2020-11-08 07:05:38,RT @kamaalrkhan: Many people are asking that why #SushantSingRajput hasn’t got justice? Because #NitishKumar and #BJP were using his death…,KhotShamikh,"Bhiwandi, India"
51,2020-11-08 07:05:18,RT @kamaalrkhan: Many people are asking that why #SushantSingRajput hasn’t got justice? Because #NitishKumar and #BJP were using his death…,Anant_kakade,Pune
52,2020-11-08 07:00:53,RT @kamaalrkhan: Many people are asking that why #SushantSingRajput hasn’t got justice? Because #NitishKumar and #BJP were using his death…,WakeUpHumanss,India
53,2020-11-08 07:00:20,RT @kamaalrkhan: Many people are asking that why #SushantSingRajput hasn’t got justice? Because #NitishKumar and #BJP were using his death…,SunnyCh10339949,
54,2020-11-08 06:56:42,RT @kamaalrkhan: Many people are asking that why #SushantSingRajput hasn’t got justice? Because #NitishKumar and #BJP were using his death…,CHAUHANVIJETA,"New Delhi, India"
55,2020-11-08 06:55:41,RT @kamaalrkhan: Many people are asking that why #SushantSingRajput hasn’t got justice? Because #NitishKumar and #BJP were using his death…,Namrata83682362,
56,2020-11-08 06:54:33,RT @kamaalrkhan: Many people are asking that why #SushantSingRajput hasn’t got justice? Because #NitishKumar and #BJP were using his death…,TTD92612821,
57,2020-11-08 06:54:26,RT @kamaalrkhan: Many people are asking that why #SushantSingRajput hasn’t got justice? Because #NitishKumar and #BJP were using his death…,Yunna50292125,
58,2020-11-08 06:54:03,RT @kamaalrkhan: Many people are asking that why #SushantSingRajput hasn’t got justice? Because #NitishKumar and #BJP were using his death…,SalmanShaikh32,
59,2020-11-08 06:53:50,RT @kamaalrkhan: Many people are asking that why #SushantSingRajput hasn’t got justice? Because #NitishKumar and #BJP were using his death…,Keh_ke_Le_Lunga,in your face 
60,2020-11-08 06:53:44,RT @kamaalrkhan: Many people are asking that why #SushantSingRajput hasn’t got justice? Because #NitishKumar and #BJP were using his death…,Utkarsh9777,mumbai
61,2020-11-08 06:53:11,RT @kamaalrkhan: Many people are asking that why #SushantSingRajput hasn’t got justice? Because #NitishKumar and #BJP were using his death…,urssohail,"औरंगाबाद, भारत"
62,2020-11-08 06:52:44,RT @kamaalrkhan: Many people are asking that why #SushantSingRajput hasn’t got justice? Because #NitishKumar and #BJP were using his death…,dhir_ripan,"Punjab, India"
63,2020-11-08 06:52:34,RT @kamaalrkhan: Many people are asking that why #SushantSingRajput hasn’t got justice? Because #NitishKumar and #BJP were using his death…,UppalGinni,"Perth, Western Australia"
64,2020-11-08 06:52:19,RT @kamaalrkhan: Many people are asking that why #SushantSingRajput hasn’t got justice? Because #NitishKumar and #BJP were using his death…,MrJayesh29,छत्तीसगढ़ ( हिन्दुस्तान )
65,2020-11-08 06:52:07,RT @kamaalrkhan: Many people are asking that why #SushantSingRajput hasn’t got justice? Because #NitishKumar and #BJP were using his death…,bhattarjeet,
66,2020-11-08 06:51:27,RT @kamaalrkhan: Many people are asking that why #SushantSingRajput hasn’t got justice? Because #NitishKumar and #BJP were using his death…,shailes47234981,
67,2020-11-08 06:50:45,Many people are asking that why #SushantSingRajput hasn’t got justice? Because #NitishKumar and #BJP were using his… https://t.co/Tg5rWwBgoR,kamaalrkhan,
68,2020-11-08 05:25:31,"I cannot predict the results of election in #Bihar. But this Tejaswi thing is pure propaganda.

There would be grea… https://t.co/CNbQNCH387",Vamadevananda,New Delhi
69,2020-11-07 22:17:51,"AFTER 2019 GENERAL ELECTION, #BJP HAD NOT ABLE TO WON 1 SINGLE STATE ELECTION BY VOTE.

MAHARASHTRA - internal quar… https://t.co/p5RvZqvJlv",Tuitwe,Kolkata
70,2020-11-07 17:48:39,"#Bihar will any1 get full majority?
#Mahagathbandhan will get lead over #JDU #BJP For sure
 Will LJP become key pla… https://t.co/DRmmiUen5i",Standfortruth_s,भारत
71,2020-11-07 17:17:58,BJP just kicked the election away letting #NitishKumar be the face of the #BiharElections even after so much outrag… https://t.co/NfKxcGVSr3,Main_Amitabh,India
72,2020-11-07 16:56:41,I am not ready to admit that #NDA is going to loose election because of #NitishKumar not at all why not people rais… https://t.co/V57EogSCxq,kumarkpritam1,
73,2020-11-07 16:34:36,@narendramodi Top Female news anchors of #aajtakchannel be immediately sacked from job as these female news anchors… https://t.co/GQaZooS7yt,pankaj21083,"Patna, India"
74,2020-11-07 15:18:13,@BJP4India #Maharashtra and #Bihar are prime examples which tells us that #BJP should fight election alone — more p… https://t.co/m2fpIovPBj,DrDJgupta,India
75,2020-11-07 14:54:55,The result of Bihar election will make an impact on Maharashtra politics also. #BJP wont afford to loose and  will… https://t.co/CqqE3XXKtz,PresentInfinity,South Asia🇮🇳
76,2020-11-07 14:52:59,"RT @Rijin2204: RJD - Congress set to come back to power in #Bihar
Exit polls shows the Exit way to NDA in Bihar. 

#BJP will loose another…",DilMeHindustan,Bahrain 
77,2020-11-07 14:16:54,"RT @realindian67: Who will win the Bihar Election  #BiharWithNDA 
#BiharElection2020 #Bihar #BiharElections #BiharRejectsModi #VoteForTejas…",Gopal10kr,
78,2020-11-07 13:39:45,"RJD - Congress set to come back to power in #Bihar
Exit polls shows the Exit way to NDA in Bihar. 

#BJP will loose… https://t.co/KxPNzS3u9u",Rijin2204,Kerala
79,2020-11-07 13:12:39,My prediction for Bihar is a hung assembly. Let's see how it plays out! #ExitPolls #BiharPolls #BattlegroundState… https://t.co/pQzPmMRdFo,iamkausthubh,"Hyderabad, India"
80,2020-11-07 13:10:03,Going to be an interesting night with exit polls of the battleground Bihar and also couple of other states with byp… https://t.co/czo6YfGuIP,iamkausthubh,"Hyderabad, India"
81,2020-11-07 13:08:56,"Who will win the Bihar Election  #BiharWithNDA 
#BiharElection2020 #Bihar #BiharElections #BiharRejectsModi… https://t.co/ufPp8V5IqZ",realindian67,
82,2020-11-07 11:12:17,"RT @NH_India: #BJP will not be pleased with the way election scene has been panning out. After losing #Maharashtra, #Jharkhand, #Delhi and…",ebrahimmulla,"Abu Dhabi, United Arab Emirate"
83,2020-11-07 10:01:57,"RT @NH_India: #BJP will not be pleased with the way election scene has been panning out. After losing #Maharashtra, #Jharkhand, #Delhi and…",gandhiincindia,"New Delhi, India"
84,2020-11-07 08:35:16,"RT @NH_India: #BJP will not be pleased with the way election scene has been panning out. After losing #Maharashtra, #Jharkhand, #Delhi and…",anshsharma,India
85,2020-11-07 08:32:21,"RT @NH_India: #BJP will not be pleased with the way election scene has been panning out. After losing #Maharashtra, #Jharkhand, #Delhi and…",abhishek_voices,Mangaluru. Madras. Bengaluru.
86,2020-11-07 08:32:21,"RT @NH_India: #BJP will not be pleased with the way election scene has been panning out. After losing #Maharashtra, #Jharkhand, #Delhi and…",joerave,
87,2020-11-07 08:31:31,"RT @NH_India: #BJP will not be pleased with the way election scene has been panning out. After losing #Maharashtra, #Jharkhand, #Delhi and…",NedunseliianSt,"Chennai, India"
88,2020-11-07 08:30:00,"#BJP will not be pleased with the way election scene has been panning out. After losing #Maharashtra, #Jharkhand,… https://t.co/TVd69aW3Jn",NH_India,"New Delhi, India"
89,2020-11-07 07:32:06,"#ChiragPaswan appealed for ""blessings"" for #BJP candidates, adding that not a single vote given to #JDU will make a… https://t.co/KUQzkq29HH",firstpost,"Mumbai, India"
90,2020-11-07 02:41:52,It's Bihar n Biden #BiharElections2020 #USElectionResults2020 #bidenharis2020 so it's b dts making the noise it cou… https://t.co/21W4ctMIo2,IMShashank07,A polarised india
91,2020-11-06 15:56:40,Please give vote to the NDA in bihar election. To save yourself from Jangalraj #BiharElections #Votefornitish #NDASangBihar #NDA #BJP #JDU,RakeshS18806680,
92,2020-11-06 12:57:40,"RT @indiatvnews: #BiharElections2020  Emotional blackmailing, script written by #BJP: #PappuYadav on #NitishKumar's 'last election' remark…",Yogiadhir,"Kolkata, India"
93,2020-11-06 12:54:27,"#BiharElections2020  Emotional blackmailing, script written by #BJP: #PappuYadav on #NitishKumar's 'last election'… https://t.co/jI5qtztDtY",indiatvnews,India
94,2020-11-06 11:17:48,@anilpricha @RahulGandhi This country takes revenge of #BJP with Non violence with Love and respect by giving valua… https://t.co/d5OfdtpQ9A,MrutyunjayaNa19,"Jaipur,Rajasthan, India"
95,2020-11-06 10:13:41,"RT @AdeebRahman786: Will #BJP win the election in bihar
#2020Election",WorkFro17126479,
96,2020-11-06 10:13:21,"RT @AdeebRahman786: Will #BJP win the election in bihar
#2020Election",HardiyaU,
97,2020-11-06 10:13:00,"RT @AdeebRahman786: Will #BJP win the election in bihar
#2020Election",TheStreetofyou,
98,2020-11-06 10:12:38,"Will #BJP win the election in bihar
#2020Election",AdeebRahman786,"Aligarh, India"
99,2020-11-06 09:51:58,"#BiharAssemblyElection2020  Result: All About Counting of Votes on November 10

#BiharPolls #BiharElections… https://t.co/EKSxhEkaaH",Oneindia,India
100,2020-11-06 09:30:01,A fight has broken out between Bihar Chief Minister Nitish Kumar and his ally BJP’s star campaigner Yogi Adityanath… https://t.co/NvsKTvG2Ar,NewzHook,"Mumbai, India"
101,2020-11-06 03:13:02,"RT @Oneindia: #Bihar Chief Minister and #JDU @NitishKumar on Thursday said that #BiharAssemblyElection2020 would be his last elections.

#B…",56perumal, tamilnadu
102,2020-11-05 14:45:56,"RT @dna: Bihar Assembly Election 2020: 'PM Modi saved India, Trump couldn't handle COVID-19,' says JP Nadda

#Bihar #BiharElections #BiharE…",Sarbaji30863052,"West Bengal, India"
103,2020-11-05 14:43:43,"Bihar Assembly Election 2020: 'PM Modi saved India, Trump couldn't handle COVID-19,' says JP Nadda

#Bihar… https://t.co/jFc8T9QPOs",dna,India
104,2020-11-05 12:46:58,I Am Shocked Why @BJP4India Laid Down Arms For Forecoming Assembly Election In Northern State In West-Bengal In May… https://t.co/v5HTOwwR7U,Beingshaam,BSR
105,2020-11-05 12:39:11,#Bihar Chief Minister and #JDU @NitishKumar on Thursday said that #BiharAssemblyElection2020 would be his last elec… https://t.co/T1smOQoyUY,Oneindia,India
106,2020-11-05 04:56:05,"The only reason BJP will win the election this time as well, is because of lack of better opposition and lack of op… https://t.co/ZiMuYom3e5",TG32954878,
107,2020-11-04 19:30:18,I don't care who wins #Bihar election or upcoming #bangal election or electionin in any state but from now i'll nev… https://t.co/cDrp6mXWJh,shalini09169881,"Varanasi, India"
108,2020-11-04 14:24:09,"Amit Shah's focusses on Mission Bengal amid Bihar election, BJP chief on 2-day state visit
#AmitShah #WestBengal… https://t.co/6kXP5fTKrq",indiatvnews,India
109,2020-11-04 09:33:53,"Why r u #AmitShah continuously insulting democracy?

Is #ArnabGoswami your pets?

Is #RepublicTV knows secret of… https://t.co/zhBRITz5LN",suhanasight,
110,2020-11-04 06:40:01,@JayaMukherjee17 @HinduNatl @PMOIndia @HMOIndia @narendramodi @ravikishann @rsprasad In Bihar election people will… https://t.co/OXlN7PGogT,bmesatishsingh,"Jaipur, India"
111,2020-11-03 17:55:33,"Here it is now by pressing the button on the # Bihar_election #elephant_sign
Scene recorded on #BJP's #Lotus_Logo.… https://t.co/eNtD4C1CaO",AnwarHussianA1,
112,2020-11-03 16:16:35,"Beyond winning #BiharElection2020, #TejashwiYadav and #Congress should focus on how to stop #BJP from buying MLAs a… https://t.co/w6OAMFK4PI",monkeypreneur,"Bengaluru, India"
113,2020-11-03 11:29:17,"Bihar Election: Rahul said in the rally, CM-PM looted the state, Public will answer...
#BiharEletion #RahulGandhi… https://t.co/qgBdAVfLMN",thenewsglory1,
114,2020-11-03 10:26:51,"#BiharElections: In 94 seats today, #RJD bets Left proves right; #BJP hopes 2015 does https://t.co/eMVdepVI68",thenewslife,
115,2020-11-03 09:11:32,Congratulations #BJP &amp; ⁦@narendramodi⁩ Sir and asking Congress ⁦⁦@RahulGandhi⁩ - what have you done? Healthy opposi… https://t.co/a2AuedZ76x,sanjeevroy,New Delhi
116,2020-11-03 04:23:53,"#Bihar CM and JD(U) chief #NitishKumar cast his vote at polling booth in #Digha.

Stay tuned for live updates:… https://t.co/PJxnYr5YBg",Opoyis,
117,2020-11-03 04:13:14,"#RJD leader Tejashwi Yadav voted at a polling booth in Patna.

He urged voters ""to take part in this festival of de… https://t.co/kdtbd7CLNR",Opoyis,
118,2020-11-03 02:11:38,"Bihar Governor Phagu Chauhan and Deputy CM Sushil Modi cast their votes.

Stay tuned for live updates:… https://t.co/OjQqNBlFFM",Opoyis,
119,2020-11-03 02:08:31,"#LJP chief #ChiragPaswan cast his vote at Khagaria.

Stay tuned for live updates: https://t.co/9dXfx8TtyT… https://t.co/IzgaeWKFEH",Opoyis,
120,2020-11-03 01:54:48,RJD leader Tejashwi Yadav is contesting in phase II of the Bihar Assembly election. He is contesting for the Raghop… https://t.co/VYTmNySWTn,Opoyis,
121,2020-11-03 01:34:43,"Voting begins for 94 seats across 17 districts in #Bihar.

Stay tuned for live updates: https://t.co/9dXfx8TtyT… https://t.co/EofnkAffo9",Opoyis,
122,2020-11-03 01:26:00,"As many as 2.85 crore voters will decide the fate of nearly 1,500 candidates, contesting for 94 constituencies in t… https://t.co/zq85SxCk6j",Opoyis,
123,2020-11-02 18:12:50,"RT @tfipost: In #Bihar, Modi wave is certain. But BJP voters' dilemma on Nitish vs Chirag fight could complicate things

One of the biggest…",SwastikaChopra,
124,2020-11-02 17:04:01,"RT @SJVatsal: ‘Lantern raj vs LED bulb’: PM Modi takes on Opposition in Motihari rally
https://t.co/7aYwfaBQTZ

#BiharWithNDA #BiharElectio…",MMJakhar,India.
125,2020-11-02 17:03:48,"RT @SJVatsal: After PM Modi's speech in Chhapra, women supporters celebrate on Bhojpuri songs
https://t.co/qeXobzL823

#BiharWithNDA #Bihar…",MMJakhar,India.
126,2020-11-02 16:11:20,"Same thing was told by #BJP in Bihar elections and there were sneers all around by ""Liberals"". Now what do they hav… https://t.co/TquEkbRUYC",sudhirbharadwaj,Bangalore
127,2020-11-02 15:55:40,"RT @tfipost: In #Bihar, Modi wave is certain. But BJP voters' dilemma on Nitish vs Chirag fight could complicate things

One of the biggest…",TheGnarlyHindu,
128,2020-11-02 15:02:00,RT @drachintya: #BJP's star campaigner @myogiadityanath said in #election meeting Ram-Janaki route be built &amp; it'll take 5 hours from #Ayod…,NamitaS10443904,
129,2020-11-02 14:55:30,#BJP's star campaigner @myogiadityanath said in #election meeting Ram-Janaki route be built &amp; it'll take 5 hours fr… https://t.co/bJ1OAj5aio,drachintya,"Sitamarhi, India"
130,2020-11-02 14:17:32,"RT @tfipost: In #Bihar, Modi wave is certain. But BJP voters' dilemma on Nitish vs Chirag fight could complicate things

One of the biggest…",MaulanaMolestor,
131,2020-11-02 14:08:53,"RT @tfipost: In #Bihar, Modi wave is certain. But BJP voters' dilemma on Nitish vs Chirag fight could complicate things

One of the biggest…",Siniste29580712,
132,2020-11-02 14:06:56,"RT @tfipost: In #Bihar, Modi wave is certain. But BJP voters' dilemma on Nitish vs Chirag fight could complicate things

One of the biggest…",pradeep41119402,
133,2020-11-02 14:05:59,"RT @tfipost: In #Bihar, Modi wave is certain. But BJP voters' dilemma on Nitish vs Chirag fight could complicate things

One of the biggest…",anthervedi,INDIA
134,2020-11-02 14:05:43,"RT @tfipost: In #Bihar, Modi wave is certain. But BJP voters' dilemma on Nitish vs Chirag fight could complicate things

One of the biggest…",VeerYoddha1l,India
135,2020-11-02 14:05:17,"RT @tfipost: In #Bihar, Modi wave is certain. But BJP voters' dilemma on Nitish vs Chirag fight could complicate things

One of the biggest…",DShivputra,HINDU Rashtra🕉️
136,2020-11-02 14:05:17,"RT @tfipost: In #Bihar, Modi wave is certain. But BJP voters' dilemma on Nitish vs Chirag fight could complicate things

One of the biggest…",beinginformedin,My Country India 
137,2020-11-02 14:04:48,"RT @tfipost: In #Bihar, Modi wave is certain. But BJP voters' dilemma on Nitish vs Chirag fight could complicate things

One of the biggest…",FrustIndian,"Noida, India"
138,2020-11-02 14:04:39,"In #Bihar, Modi wave is certain. But BJP voters' dilemma on Nitish vs Chirag fight could complicate things

One of… https://t.co/iOs5GlyZd7",tfipost,"New Delhi, India"
139,2020-11-02 13:35:55,"RT @PuttaVishnuVR: #BJP’s Bihar election campaign focused on Ram Mandir &amp; buying land in Kashmir🤦🏻‍♂️

          INSTEAD OF

Rising Unemplo…",TelanganaBest,
140,2020-11-02 13:27:39,"#BJP’s Bihar election campaign focused on Ram Mandir &amp; buying land in Kashmir🤦🏻‍♂️

          INSTEAD OF

Rising Un… https://t.co/HwMh6p6Cxy",PuttaVishnuVR,"Hyderabad, India"
141,2020-11-02 09:55:46,"After PM Modi's speech in Chhapra, women supporters celebrate on Bhojpuri songs
https://t.co/qeXobzL823… https://t.co/5oOWesuHAN",SJVatsal,India
142,2020-11-02 09:54:57,"‘Lantern raj vs LED bulb’: PM Modi takes on Opposition in Motihari rally
https://t.co/7aYwfaBQTZ

#BiharWithNDA… https://t.co/ZzQGJCiC0k",SJVatsal,India
143,2020-11-02 07:43:35,What about pollution in bihar........ No one talk about pollution in the election campaign...pollution must be one… https://t.co/QpsVfh5TIq,junaidaligarh,"Aligarh, India"
144,2020-11-02 06:20:07,#BiharElections2020 #Elections2020 LIVE Updates: Campaigning ends for 2nd phase; Polling for 94 seats on Tuesday… https://t.co/N4933MpsSz,CNBCTV18News,
145,2020-11-02 06:12:43,"After PM @narendramodi Ji's speech in Chhapra, women supporters celebrate on Bhojpuri songs in #Bihar.
#BJP
#NAMO… https://t.co/9BrK0SbRwd",MusfiqurDr,New India
146,2020-11-02 06:06:33,"‘Lantern raj vs LED bulb’: PM @narendramodi takes on Opposition in Motihari rally in #Bihar.
#BJP
#NAMO… https://t.co/1Ag85PWRwW",MusfiqurDr,New India
147,2020-11-02 04:52:37,"Bihar all set for polling in 94 constituencies
#BIHARELECTIONS #CAMPAIGNING #PMMODI #NITISHKUMAR #BJP
@AAPBihar… https://t.co/Ii3mLqjMQm",india_aware,
