,Date,Tweet,User,Location
0,2020-11-08 14:16:06,RT @VinodJohri2: Bihar elections &amp; previous state elections have proved that development &amp; JOBS are new religions of people across all spec…,gautamdelhite1,
1,2020-11-08 09:43:10,Bihar elections &amp; previous state elections have proved that development &amp; JOBS are new religions of people across a… https://t.co/537N8h9Nfm,VinodJohri2,"New Delhi, India"
2,2020-11-08 05:36:16,@RatanSharda55 @rsprasad @AmitShah Great lesson for BJP workers in Bengal and Bihar. Save your skin BJP machinery w… https://t.co/gAXPIEvzyr,VinayTiwari1802,
3,2020-11-08 05:19:35,"RT @anupamsuneet: Good Morning Bihar.
Please cast your vote but don't vote your caste.
#NDA 
#BJP4Bihar",AmitSha77461530,तुमरे सामने
4,2020-11-08 05:08:59,Nothing gonna happens as per prediction until #evm is there #bjp4bihar #BiharExitPolls #BiharElections2020 https://t.co/yq3fj8cLZd,jabi_ee,india
5,2020-11-07 19:30:48,"I'm Not A Fan Of #ExitPolls Or Opinion Polls...
But One Thing Is Sure... In #BiharElection2020 It Is Going To Be Ma… https://t.co/W1OZHh4wbc",imrichie13,
6,2020-11-07 15:21:05,"RT @anupamsuneet: Good Morning Bihar.
Please cast your vote but don't vote your caste.
#NDA 
#BJP4Bihar",achaturvedi_1,"Jhansi, India"
7,2020-11-07 13:55:14,"RT @anupamsuneet: Good Morning Bihar.
Please cast your vote but don't vote your caste.
#NDA 
#BJP4Bihar",sengar_krishan,India
8,2020-11-07 13:15:42,"RT @anupamsuneet: Good Morning Bihar.
Please cast your vote but don't vote your caste.
#NDA 
#BJP4Bihar",DattaVikramjit,Pune  Maharashtra. India
9,2020-11-07 10:11:30,"RT @anupamsuneet: Good Morning Bihar.
Please cast your vote but don't vote your caste.
#NDA 
#BJP4Bihar",MODIJI_helpus,"Mumbai, India "
10,2020-11-07 05:31:57,@ZeeNews Voted for #NDASangBihar only #bjp4bihar saffron India #hindurashtra,Luxeabbey,भारत 
11,2020-11-07 04:15:28,RT @keveeyes: Last round in #BiharPolls today; we will have the #ExitPoll results tonight. Let the @INCIndia - @SitaramYechury - @yadavteja…,MrSaiRao,U.S 
12,2020-11-07 04:05:08,Last round in #BiharPolls today; we will have the #ExitPoll results tonight. Let the @INCIndia - @SitaramYechury -… https://t.co/2vuVuDgzm8,keveeyes,"Cochin, India"
13,2020-11-07 03:23:53,"RT @anupamsuneet: Good Morning Bihar.
Please cast your vote but don't vote your caste.
#NDA 
#BJP4Bihar",VoiceOfKashi,
14,2020-11-07 02:42:47,"RT @anupamsuneet: Good Morning Bihar.
Please cast your vote but don't vote your caste.
#NDA 
#BJP4Bihar",RoshoinH,
15,2020-11-07 02:22:13,"RT @anupamsuneet: Good Morning Bihar.
Please cast your vote but don't vote your caste.
#NDA 
#BJP4Bihar",Me_PoisonBerry,
16,2020-11-07 01:52:19,"RT @anupamsuneet: Good Morning Bihar.
Please cast your vote but don't vote your caste.
#NDA 
#BJP4Bihar",1973dharmendra,भारत
17,2020-11-07 01:52:05,"RT @anupamsuneet: Good Morning Bihar.
Please cast your vote but don't vote your caste.
#NDA 
#BJP4Bihar",brand_bnarasi,भोलेनाथ की नगरी 🔱🚩
18,2020-11-07 01:51:00,"RT @anupamsuneet: Good Morning Bihar.
Please cast your vote but don't vote your caste.
#NDA 
#BJP4Bihar",mrGhost2_,"श्मशान घाट,"
19,2020-11-07 01:07:40,"RT @anupamsuneet: Good Morning Bihar.
Please cast your vote but don't vote your caste.
#NDA 
#BJP4Bihar",WhiskyLov,राजपूताना/जोधपुर/दिल्ली
20,2020-11-07 00:59:46,"Good Morning Bihar.
Please cast your vote but don't vote your caste.
#NDA 
#BJP4Bihar",anupamsuneet,"Varanasi, India"
21,2020-11-06 18:55:15,"Just heard the best line from
 A disgruntled Bihari #BiharElections2020

""Bhajpa bolta hai vaccine denge....
Karona… https://t.co/EYjfmg8ynx",navyogita,India
22,2020-11-06 10:37:07,Rahul baba ko bhool gaye kya sir. PM possibility to wo bhi थे 2014 or 2019 में | But he &amp; his elders backstabbed wh… https://t.co/eSsq3s39e1,BajajLavesh,"Jaipur, India"
23,2020-11-06 08:46:57,"Who Will Win Bihar ?

#Bihar #BiharElections #BiharElections2020 #biharopinionpoll #biharexitpolls #Katihar #EVM… https://t.co/jhQwKI5sxt",PotterAditya,"Katihar, India"
24,2020-11-06 02:22:15,@BJYM @Tejasvi_Surya @Prernapriyadash The Real Youth Icon of Today who leads fearlessly...🔥We r proud to have U… https://t.co/xEd4osMyzB,LPornima,"Thane, India"
25,2020-11-05 08:16:30,@Tejasvi_Surya The Real Youth Icon of Today who leads fearlessly...🔥We r proud to have U @Tejasvi_Surya as a BJYM p… https://t.co/LY1g82wW9Z,LPornima,"Thane, India"
26,2020-11-05 06:20:36,RT @TapasPaul4All: These days election of Bihar Vidhansabha are being held. The position of stars of NDA and Modi ji are strong. My opinion…,2Bhagwanpur,jukhia
27,2020-11-05 06:19:27,RT @TapasPaul4All: These days election of Bihar Vidhansabha are being held. The position of stars of NDA and Modi ji are strong. My opinion…,MidyaIndrajit,"contai, Bhupatinagar, Jukhia"
28,2020-11-04 19:02:51,"#BJP4Bihar #BJP4IND #BJPGovt #AmitShah @AmitShah @PMOIndia 
@rashtrapatibhvn @SupremeCourtIND ji we request you to… https://t.co/xPOHkRNmCH",JhaShekinah,Goa
29,2020-11-04 10:16:19,It is an issue we should never keep silent about but voice our protests against such acts of destruction of the goa… https://t.co/dle2GUCHGt,GM_MTDC,fort kochi
30,2020-11-04 05:57:56,"RT @BeingSaket: I urge my fellow citizen of #Bihar to come forward &amp; vote for the progress &amp; bright future of the state❤️

#VoteForNDA #Vot…",rao_karthik_,"Bengaluru, India"
31,2020-11-04 05:57:39,I urge my fellow citizen of #Bihar to come forward &amp; vote for the progress &amp; bright future of the state❤️… https://t.co/ErTeS1fCp6,BeingSaket,"Bengaluru, Karnataka"
32,2020-11-03 11:16:19,@ikkmurugan I'm surprised to see this! #bjp4bihar,Aamani_03,"Hyderabad, India"
33,2020-11-03 09:43:00,@_sabanaqvi #BiharWithNDA This Election Bihar Is Very Peaceful and Interesting #bjp4bihar #bjp4nation,Anil_Acb2020,"Vijayapura, Karnataka"
34,2020-11-03 08:51:10,"BJP workers | Bribing Voters | Seeking vote for #bhajap | મતદારો ને રિઝવવા કરી રૂપિયા ની લહાણી #bjp

Watch Like Sha… https://t.co/d4imzDMswq",AntvIndia,"Ahmadabad City, India"
35,2020-11-03 08:18:49,@RahulGandhi Vote for #bjp4bihar vote for Nation..,fightingfifth5,Hindustan 
36,2020-11-03 07:44:09,"RT @divanshu8496: Voted first time.
Vote for #BJP 
#BiharElections2020 
#bjp4nation #bjp4bihar 
@NitishKumar @narendramodi @SushilModi @jan…",AnirudhaPSingh,भारत
37,2020-11-03 06:52:45,RT @Dibyend98681969: These days election of Bihar Vidhansabha are being held. The position of stars of NDA and Modi ji are strong. My opini…,BadhanDutta12,West Bengal India
38,2020-11-03 06:51:50,RT @BhagwanpurBjp: These days election of Bihar Vidhansabha are being held. The position of stars of NDA and Modi ji are strong. My opinion…,BadhanDutta12,West Bengal India
39,2020-11-03 05:09:25,"Voted first time.
Vote for #BJP 
#BiharElections2020 
#bjp4nation #bjp4bihar 
@NitishKumar @narendramodi… https://t.co/kx5a97ax5y",divanshu8496,"Noida, UP"
40,2020-11-03 04:46:15,#WATCH Bihar: Deputy Chief Minister Sushil Kumar Modi had cast his vote today at polling booth no. 49 at St Joseph… https://t.co/ZlsbOOmGZy,News1bharat,"Noida, India"
41,2020-11-03 04:41:05,"@rohanrgupta Save democracy? From whom? 

Congressmen do not have a right to talk about democracy! You party doesn’… https://t.co/GwDLBSak4X",TrishulMalla,"Vishakhapatnam, India"
42,2020-11-03 04:15:04,Mask up and vote for #bjp4bihar,mindsnpower,Paris
43,2020-11-03 03:05:39,Voted for progress and nation.#OurVoteIsPower #democracy #bjp4bihar #CountEveryVote https://t.co/YbujMhh636,chandansingh4u,bangalore
44,2020-11-03 02:51:12,"Dear Bihar, go out and vote. #Vote4BJP #BJP4Bihar #YouthWithBJP #ChiragPaswan #LJP_BJP and don’t let state return t… https://t.co/YmLYBdU46k",ManuPutra,आर्यावर्त देश
45,2020-11-03 02:49:08,"RT @SARCSUHUB_07: #VoteForTejashwi #Modiji #BiharElection #bjp4bihar
Seriously Guy's you want to 
Make this joker as your CM https://t.co/u…",Sushils_Writes,
46,2020-11-03 02:46:52,"RT @SARCSUHUB_07: #VoteForTejashwi #Modiji #BiharElection #bjp4bihar
Seriously Guy's you want to 
Make this joker as your CM https://t.co/u…",Saliniy_adav23,"Uttar Pradesh, India"
47,2020-11-03 02:45:57,"#VoteForTejashwi #Modiji #BiharElection #bjp4bihar
Seriously Guy's you want to 
Make this joker as your CM https://t.co/uHLQ00Lezz",SARCSUHUB_07,India
48,2020-11-03 02:40:36,"1st time voting....
#bjp4bihar 
#Ljp4bihar https://t.co/aFz0q2lM7P",pradeep23041995,"Gopalganj, India"
49,2020-11-02 21:34:39,@TimesNow @ARanganathan72 #NDASangBihar NDA will win with absolute majority #bjp4bihar,NaMoSaokar,
50,2020-11-02 17:07:48,"Daily 1.5 GB data is not letting the youth of this country feel their joblessness- Ravish kumar .
#Unemployment… https://t.co/H79fXt35AM",utsavmofficial,u non invenient mihi locus
51,2020-11-02 15:47:03,"After PM @narendramodi's speech in Chhapra, women supporters celebrate on Bhojpuri songs
#BJP4bihar #BiharWithNamo… https://t.co/lCxlW8ZZ39",sauravsaha41,India
52,2020-11-02 13:55:43,@sanjay_saraogi please vote for peace and development of Bihar and also for our Darbhanga city so please vote for… https://t.co/HFMW0tltWa,gunjantushar,"Darbhanga, India"
53,2020-11-02 12:38:10,RT @TapasPaul4All: These days election of Bihar Vidhansabha are being held. The position of stars of NDA and Modi ji are strong. My opinion…,Jana09230349,"West Bengal, India"
54,2020-11-02 12:35:15,RT @vijay_jyotish: These days election of Bihar Vidhansabha are being held. The position of stars of NDA and Modi ji are strong. My opinion…,AMBARIS59118902,
55,2020-11-02 10:19:06,"@RahulGandhi Okay, last 50 years your Congress Govt has given everything which was demanded right?? Nehru as PM, Pa… https://t.co/tiRLIYNG7p",ashu_parihar,"Santa Clara, CA"
56,2020-11-02 09:28:48,RT @Dibyend98681969: These days election of Bihar Vidhansabha are being held. The position of stars of NDA and Modi ji are strong. My opini…,ParimalRajbnshi,
57,2020-11-02 09:27:57,RT @Aryasar39584150: These days election of Bihar Vidhansabha are being held. The position of stars of NDA and Modi ji are strong. My opini…,ParimalRajbnshi,
58,2020-11-02 09:23:31,RT @Shiv_Sharma1907: @Chhabiy @abpbihar @RubikaLiyaquat Highlights this to bihar people. #BJP4bihar  This kind of word using for Indian Peo…,IWillSpeakToo,India
59,2020-11-02 08:43:41,"RT @DasPrabindra: These days election of Bihar Vidhansabha are being held. The position of stars of NDA and Modi ji are strong. My opinion,…",Manojra12072384,
60,2020-11-02 08:36:23,"People of Bihar reject BJP/NaMo at your own PERIL.
If u want Govt. of Corrupt, Goondas, Thugs, Kidnapper's, Hoarder… https://t.co/YfzB3xSi14",RajeevSChouhan,
61,2020-11-02 07:51:50,RT @BhagwanpurBjp: These days election of Bihar Vidhansabha are being held. The position of stars of NDA and Modi ji are strong. My opinion…,PritamPrasadPr2,
62,2020-11-02 07:36:54,RT @Dibyend98681969: These days election of Bihar Vidhansabha are being held. The position of stars of NDA and Modi ji are strong. My opini…,RabinMoulik,
63,2020-11-02 07:23:51,RT @TapasPaul4All: These days election of Bihar Vidhansabha are being held. The position of stars of NDA and Modi ji are strong. My opinion…,BhagwanpurBjp,
64,2020-11-02 07:20:55,"RT @pankaj_boi: #BJP4bihar Praying for Win
#NarendraModi https://t.co/lA12qqTQIZ",khkarn,samastipur
65,2020-11-02 07:15:14,"@iAnkurSingh Mark these ""journalists "" in 2015 when @NitishKumar was not with #BJP4bihar 

And check out their narrative of later.",SanjaySgpre,
66,2020-11-02 06:31:05,These days election of Bihar Vidhansabha are being held. The position of stars of NDA and Modi ji are strong. My op… https://t.co/95qeVrPzpH,BhagwanpurBjp,
67,2020-11-02 06:27:43,RT @TapasPaul4All: These days election of Bihar Vidhansabha are being held. The position of stars of NDA and Modi ji are strong. My opinion…,PritamPrasadPr2,
68,2020-11-02 06:18:24,RT @Dibyend98681969: These days election of Bihar Vidhansabha are being held. The position of stars of NDA and Modi ji are strong. My opini…,SunilKu00790976,
69,2020-11-02 06:01:21,"#BJP4bihar Praying for Win
#NarendraModi https://t.co/lA12qqTQIZ",pankaj_boi,mohiuddin nagar samastipur
70,2020-11-02 05:51:22,RT @TapasPaul4All: These days election of Bihar Vidhansabha are being held. The position of stars of NDA and Modi ji are strong. My opinion…,Chandan85168853,contai
71,2020-11-02 05:46:46,"#BiharRejectsModi
#BJP_JDU
#BJP4bihar 
Guys are you serious,that you will cast your vote to RJD..
They are serious… https://t.co/88jroDKryl",OolaMuhammad,
72,2020-11-02 05:32:24,@Chhabiy @abpbihar @RubikaLiyaquat Highlights this to bihar people. #BJP4bihar  This kind of word using for Indian… https://t.co/0RBobC1xxr,Shiv_Sharma1907,"Mumbai, India"
73,2020-11-02 04:26:32,#BJP #BJP4bihar #bjp4india well well done demonetisation be it farmers Bill and whatever else only abrogation of 37… https://t.co/OsWk5T7l4H,GM_MTDC,fort kochi
