id_str,full_text,created_at,favourites_count,statuses_count,followers_count,retweeted,retweet_count,retweeted_text,location,hashtags,user_mentions,symbols,urls
1083911681510502400,Compare the two .... @dpradhanbjp @AprajitaSarangi @BJP4Odisha,Sat Jan 12 02:20:57 +0000 2019,558,368,49,False,0,,BBSR/Nayagarh,1,3,0,0
1085929689431113728,A said it will record statement of complainant and leader on January 21 in a complaint against member .,Thu Jan 17 15:59:48 +0000 2019,11,106095,15031,False,0,,New Delhi,7,0,0,0
1085809426773159937,E-Paper For a detailed Version. Please log on to िला ुनावआयोग ाजस्थान ्पर्क ुर,Thu Jan 17 08:01:55 +0000 2019,3,426,19,False,0,,India,21,0,0,1
1085768171481518081,: JD(S) is reportedly planning to lure 5 MLAs to weaken BJP in the polls. JD(S) likely to get support from .,Thu Jan 17 05:17:59 +0000 2019,51,49312,7627,False,2,,BENGALURU,4,0,0,0
1085754328915177472,"RT @electionstation: BJP's bid to topple Karnataka government fails, says Congress Minister @INCIndia @DrParameshwara …",Thu Jan 17 04:22:59 +0000 2019,18,35152,436,False,1,"BJP's bid to topple Karnataka government fails, says Congress Minister @INCIndia @DrParameshwara",London,1,3,0,0
1085753054496907266,"BJP's bid to topple Karnataka government fails, says Congress Minister @INCIndia @DrParameshwara",Thu Jan 17 04:17:55 +0000 2019,76,3822,5671,False,1,,India,9,2,0,1
1085749858345005056,Who would you choose 'A' or 'B'? Comment below! . . . .,Thu Jan 17 04:05:13 +0000 2019,1,9,1,False,0,,Unknown,13,0,0,1
1085586232682393607,polls are not far off..Voters are watching your attitude closely. One of the reasons @BJP4Rajasthan losing assembly polls was arrogance. Learn from it.. Improve... Forget about general public these new guys do not have time for too.. Sad @RajCMO,Wed Jan 16 17:15:01 +0000 2019,8686,1801,509,False,1,,Jaipur,3,2,0,0
1085490252968452097,"RT @BengalNewz: Congress MP from , joined @BJP4India on Wednesday. ""There are many from …",Wed Jan 16 10:53:38 +0000 2019,8012,3335,2310,False,2,"Congress MP from , joined @BJP4India on Wednesday. ""There are many from who want to join "", he said. Earlier in November 2017, , who was once number two in had joined @BJP4Bengal. | RT@WestBengal_BN",Kolkata West Bengal India,4,2,0,0
1085454143718858752,RT @Indianobserver_: E-Paper For a detailed Version. Please log on to …,Wed Jan 16 08:30:09 +0000 2019,13,5124,205,False,1,E-Paper For a detailed Version. Please log on to िला ुनावआयोग ाजस्थान ्पर्क ुर,Mumbai India,5,1,0,1
1085450826846355457,E-Paper For a detailed Version. Please log on to िला ुनावआयोग ाजस्थान ्पर्क ुर,Wed Jan 16 08:16:58 +0000 2019,3,426,19,False,1,,India,21,0,0,1
1085447390088245250,"BJP denies 'game' in Karnataka, says problem within Congress @BJP4Karnataka @BJP4India @hd_kumaraswamy",Wed Jan 16 08:03:19 +0000 2019,76,3822,5671,False,0,,India,9,3,0,1
1085387047211274241,Credits - @modi_nama,Wed Jan 16 04:03:32 +0000 2019,1,9,1,False,0,,Unknown,13,1,0,0
1085386933474377733,Credits - @modi_nama,Wed Jan 16 04:03:05 +0000 2019,1,9,1,False,0,,Unknown,13,1,0,0
1085385886081208321,Credits - @modi_nama,Wed Jan 16 03:58:55 +0000 2019,1,9,1,False,0,,Unknown,13,1,0,0
1085385374707433472,About FDI - Foreign Direct Investment . Credits - @Modi_Nama,Wed Jan 16 03:56:53 +0000 2019,1,9,1,False,0,,Unknown,13,1,0,0
1085205341896228864,RT @electionstation: Karnataka Minister alleges poaching of Congress MLAs by BJP @INCIndia …,Tue Jan 15 16:01:30 +0000 2019,133,44,4,False,1,Karnataka Minister alleges poaching of Congress MLAs by BJP @INCIndia,New Delhi India,3,2,0,0
1085093228527812608,E-Paper For a detailed Version. Please log on to िला ुनावआयोग ाजस्थान ्पर्क ुर,Tue Jan 15 08:36:00 +0000 2019,3,426,19,False,0,,India,21,0,0,1
1085063982036049921,RT @NEWS9TWEETS: : MLA is said to be in touch with leaders in . BJP planning to field Umesh Jadh…,Tue Jan 15 06:39:47 +0000 2019,126970,172715,2371,False,4,: MLA is said to be in touch with leaders in . BJP planning to field Umesh Jadhav against MP in Kalaburagi seat.,Madras,5,1,0,0
1085044539214094337,: MLA is said to be in touch with leaders in . BJP planning to field Umesh Jadhav against MP in Kalaburagi seat.,Tue Jan 15 05:22:31 +0000 2019,51,49312,7627,False,4,,BENGALURU,8,0,0,0
1084823219989704704,for rajasthan will probably be the first state of the country in which the must choose a new candidate for all seats! @ahmedpatel @ashokgehlot51 @avinashpandeinc,Mon Jan 14 14:43:05 +0000 2019,48,1350,814,False,0,,jaipurrajsthan,5,3,0,0
1084817822826536960,RT @manishBJPUP: Modi govt has been passed in When we mean “Women Empowerment” we prove it. &amp; for Congress who…,Mon Jan 14 14:21:38 +0000 2019,984,929,0,False,34,Modi govt has been passed in When we mean “Women Empowerment” we prove it. &amp; for Congress who opposed the bill please note that 20 Islamic country has banned &amp; India being “Secular” country should protect the interest of every individual.,Unknown,2,1,0,0
1084751545563074561,RJD leader indicated that his party may not dump the in for the 2019 elections even as he expressed confidence that the - alliance in will wipe out the :,Mon Jan 14 09:58:16 +0000 2019,11,106095,15031,False,3,,New Delhi,8,0,0,1
1084728344388591617,Karnataka Minister alleges poaching of Congress MLAs by BJP @INCIndia,Mon Jan 14 08:26:05 +0000 2019,76,3822,5671,False,1,,India,8,1,0,1
1084718963752296449,E-Paper For a detailed Version. Please log on to िला ुनावआयोग ाजस्थान ्पर्क ुर,Mon Jan 14 07:48:48 +0000 2019,3,426,19,False,0,,India,21,0,0,1
1084706367057711104,RT @NEWS9TWEETS: expects to win 22 out of 28 seats in . Can BJP achieve its ''? …,Mon Jan 14 06:58:45 +0000 2019,28,14336,28369,False,17,expects to win 22 out of 28 seats in . Can BJP achieve its ''? @BSYBJP @siddaramaiah @hd_kumaraswamy @narendramodi @AmitShah @dineshgrao @BJP4Karnataka @BJP4India @INCKarnataka @INCIndia,stay active,6,1,0,0
1084660213179834369,BSP+SP to equal share in seats 40+40 They made Congress to stand alone In 2014 BJP - 71 BSP - 0 SP - 5 OTHERS - 2 INC - 2 only at ( &amp; ),Mon Jan 14 03:55:21 +0000 2019,10714,4830,1025,False,1,,Chennai India,6,0,0,0
1084516099847143424,"RT @vishalarorabjp: Huge applous @narendramodi govt 4 passing in with 245 in favour, after Congress walkout &amp; de…",Sun Jan 13 18:22:42 +0000 2019,1,158,0,False,23,"Huge applous @narendramodi govt 4 passing in with 245 in favour, after Congress walkout &amp; demand of proposed legislation be sent to select committee for detailed deliberations. The Bill 2 make the practice of in Muslims a Cognizable Offence",Unknown,2,2,0,0
1084463965210640387,"WILL BJP SURVIVE UP? IF SO HOW WELL?....2014 73 out of 80....in 2019?? 2019 polls: -BSP seat-sharing deal for UP leaves jittery, in the cold | @AudaciousQuest @nehasamee11 @SwarajyaMag @OpIndia_com",Sun Jan 13 14:55:32 +0000 2019,1504,257065,13991,False,1,,Canada & USA,4,4,0,1
1084455604293435392,Congress seems to be with BJP in Uttar Pradesh 😀😀😀,Sun Jan 13 14:22:18 +0000 2019,4913,2315,182,False,0,,India,6,0,0,1
1084451455665266688,Who's gonna win in 2019 Lok Sabha election,Sun Jan 13 14:05:49 +0000 2019,66,20,11,False,0,,Unknown,14,0,0,0
1084438319713312768,expects to win 22 out of 28 seats in . Can BJP achieve its ''? @BSYBJP @siddaramaiah @hd_kumaraswamy @narendramodi @AmitShah @dineshgrao @BJP4Karnataka @BJP4India @INCKarnataka @INCIndia,Sun Jan 13 13:13:37 +0000 2019,51,49312,7627,False,17,,BENGALURU,8,10,0,0
1084409057618800642,@INCIndia Makes Triangle Contest For all 80 Seats In Till date UP to face Triangle Election SP+BSP v/s BJP v/s Congress,Sun Jan 13 11:17:21 +0000 2019,6783,9915,1366,False,0,,National Capital Region,2,1,0,1
1084407542233452545,"A day after it was virtually left out being part of an anti-BJP alliance formed by the and , declared it will contest all the 80 seats from on its own",Sun Jan 13 11:11:20 +0000 2019,136,67928,3551,False,0,,Chennai India,7,0,0,1
1084390663922335744,"A day after it was virtually left out being part of an anti-ाओ_देश_बचाओ alliance formed by the , the on Sunday declared it will contest all the 80 seats from the state on its own - via @EconomicTimes",Sun Jan 13 10:04:15 +0000 2019,9153,37819,666,False,1,,Tax Haven,4,1,0,1
1084344148516204546,"RT @NEWS9TWEETS: : MP clarifies that he won't be joining the , says his only aim is to win the upcomi…",Sun Jan 13 06:59:25 +0000 2019,79,79677,206,False,1,": MP clarifies that he won't be joining the , says his only aim is to win the upcoming election.",Unknown,4,1,0,0
1084343173269184512,": MP clarifies that he won't be joining the , says his only aim is to win the upcoming election.",Sun Jan 13 06:55:33 +0000 2019,51,49312,7627,False,1,,BENGALURU,5,0,0,0
1084333216884875264,E-Paper For a detailed Version. Please log on to िला ुनावआयोग ाजस्थान ्पर्क ुर,Sun Jan 13 06:15:59 +0000 2019,3,426,19,False,0,,India,21,0,0,1
1084306129688002560,: leaders belonging to Lambani community have reportedly tried to woo MLA to join the BJP and contest polls from .,Sun Jan 13 04:28:21 +0000 2019,51,49312,7627,False,0,,BENGALURU,6,0,0,0
1084267760807538688,"RT @DailyO_: 2019 polls: -BSP seat-sharing deal for UP leaves jittery, in the cold |",Sun Jan 13 01:55:53 +0000 2019,4075,31706,8215,False,1,"2019 polls: -BSP seat-sharing deal for UP leaves jittery, in the cold |",Hyderabad India,4,1,0,1
1084200871733485568,"2019 polls: -BSP seat-sharing deal for UP leaves jittery, in the cold |",Sat Jan 12 21:30:05 +0000 2019,39,44450,59439,False,1,,New Delhi Delhi,4,0,0,1
1084125170162266113,"@Shehzad_Ind brilliant strategies by @AmitShah ji: MP, Raj, CG me bhale congress sarkaar ho, lekin BJP me pichle 4.5 years me North East par majboot pakad kar li hai aur kynki ab ke election hai to MP, UP se atleast BJP majority se ayegi",Sat Jan 12 16:29:17 +0000 2019,7877,3581,70,False,0,,it doesn't matter,1,2,0,0
1084072474122190849,"With general elections (both for and ) few months ahead, political tug of war has begun among contenders , Bharatiya Janata Party and Biju Janata Dal",Sat Jan 12 12:59:53 +0000 2019,166,38531,1963,False,0,,Bhubaneshwar India,8,0,0,1
1084060009728622592,Confused!!! @AmitShah said yesterday BJP has full majority in &amp; govts in 16 states after 2014 &amp; @narendramodi said today is not allowing govt to build .,Sat Jan 12 12:10:21 +0000 2019,372,995,4739,False,0,,Unknown,3,2,0,0
1084032504481411072,"RT @DailyO_: 2019 polls: -BSP seat-sharing deal for UP leaves jittery, in the cold | ht…",Sat Jan 12 10:21:04 +0000 2019,1838,17600,4841,False,3,"2019 polls: -BSP seat-sharing deal for UP leaves jittery, in the cold |",Delhi-Mumbai-Cambridge,4,1,0,1
1084006171583938560,Will the BSP-SP alliance hurt BJP in during 2019 Lok Sabha polls? @INCIndia @BJP4India,Sat Jan 12 08:36:25 +0000 2019,1013,604,487,False,0,,Gandhinagar India,15,2,0,0
1084003909616656384,E-Paper For a detailed Version. Please log on to िला ुनावआयोग ाजस्थान ्पर्क ुर,Sat Jan 12 08:27:26 +0000 2019,3,426,19,False,0,,India,21,0,0,1
1083998917346422784,"RT DailyO_: 2019 polls: -BSP seat-sharing deal for UP leaves jittery, in the cold |",Sat Jan 12 08:07:36 +0000 2019,4782,261978,8797,False,0,,Unknown,4,0,0,1
1083995680002080769,Will the BSP-SP alliance hurt BJP in during Lok Sabha polls? @INCIndia @BJP4India,Sat Jan 12 07:54:44 +0000 2019,51,49312,7627,False,24,,BENGALURU,15,2,0,0
1083995351328133121,"2019 polls: -BSP seat-sharing deal for UP leaves jittery, in the cold |",Sat Jan 12 07:53:26 +0000 2019,39,44450,59439,False,3,,New Delhi Delhi,4,0,0,1
1083988209514627073,", Akhilesh Yadav announces seat sharing for polls. ET NOW's @SupriyaShrinate says that UP represents one-sixth of the Lok Sabha seats, hence BJP will have numerous reasons to worry about the BSP-SP alliance. Meanwhile, Congress will be an insignificant player",Sat Jan 12 07:25:03 +0000 2019,82,401583,434300,False,0,,India,2,1,0,0
1083987217498796033,@samajwadiparty @BSP4Bharat @yadavakhilesh _ alliance for finalized just now. 38 seats each. 2 for even without truck with them. _ Very for ! Esp for . _ @IndiaToday @sardesairajdeep,Sat Jan 12 07:21:06 +0000 2019,669,1496,110,False,0,,Unknown,9,5,0,0
1083628957113536512,E-Paper For a detailed Version. Please log on to िला ुनावआयोग ाजस्थान ्पर्क ुर,Fri Jan 11 07:37:30 +0000 2019,3,426,19,False,0,,India,21,0,0,1
1083396553832886273,Ordinace Passed by Government,Thu Jan 10 16:14:01 +0000 2019,46,38681,22456,False,0,,Mumbai India,7,0,0,1
1083331152197242880,"The quota bill in Rajya Sabha was passed by 165 votes, more than two-thirds majority of the house. Seven members voted against it.",Thu Jan 10 11:54:08 +0000 2019,58,411,329,False,0,,Delhi,6,0,0,1
1083282505346703360,E-Paper For a detailed Version. Please log on to िला ुनावआयोग ाजस्थान ्पर्क ुर,Thu Jan 10 08:40:50 +0000 2019,3,426,19,False,0,,India,21,0,0,1
1083246061119000577,"by - Regional ragas : The latest from New Delhi’s political drawing rooms is that on current form, both national parties, the ruling Bharatiya Janata Party. ...",Thu Jan 10 06:16:01 +0000 2019,6,45003,16620,False,0,,Unknown,5,0,0,1
1083226096441745408,"@GauravPandhi @SimmiAhuja_ @KirronKherBJP There's quite a few people in parliment that need sorting out. Let's start at the top. Congress has a party President that hugs, winks and sleeps and makes paper aeroplane's in the . How disrespectful. Yesterday he insults the first female DM.",Thu Jan 10 04:56:41 +0000 2019,6795,6575,125,False,0,,London England,2,3,0,0
1083220728533549056,"In a major blow to West Bengal chief minister and Trinamool Congress chief @MamataOfficial ahead of elections, party MP Saumitra Khan on Wednesday joined the BJP.",Thu Jan 10 04:35:21 +0000 2019,7766,69646,53543,False,1,,South Asia,1,1,0,1
1083139544793468929,"RT @daily_pol1: Between these two parties, which party do you think is the most corrupt? …",Wed Jan 09 23:12:45 +0000 2019,30016,1800,2435,False,2,"Between these two parties, which party do you think is the most corrupt?",India,4,1,0,0
1083050135683252224,TMC says party MP who joined BJP already 'expelled' @AITCofficial @BJP4India @BJPBengal,Wed Jan 09 17:17:29 +0000 2019,2012,156035,2519,False,0,,Hyderabad,4,3,0,1
1083022003056062464,Row: Leaders Tender Resignation As State Ministers to CM,Wed Jan 09 15:25:41 +0000 2019,46,38681,22456,False,0,,Mumbai India,10,0,0,1
1082976345309749249,"Chief Meets And , &amp; Chiefs in to Discuss Financial Crisis",Wed Jan 09 12:24:16 +0000 2019,46,38681,22456,False,0,,Mumbai India,10,0,0,1
1082970016771760129,"Congress MP from , joined @BJP4India on Wednesday. ""There are many from who want to join "", he said. Earlier in November 2017, , who was once number two in had joined @BJP4Bengal. | RT@WestBengal_BN",Wed Jan 09 11:59:07 +0000 2019,13339,47536,4692,False,2,,Kolkata🇮🇳 and Dhaka🇧🇩,8,3,0,0
1082964577904582657,Congress Kisan Ke Saath Dhoka Kar Rahi Hai. Kisan should realise why even after 60 years of Congress Raj there is poor state of Farming in India. @BJP4India,Wed Jan 09 11:37:30 +0000 2019,3499,4274,131,False,0,,Unknown,4,1,0,0
1082959588373057536,"In a setback to ahead of the polls, (TMC) on Wednesday joined the (BJP).",Wed Jan 09 11:17:40 +0000 2019,166,38531,1963,False,0,,Bhubaneshwar India,7,0,0,1
1082955145359515649,"joins | India News, The Indian Express @MamataOfficial @AITCofficial @derekobrienmp",Wed Jan 09 11:00:01 +0000 2019,76776,39895,4069,False,0,,Hyderabad India,5,3,0,0
1082915141849497600,E-Paper For a detailed Version. Please log on to िला ुनावआयोग ाजस्थान ्पर्क ुर,Wed Jan 09 08:21:04 +0000 2019,3,426,19,False,0,,India,21,0,0,1
1082895022343798785,The way @INCIndia debated on yesterday in is shameful. It's time for today to face the challenge in &amp; stop it else along with @BJP4India which is playing...,Wed Jan 09 07:01:07 +0000 2019,4767,12153,1044,False,0,,Mumbai India,4,2,0,1
1082893878846414848,The way @INCIndia debated on yesterday in is shameful. It's time for today to face the challenge in &amp; stop it else along with @BJP4India which is playing vote bank card on communal line Congress will also face heat.,Wed Jan 09 06:56:34 +0000 2019,4767,12153,1044,False,0,,Mumbai India,4,2,0,0
1082891382967001088,@ANI Yesterday @INCIndia Congress Surrendered in coz numbers were not in their favour. But here in they will delay it so that it gets stuck. Showing True Colors. I wonder how they will portray in front of people. BJP Played Win Win Game infront of Upper caste,Wed Jan 09 06:46:39 +0000 2019,221,7615,110,False,1,,India,2,2,0,0
1082749640200601600,"Between these two parties, which party do you think is the most corrupt?",Tue Jan 08 21:23:25 +0000 2019,30016,1800,2435,False,2,,India,16,0,0,0
1082705370181718016,"Upper Cast 10% Quota Bill Passed in ; PM , And React",Tue Jan 08 18:27:30 +0000 2019,46,38683,22456,False,0,,Mumbai India,9,0,0,1
1082702375133925377,"124th amendment in the constitution, it's no more Ambedkar's constitution. The constitution has become a mere tool for BJP and Congress to play politics. are being cheated and they need to speak up.",Tue Jan 08 18:15:36 +0000 2019,24,40,17,False,39,,New Delhi India,3,0,0,0
1082682644910034946,": for upper gets approval of ; Narendra , President Gandhi, leader Lal Krishna were present in the during the .",Tue Jan 08 16:57:12 +0000 2019,74,191,0,False,1,,Unknown,12,0,0,1
1082682308878987269,"When you have 62.5% reservation, don't call it a reservation please ाओ_देश_बचाओ",Tue Jan 08 16:55:52 +0000 2019,95,113,19,False,3,,Bengaluru India,15,0,0,0
1082675086392520705,Quota bill in haste after poll losses: Congress @KV_Thomas @INCIndia @BJP4India,Tue Jan 08 16:27:10 +0000 2019,2012,156035,2519,False,0,,Hyderabad,4,3,0,1
1082623799898591233,"Lok Sabha today passed the contentious Citizenship (Amendment) Bill 2019, that seeks to to provide Indian citizenship to non-Muslims from Bangladesh, Pakistan and Afghanistan. Read more at:",Tue Jan 08 13:03:22 +0000 2019,1801,2273,5912,False,1,,Dimapur,6,0,0,1
1082564408549621761,E-Paper For a detailed Version. Please log on to िला ुनावआयोग ाजस्थान ्पर्क ुर,Tue Jan 08 09:07:22 +0000 2019,3,426,19,False,0,,India,21,0,0,1
1082516339531476992,"When you choose NOTA in election you directly help Congress, Mayawati, Akhilesh, Lalu, AAP because Muslims rarely choose NOTA and thus BJP loose directly. It is to be observed and to inform all Hindus",Tue Jan 08 05:56:22 +0000 2019,784,1214,219,False,0,,Indirapuram Ghaziabad,5,0,0,0
1085796169484099586,"Numbers Don't LIE.. In last 8 , / combined has got MAX 65% seats. Range of Rising BJP (85 -282) &amp; Declining Congress is ( 232 - 44) ""Law of Conservation of BJP / Congress LokSabha MPs"" So Don't commit the Mistake of IGNORING Regional Parties.",Thu Jan 17 07:09:14 +0000 2019,1395,1733,185,False,0,,Patna India,3,0,0,0
1085754328915177472,"RT @electionstation: BJP's bid to topple Karnataka government fails, says Congress Minister @INCIndia @DrParameshwara …",Thu Jan 17 04:22:59 +0000 2019,18,35152,436,False,1,"BJP's bid to topple Karnataka government fails, says Congress Minister @INCIndia @DrParameshwara",London,1,3,0,0
1085753054496907266,"BJP's bid to topple Karnataka government fails, says Congress Minister @INCIndia @DrParameshwara",Thu Jan 17 04:17:55 +0000 2019,76,3824,5671,False,1,,India,9,2,0,1
1085447390088245250,"BJP denies 'game' in Karnataka, says problem within Congress @BJP4Karnataka @BJP4India @hd_kumaraswamy",Wed Jan 16 08:03:19 +0000 2019,76,3824,5671,False,0,,India,9,3,0,1
1085205341896228864,RT @electionstation: Karnataka Minister alleges poaching of Congress MLAs by BJP @INCIndia …,Tue Jan 15 16:01:30 +0000 2019,133,44,4,False,1,Karnataka Minister alleges poaching of Congress MLAs by BJP @INCIndia,New Delhi India,3,2,0,0
1085013658361507846,leader said the wanted secular parties to remain divided in before the and contest independently so their votes could be split.,Tue Jan 15 03:19:49 +0000 2019,333,515724,1988748,False,0,,Mumbai India,5,0,0,1
1084728344388591617,Karnataka Minister alleges poaching of Congress MLAs by BJP @INCIndia,Mon Jan 14 08:26:05 +0000 2019,76,3824,5671,False,1,,India,8,1,0,1
1084652798552137728,"Mayawati may focus on West, Akhilesh Yadav on East",Mon Jan 14 03:25:53 +0000 2019,240,1038,345,False,0,,New Delhi India,9,0,0,1
1084417018093322240,Congress to contest all 80 Lok Sabha seats in UP @INCIndia @BJP4India @BJP4UP @INCUttarPradesh @ghulamnazad,Sun Jan 13 11:48:59 +0000 2019,2012,156035,2519,False,0,,Hyderabad,4,5,0,1
1084026501908127744,by - Fast-track the missing links : Not all is lost for the BJP. The politics of development alone may not be enough for the party that needs to strengthen its core leadership base. ...,Sat Jan 12 09:57:12 +0000 2019,6,45005,16620,False,0,,Unknown,5,0,0,1
1084026112554856448,"Congress won in three Hindi heartland states, but we have ‘not lost ground’: Amit Shah @BJP4India @naqvimukhtar @narendramodi",Sat Jan 12 09:55:40 +0000 2019,59,49564,775,False,0,,Unknown,8,3,0,1
1083590560408109056,- The new Bill has opened a Pandora’s box. Can the Opposition wrest the pre-poll narrative from the BJP yet.,Fri Jan 11 05:04:56 +0000 2019,6,45005,16620,False,0,,Unknown,5,0,0,2
1083349642669109248,Is Congress’s 3 State Win a Threat for @BJP4India in ? @INCIndia @RahulGandhi ाओ_देश_बचाओ @BJPLive,Thu Jan 10 13:07:37 +0000 2019,1373,7351,3819,False,0,,New Delhi Delhi,5,4,0,1
1082661554007523331,RT @Eenadu_English: Andhra CM meets Rahul Gandhi; discuss plans to take on BJP @…,Tue Jan 08 15:33:24 +0000 2019,36480,48922,222,False,1,Andhra CM meets Rahul Gandhi; discuss plans to take on BJP @AndhraPradeshCM @BJP4Andhra @INC_Andhra @JaiTDP @BJP4India @ncbn,TirupatiAndhra I N D I A,5,1,0,0
1082655271665786882,Andhra CM meets Rahul Gandhi; discuss plans to take on BJP @AndhraPradeshCM @BJP4Andhra @INC_Andhra @JaiTDP @BJP4India @ncbn,Tue Jan 08 15:08:26 +0000 2019,2012,156035,2519,False,1,,Hyderabad,5,6,0,1
1085754328915177472,"RT @electionstation: BJP's bid to topple Karnataka government fails, says Congress Minister @INCIndia @DrParameshwara …",Thu Jan 17 04:22:59 +0000 2019,18,35152,436,False,1,"BJP's bid to topple Karnataka government fails, says Congress Minister @INCIndia @DrParameshwara",London,1,3,0,0
1085753054496907266,"BJP's bid to topple Karnataka government fails, says Congress Minister @INCIndia @DrParameshwara",Thu Jan 17 04:17:55 +0000 2019,76,3824,5671,False,1,,India,9,2,0,1
1085521969729040384,"बुआ-बबुआ पर भारी, मोदी-योगी की यारी? Kindly watch UP natives reaction on SP-BSP alliance. Like it, share it and subscribe the channel. @MayawatiUp @yadavakhilesh",Wed Jan 16 12:59:40 +0000 2019,6972,9025,200,False,1,,Unknown,6,2,0,1
1085447390088245250,"BJP denies 'game' in Karnataka, says problem within Congress @BJP4Karnataka @BJP4India @hd_kumaraswamy",Wed Jan 16 08:03:19 +0000 2019,76,3824,5671,False,0,,India,9,3,0,1
1085428580530733059,As i said its not easy it is proving right. So looking at latest reports is failure😂 2 independents became bali ka bakra😬 @BJP4Karnataka &amp; @BSYBJP should simply focus on . After loksabha congress will only make this govt fall.👊,Wed Jan 16 06:48:34 +0000 2019,6025,7484,185,False,0,,India,2,2,0,0
1085378351064322048,if pulls down government in it will raise the morale of workers in fighting in,Wed Jan 16 03:28:58 +0000 2019,151,31542,3018,False,0,,San Jose,8,0,0,0
1085221612108972032,Both &amp; targets South India than before. forts of &amp; will also spare some vote share to from . may loose its important vote share in . issue will help both &amp; .,Tue Jan 15 17:06:09 +0000 2019,441,4687,1551,False,0,,Chennai Tamil Nadu,12,0,0,1
1085205341896228864,RT @electionstation: Karnataka Minister alleges poaching of Congress MLAs by BJP @INCIndia …,Tue Jan 15 16:01:30 +0000 2019,133,44,4,False,1,Karnataka Minister alleges poaching of Congress MLAs by BJP @INCIndia,New Delhi India,3,2,0,0
1085199580977815552,"From backing at Centre to being an in , has stuck with saffron party. But it hasn't stopped -led party from being critical. While has confirmed seat-sharing with ahead of",Tue Jan 15 15:38:36 +0000 2019,333,515724,1988747,False,2,,Mumbai India,8,0,0,1
1085165452697821184,"The Jan Sangh candidate used to win here as early as in the 60s. Later, BJP's Laxminarayan Pandey won 8 times. It was Meenakshi Natrajan who had won it for Congress in 2009. I write about Mandsaur seat for @GetNewsd at",Tue Jan 15 13:22:59 +0000 2019,4258,17521,6253,False,9,,Bhopal India,2,1,0,1
1085059087484604416,"For detailed reports of Fate of Nation II - (Nov - Dec, 2018) : .",Tue Jan 15 06:20:20 +0000 2019,441,4687,1551,False,0,,Chennai Tamil Nadu,14,0,0,1
1085057598213083136,"Comparison of our 1st &amp; 2nd report (June - July &amp; Nov - Dec, 2018) .",Tue Jan 15 06:14:25 +0000 2019,441,4687,1551,False,0,,Chennai Tamil Nadu,14,0,0,0
1085056738594762752,led may have a landslide victory at in . - ( ++ ) - 13 ( ++ ) - 05 ( ++ ) - 02 -,Tue Jan 15 06:11:00 +0000 2019,441,4687,1551,False,4,,Chennai Tamil Nadu,17,0,0,0
1085025900729528323,"LIVE: Modi in Kerala, Odisha; Congress to discuss strategy @narendramodi @BJP4India",Tue Jan 15 04:08:28 +0000 2019,459,17068,1339,False,0,,Mumbai India,8,2,0,1
1085002139548688384,RT @NEWS9TWEETS: denies . &amp; JD(S) claim BJP is poaching MLAs. Which party is telling the truth? @BSYBJP @na…,Tue Jan 15 02:34:03 +0000 2019,2250,958,82,False,14,denies . &amp; JD(S) claim BJP is poaching MLAs. Which party is telling the truth? @BSYBJP @narendramodi @AmitShah @siddaramaiah @hd_kumaraswamy @H_D_Devegowda @DKShivakumar @INCKarnataka @BJP4Karnataka,Bengaluru South India,3,2,0,0
1084871423435235329,"RT @abpnewstv: : , fell into pattern by announcing alliance in UP, says",Mon Jan 14 17:54:37 +0000 2019,4229,21630,17375,False,1,": , fell into pattern by announcing alliance in UP, says",New Delhi,5,1,0,1
1084850011576233984,": , fell into pattern by announcing alliance in UP, says",Mon Jan 14 16:29:32 +0000 2019,20203,5775,84,False,0,,Jodhpur India,5,0,0,1
1084848678697750528,": , fell into pattern by announcing alliance in UP, says",Mon Jan 14 16:24:15 +0000 2019,3,186831,8047739,False,1,,India,5,0,0,1
1084763929631313921,denies . &amp; JD(S) claim BJP is poaching MLAs. Which party is telling the truth? @BSYBJP @narendramodi @AmitShah @siddaramaiah @hd_kumaraswamy @H_D_Devegowda @DKShivakumar @INCKarnataka @BJP4Karnataka,Mon Jan 14 10:47:29 +0000 2019,51,49318,7629,False,14,,BENGALURU,7,9,0,0
1084762836956520448,": Backs - Alliance in , Says 'Our Motive is to Defeat '",Mon Jan 14 10:43:08 +0000 2019,46,38690,22459,False,0,,Mumbai India,10,0,0,1
1084753579330670592,@vivekagnihotri @ChouhanShivraj Farmers and middle class already ruining for voting for in .... A very good sign for . is expected to sweep MP in again...,Mon Jan 14 10:06:21 +0000 2019,4454,695,45,False,0,,Agartala India,8,2,0,0
1084748536246345729,"Excluding from is a politically wise move by the two regional parties, a blessing in disguise for Congress and could give cause for concern. My take: @INCIndia @BJP4India @samajwadiparty @BSP4Bharat",Mon Jan 14 09:46:19 +0000 2019,13,12248,2461,False,2,,Delhi India,4,4,0,1
1084728344388591617,Karnataka Minister alleges poaching of Congress MLAs by BJP @INCIndia,Mon Jan 14 08:26:05 +0000 2019,76,3824,5671,False,1,,India,8,1,0,1
1084706367057711104,RT @NEWS9TWEETS: expects to win 22 out of 28 seats in . Can BJP achieve its ''? …,Mon Jan 14 06:58:45 +0000 2019,28,14338,28369,False,17,expects to win 22 out of 28 seats in . Can BJP achieve its ''? @BSYBJP @siddaramaiah @hd_kumaraswamy @narendramodi @AmitShah @dineshgrao @BJP4Karnataka @BJP4India @INCKarnataka @INCIndia,stay active,6,1,0,0
1084661456887472128,"@republic Shiv Sena is part of India and it should think about it first. If Congress and NCP are going together in polls, Shiv Sena must do alliance with BJP. National interest before anything else. Internal matters can be sorted out later.",Mon Jan 14 04:00:18 +0000 2019,4510,49449,461,False,0,,Unknown,3,1,0,0
1084660213179834369,BSP+SP to equal share in seats 40+40 They made Congress to stand alone In 2014 BJP - 71 BSP - 0 SP - 5 OTHERS - 2 INC - 2 only at ( &amp; ),Mon Jan 14 03:55:21 +0000 2019,10717,4830,1026,False,1,,Chennai India,6,0,0,0
1084616710647234560,"Prediction1: will get 39% votes and SP+BSP+RLD+nishad will get 42% votes. Congress will get 8%. In the bipolar contest gathbandhan will get 47 seats, Congress 3 and BJP 30.",Mon Jan 14 01:02:29 +0000 2019,510,848,74,False,0,,New Delhi,4,0,0,0
1084490226863460352,Which parties have take the grievance and grievance . At the same time . which parties is give the solution on this issue. I give the vote for . @ANI @ndtv,Sun Jan 13 16:39:53 +0000 2019,2002,2066,46,False,0,,Salem Tamil nadu India,9,2,0,0
1084455604293435392,Congress seems to be with BJP in Uttar Pradesh 😀😀😀,Sun Jan 13 14:22:18 +0000 2019,4913,2315,182,False,0,,India,6,0,0,1
1084450617182089216,"RT @the_hindu: “The Congress will contest on all the 80 Lok Sabha seats in Uttar Pradesh, and defeat the BJP.” …",Sun Jan 13 14:02:29 +0000 2019,1471,1755,177,False,9,"“The Congress will contest on all the 80 Lok Sabha seats in Uttar Pradesh, and defeat the BJP.”",छिबरामऊ कंनौज,0,1,0,1
1084438319713312768,expects to win 22 out of 28 seats in . Can BJP achieve its ''? @BSYBJP @siddaramaiah @hd_kumaraswamy @narendramodi @AmitShah @dineshgrao @BJP4Karnataka @BJP4India @INCKarnataka @INCIndia,Sun Jan 13 13:13:37 +0000 2019,51,49318,7629,False,17,,BENGALURU,8,10,0,0
1084418534887903232,"""The Congress will contest on all the 80 Lok Sabha seats in , and defeat the BJP,"" Ghulam Nabi Azad said.",Sun Jan 13 11:55:00 +0000 2019,479,522665,352872,False,0,,Chennai,2,0,0,1
1084413574301319168,"“The Congress will contest on all the 80 Lok Sabha seats in Uttar Pradesh, and defeat the BJP.”",Sun Jan 13 11:35:18 +0000 2019,72,64758,58,False,0,,Unknown,1,0,0,1
1084412527566618624,"“The Congress will contest on all the 80 Lok Sabha seats in Uttar Pradesh, and defeat the BJP.”",Sun Jan 13 11:31:08 +0000 2019,144,246449,5082940,False,9,,Chennai India,1,0,0,1
1084407542233452545,"A day after it was virtually left out being part of an anti-BJP alliance formed by the and , declared it will contest all the 80 seats from on its own",Sun Jan 13 11:11:20 +0000 2019,136,67928,3552,False,0,,Chennai India,7,0,0,1
1084403900902449157,"Congress will contest in all 80 seats in LS polls, says Ghulam Nabi Azad",Sun Jan 13 10:56:51 +0000 2019,724,9117,2300,False,1,,Unknown,5,0,0,1
1084396385137418242,"@TimesNow Experts feel will loose security deposits in 90% seats in in . Congress is a sinking party and considered a liability in UP and . Pundits agree if @samajwadiparty &amp; @BSP4India shares seats with it, @BJP4UP will gain the most.",Sun Jan 13 10:26:59 +0000 2019,17119,11882,225,False,0,,New Delhi India,4,4,0,0
1084396222738120705,"@ANINewsUP Experts feel will loose security deposits in 90% seats in in . Congress is a sinking party and considered a liability in UP and . Pundits agree if @samajwadiparty &amp; @BSP4India shares seats with it, @BJP4UP will gain the most.",Sun Jan 13 10:26:21 +0000 2019,17119,11882,225,False,0,,New Delhi India,4,4,0,0
1084395405410918400,"Experts feel will loose security deposits in 90% seats in in . Congress is a sinking party and considered a liability in UP and . Pundits agree if @samajwadiparty &amp; @BSP4India shares seats with it, @BJP4UP will gain the most.",Sun Jan 13 10:23:06 +0000 2019,17119,11882,225,False,0,,New Delhi India,4,3,0,0
1084393053794664448,"Experts feel will loose security deposits in 90% seats in in . Congress is a sinking party and considered a liability in UP and . Pundits agree if @samajwadiparty &amp; @BSP4India shares seats with it, @BJP4UP will gain the most.",Sun Jan 13 10:13:45 +0000 2019,17119,11882,225,False,0,,New Delhi India,4,3,0,1
1084370634283470848,Is it the right move by Congress to contest UP elections alone. Will it not split the Anti-BJP votes between SP-BSP and Congress.,Sun Jan 13 08:44:40 +0000 2019,5483,3654,118,False,0,,Chennai India,5,0,0,0
1084299384806932482,New game of T38 will be played in putting at risk of losing its majority mark. @Ms_Aflatoon . Has obituary of already been written now?,Sun Jan 13 04:01:33 +0000 2019,470,3191,730,False,0,,Jaipur India,3,1,0,0
1084244216669073408,"10 more Mp's to dump , 4 4 to join for",Sun Jan 13 00:22:20 +0000 2019,151,31542,3018,False,0,,San Jose,8,0,0,1
1084225393739984896,plan not to put up candidiates in seats as he doesnot want to split vote but seats as he wants to split vote to hurt &amp;,Sat Jan 12 23:07:32 +0000 2019,151,31542,3018,False,1,,San Jose,8,0,0,0
1084223579175018496,needs 7% bump in vote share to take on is a noise to split vote,Sat Jan 12 23:00:19 +0000 2019,151,31542,3018,False,0,,San Jose,7,0,0,0
1084102027221729280,Who will win 2019 Loksabha elections in India.,Sat Jan 12 14:57:19 +0000 2019,3,821,5,False,0,,Unknown,14,0,0,0
1084084594637385730,"Post - alliance in Uttar Pradesh, and may not go beyond 30% of total Lok Sabha seats. 120 to 150 seats may be required from other Regional parties to form a government after 2019 General election.",Sat Jan 12 13:48:03 +0000 2019,84,6665,162,False,0,,LucknowIndia,5,0,0,0
1084067196966293504,"RT @indiatvnews: ahead of | BJP predicted to get 4 Lok Sabha seats in , Congress…",Sat Jan 12 12:38:55 +0000 2019,164,1964,1524,False,3,"ahead of | BJP predicted to get 4 Lok Sabha seats in , Congress 1",New Delhi,3,1,0,0
1084066407547994113,"RT @indiatvnews: ahead of | BJP predicted to get 24 seats in , Congress 2",Sat Jan 12 12:35:47 +0000 2019,164,1964,1524,False,3,"ahead of | BJP predicted to get 24 seats in , Congress 2",New Delhi,3,1,0,0
1084066348999688192,"RT @indiatvnews: | BJP predicted to get 2 Lok Sabha seats in Jammu and Kashmir; Congress and PDP one each, NC 2 …",Sat Jan 12 12:35:33 +0000 2019,164,1964,1524,False,3,"| BJP predicted to get 2 Lok Sabha seats in Jammu and Kashmir; Congress and PDP one each, NC 2",New Delhi,1,1,0,0
1084061610262577154,"RT @indiatvnews: ahead of | BJP predicted to get 5 Lok Sabha seats in , Congress…",Sat Jan 12 12:16:43 +0000 2019,15498,28229,1922,False,1,"ahead of | BJP predicted to get 5 Lok Sabha seats in , Congress 6",India,3,1,0,0
1084061596098461696,"RT @indiatvnews: ahead of | BJP predicted to get 15 Lok Sabha seats in , Congress 10",Sat Jan 12 12:16:40 +0000 2019,15498,28229,1922,False,2,"ahead of | BJP predicted to get 15 Lok Sabha seats in , Congress 10",India,3,1,0,0
1084053959570993153,"With @BJP4India president @AmitShah calling the a battle of ideologies, @INCIndia spokesperson @ManishTewari said it will be an electoral battle between the ""dictatorship of BJP and Congress' value of democracy"".",Sat Jan 12 11:46:19 +0000 2019,596,148311,26464,False,1,,India,1,4,0,1
1084050837318455296,"| BJP predicted to get 2 Lok Sabha seats in Jammu and Kashmir; Congress and PDP one each, NC 2",Sat Jan 12 11:33:54 +0000 2019,1,415221,622216,False,3,,India,2,0,0,0
1084038807773696000,"RT @ndtv: ""Both the Congress and the BJP have indulged in corruption"": BSP chief on why Congress is not part of the Uttar Pradesh…",Sat Jan 12 10:46:06 +0000 2019,25,385,5,False,7,"""Both the Congress and the BJP have indulged in corruption"": BSP chief on why Congress is not part of the Uttar Pradesh alliance Watch LIVE now on and NDTV 24x7 Track updates:",Unknown,1,1,0,0
1084038399311282176,"ahead of | BJP predicted to get 24 seats in , Congress 2",Sat Jan 12 10:44:29 +0000 2019,1,415221,622216,False,3,,India,3,0,0,0
1084037152365637632,"ahead of | BJP predicted to get 4 Lok Sabha seats in , Congress 1",Sat Jan 12 10:39:32 +0000 2019,1,415221,622216,False,3,,India,3,0,0,0
1084036942918967296,"ahead of | BJP predicted to get 15 Lok Sabha seats in , Congress 10",Sat Jan 12 10:38:42 +0000 2019,1,415221,622216,False,2,,India,3,0,0,0
1084036734361321473,"ahead of | BJP predicted to get 5 Lok Sabha seats in , Congress 6",Sat Jan 12 10:37:52 +0000 2019,1,415221,622216,False,1,,India,3,0,0,0
1084036418119200769,"WATCH ahead of : BJP predicted to get 18 Lok Sabha seats in Madhya Pradesh, Congress 11",Sat Jan 12 10:36:37 +0000 2019,1,415221,622216,False,1,,India,2,0,0,0
1084022973676175360,it's time for voter's to keep opportunistic politicians like out of buisness @INCIndia should go all out to get confidence of voter's India needs a strong government only congress is capable of providing. @BJP4India has failed on all fronts.,Sat Jan 12 09:43:11 +0000 2019,4608,1218,26,False,0,,Hyderabad India,2,2,0,0
1084021353014022144,"38:38 in UP , what is left for others is just 4 ...now it's triangular contest .earlier understanding of alliance getting all opposition votes is a distant dream",Sat Jan 12 09:36:45 +0000 2019,19,694,165,False,0,,Gurgaon,3,0,0,0
1084008889610166273,"The Saturday said the SP and the BSP came together for their survival, and not for the country or Uttar Pradesh, and downplayed suggestions that the alliance will have a major impact on the upcoming Lok Sabha polls.",Sat Jan 12 08:47:13 +0000 2019,136,67928,3552,False,0,,Chennai India,3,0,0,1
1084006524408614914,"The Mandla seat is going to witness a super interesting contest in Lok Sabha polls. BJP's FSK has won it repeatedly, except, 2009. But in Assembly, Congress has won six seats &amp; got huge lead over BJP. I write for @getnewsd at",Sat Jan 12 08:37:49 +0000 2019,4258,17521,6253,False,12,,Bhopal India,2,1,0,1
1084006171583938560,Will the BSP-SP alliance hurt BJP in during 2019 Lok Sabha polls? @INCIndia @BJP4India,Sat Jan 12 08:36:25 +0000 2019,1012,604,487,False,0,,Gandhinagar India,15,2,0,0
1084001511015882752,"@manakgupta Not for Rahul, This is B team of congress. After they will be together. This is planning for defeat @BJP4India in election.",Sat Jan 12 08:17:54 +0000 2019,5580,2675,199,False,0,,New Delhi,1,2,0,0
1083995680002080769,Will the BSP-SP alliance hurt BJP in during Lok Sabha polls? @INCIndia @BJP4India,Sat Jan 12 07:54:44 +0000 2019,51,49318,7629,False,24,,BENGALURU,15,2,0,0
1083990012364939264,If you didn't wanted to have Congress in alliance then why are you leaving these two seats for them This shows that you are supporting them अभी गठबंधन के एलान के वक्त पर ही आप ने झूठ बोलना शुरू कर दिया है । @BJP4India,Sat Jan 12 07:32:13 +0000 2019,3749,2316,123,False,0,,New Delhi India,2,1,0,1
1083986946458816512,RT @naashonomics: closer to sitching a rainbow alliance against in for …,Sat Jan 12 07:20:02 +0000 2019,626,15339,515,False,1,closer to sitching a rainbow alliance against in for,EdappadiSalemTamil Nadu,7,1,0,0
1083980859999367169,"""Both the Congress and the BJP have indulged in corruption"": BSP chief on why Congress is not part of the Uttar Pradesh alliance Watch LIVE now on and NDTV 24x7 Track updates:",Sat Jan 12 06:55:51 +0000 2019,0,563921,11101566,False,7,,India,3,0,0,2
1083974787792199682,closer to sitching a rainbow alliance against in for,Sat Jan 12 06:31:43 +0000 2019,151,31542,3018,False,1,,San Jose,8,0,0,1
1083923558131101696,"Who ever is in charge of the script, the attitude that elimination of BJP is not the target of Congress is precisely Indian and reflects Hindu culture. Have to admit, Rahul wins a part of my heart for the first time",Sat Jan 12 03:08:09 +0000 2019,246,3319,462,False,0,,Thiruvananthapuram,3,0,0,0
1083735844618289153,"With smaller parties joining hands, it's the who needs to be most worried about",Fri Jan 11 14:42:14 +0000 2019,48,115,38,False,0,,New Delhi India,6,0,0,0
1083732824975237120,Vote for Congress means BJP's victory: tells partymen ahead of @ArvindKejriwal @AamAadmiParty @CYSS,Fri Jan 11 14:30:14 +0000 2019,1827,239523,113164,False,0,,Noida India,2,3,0,1
1083658282789679105,Akhada is Ready. Lets Dangal Begin Once again Arvind Kejriwal Vs Sheila Dikshit. Never Underestimate BJP and His EVM Policy. 😂 Is Congress want Arvind Kejriwal Government To Came into Power once Again?,Fri Jan 11 09:34:02 +0000 2019,16238,8545,160,False,0,,Hindusthan,2,0,0,0
1083633078227136512,"@TVMohandasPai @ShefVaidya @CMofKarnataka Respected @hd_kumaraswamy ji, plz maintain integrity &amp; dignity! Please leave &amp; if you don't want to join alliance, it's okay!! Let there be another in along with ... From ppl 🧡",Fri Jan 11 07:53:53 +0000 2019,4454,695,45,False,0,,Agartala India,9,4,0,0
1083359699326681088,"Former CM Sheila Dikshit Appointed As Delhi Congress Chief, After Ajay Maken’s Resign @SheilaDikshit @INCIndia @INCDelhi @BJP4India @BJP4Delhi @ajaymaken @RahulGandhi",Thu Jan 10 13:47:34 +0000 2019,4448,78599,16930,False,0,,India,1,7,0,1
1083349642669109248,Is Congress’s 3 State Win a Threat for @BJP4India in ? @INCIndia @RahulGandhi ाओ_देश_बचाओ @BJPLive,Thu Jan 10 13:07:37 +0000 2019,1373,7351,3819,False,0,,New Delhi Delhi,5,4,0,1
1083011512120328194,: President Meets to Discuss Possibility of,Wed Jan 09 14:44:00 +0000 2019,46,38690,22459,False,0,,Mumbai India,9,0,0,1
1082988719789862912,"@CTRavi_BJP @RahulGandhi Can list a lot of achievements after @RahulGandhi took over the mettle as CP of C, but one itch you cannot scratch is- your Chaddi dream of making India Congress Mukth is shattered. Also dont you forget Phulpur, Gorakhpur, KA, MP, RJ, CH. Look forward to",Wed Jan 09 13:13:26 +0000 2019,4120,3377,48,False,0,,Bengaluru India,1,3,0,0
1082977732508741632,": BJD Not Part of ; ‘Will Keep Equal Distance From BJP, Congress,’ Says Naveen Patnaik",Wed Jan 09 12:29:46 +0000 2019,46,38690,22459,False,0,,Mumbai India,6,0,0,1
1082941651033583616,RT @firstpost: BJD supremo and Odisha CM Naveen Patnaik said his party would continue to remain equidistant from both the BJP and Congress.…,Wed Jan 09 10:06:24 +0000 2019,8942,23116,203,False,4,BJD supremo and Odisha CM Naveen Patnaik said his party would continue to remain equidistant from both the BJP and Congress.,Bengaluru India,0,1,0,0
1082920266609508352,BJD supremo and Odisha CM Naveen Patnaik said his party would continue to remain equidistant from both the BJP and Congress.,Wed Jan 09 08:41:25 +0000 2019,333,515724,1988748,False,4,,Mumbai India,1,0,0,1
1082899146175062016,BJD president &amp; Odisha CM Naveen Patnaik: BJD will not be part of the Mahagathabandhan. The party will continue to remain equidistant from both BJP &amp; Congress.,Wed Jan 09 07:17:30 +0000 2019,98,300525,53318,False,0,,India,3,0,0,0
1082896941338394624,"@ANI If @INCIndia don't support today in , it would go to 4 seats in next I think @BJP4India will be happier if @INCIndia don't support as it leads to congress mukth bharat",Wed Jan 09 07:08:44 +0000 2019,125,325,1,False,3,,Unknown,3,4,0,0
1082686821467795462,This will destroy lies of @INCIndia and you @RahulGandhi @narendramodi @BJP4India @BJP4Bengal @AmitShah,Tue Jan 08 17:13:48 +0000 2019,112,5622,391,False,0,,HowrahKolkataIN,5,6,0,1
1082679192829931521,in every will vote what says why can't say he either supports or opposes just stupid Q to kill time from just wasting time,Tue Jan 08 16:43:29 +0000 2019,151,31542,3018,False,0,,San Jose,8,0,0,0
1082665086798389249,May wink and hug but leader shot by,Tue Jan 08 15:47:26 +0000 2019,151,31542,3018,False,0,,San Jose,6,0,0,1
1082628491227455495,RT @ProfSRK: @CongressDahan @OnlineRajan__ @Hindutatv @AB_BJP @koenamitra @TandonRaveena @vivekagnihotri @ShefVaidya @nanditathhakur @Saffr…,Tue Jan 08 13:22:01 +0000 2019,387,279,14,False,31,"@CongressDahan @OnlineRajan__ @Hindutatv @AB_BJP @koenamitra @TandonRaveena @vivekagnihotri @ShefVaidya @nanditathhakur @SaffronKashmir @SaffronDalit @cosmicblinker @neerangautam @RAJIV1959 @GogoiRanju @Rishi_IHA @swetasamadhiya @meenakshisharan @onlyonenetra @vinish_ind @BurnAllwalli People show power in Social Media, not in the field. has become Brahmastra to fight against Ineffective &amp; Inefficient MPs. Youths must be given Opportunity in to make successfull @narendramodi @AmitShah @HarishK04131926 @LillyMaryPinto",Udupi India,0,10,0,0
1082628393533755392,RT @ProfSRK: @neerangautam @CongressDahan @OnlineRajan__ @Hindutatv @AB_BJP @koenamitra @TandonRaveena @vivekagnihotri @ShefVaidya @nandita…,Tue Jan 08 13:21:37 +0000 2019,387,279,14,False,3,"@neerangautam @CongressDahan @OnlineRajan__ @Hindutatv @AB_BJP @koenamitra @TandonRaveena @vivekagnihotri @ShefVaidya @nanditathhakur @SaffronKashmir @SaffronDalit @cosmicblinker @RAJIV1959 @GogoiRanju @Rishi_IHA @swetasamadhiya @meenakshisharan @onlyonenetra @vinish_ind @BurnAllwalli @narendramodi @AmitShah @HarishK04131926 @LillyMaryPinto @uttrashada @alokg2k @RomeshNadir There r many senior leaders who do not respect &amp; respond to Karyakartas. What's the use of wasting time to work for them &amp; electing them? This is 2019, not olden days. There is no Bhakti Pooja. Youth need Employment &amp; Development. Not interested in A to Z.",Udupi India,0,10,0,0
1082612326019289088,"Ram Mandir resolution passage , middle class sops like income tax benifits will pave way 4 next BJP gov.t in 2019 ,,,,,,else Stage is set for TSR , DMK,TMC,BJD,JD Bihar + KN, CPI 2 form 3rd front gov.t backed by Congress in 2019 .",Tue Jan 08 12:17:47 +0000 2019,2942,628,21,False,0,,Bengaluru,1,0,0,0
1082594891060994048,Congress 4-6 Bjp 2-4 Inld 0-1 Jip 0-1 haryana Congress 38-42 Bjp 26-30 Jjp 10+- Inld+bsp 8-10 😀😀😀 by-election 1 bjp 2 jjp 3 cong @MahenderTweets @DeependerSHooda @HaryanaAajTak @Dchautala @HaryanaTweets @rsdhull,Tue Jan 08 11:08:30 +0000 2019,10653,1552,108,False,0,,Rohtak Haryana,4,6,0,0
1082546084113670145,: to spell out party strategy at mega opposition rally on January 19,Tue Jan 08 07:54:33 +0000 2019,10,164,151,False,0,,NEW DELHI,6,0,0,1
1085958166683308032,"@ASJBaloch @ConfessionsExMu This is straight message to even political parties like , who claim they work for and their .",Thu Jan 17 17:52:57 +0000 2019,4510,49449,461,False,0,,Unknown,15,2,0,0
1085891576126042112,Post There are Only 3 Possible Alternatives to Form Govt All of them are Federal and Anti 1 or 2 National Parties 1. Anti BJP Federal Front 2. Anti Congres Federal Front 2. Anti BJP &amp; Anti Congress Federal Front,Thu Jan 17 13:28:21 +0000 2019,36213,92724,6011,False,0,,from Telangana in Tokyo Japan,1,0,0,0
1085844184806948865,RT @Anoopprakashan: Who should be our next PM? …,Thu Jan 17 10:20:02 +0000 2019,626,15339,515,False,1,Who should be our next PM?,EdappadiSalemTamil Nadu,8,1,0,0
1085841098029846529,Who should be our next PM?,Thu Jan 17 10:07:46 +0000 2019,470,266,64,False,1,,Abudhabi,28,0,0,0
1085754328915177472,"RT @electionstation: BJP's bid to topple Karnataka government fails, says Congress Minister @INCIndia @DrParameshwara …",Thu Jan 17 04:22:59 +0000 2019,18,35152,436,False,1,"BJP's bid to topple Karnataka government fails, says Congress Minister @INCIndia @DrParameshwara",London,1,3,0,0
1085753054496907266,"BJP's bid to topple Karnataka government fails, says Congress Minister @INCIndia @DrParameshwara",Thu Jan 17 04:17:55 +0000 2019,76,3824,5671,False,1,,India,9,2,0,1
1085579417391267841,""" seems to have given a free hand to to spread with total impunity"" via @rightlog_in",Wed Jan 16 16:47:56 +0000 2019,146,58,6,False,0,,Go straight turn right ask there,7,1,0,1
1085563058313936902,"@_YogendraYadav Sir, how will the rebellion within play up? Potentially 02 per seat, if not more.. Then the ‘congress+sp+bsp’ combined voter universe splitting, in two, or even three way contests.. perhaps not adding up as universally as expected ?",Wed Jan 16 15:42:56 +0000 2019,14802,162193,9872,False,0,,India,5,1,0,0
1085554307691212805,How difficult it'll be for BJP to win 2019 general election? by Sachin Adarsh Shukla,Wed Jan 16 15:08:10 +0000 2019,1587,151,31,False,0,,Delhi India ,3,0,0,1
1085511116464287744,"Kati patang RSS Aur BJP ki ! ------------------------------ When Spiderman NAMO challenges our Beloved RAGA to a Political Kite Flying contest Its Called A ""Splatter"" of ""No Matter""",Wed Jan 16 12:16:32 +0000 2019,1181,2610,134,False,3,,Unknown,3,0,0,0
1085487476490280961,"janaalu koncham emotional avvakunda vignatha tho alochisthey arthamavthundhi, it's better for them to go with federal front that would surely give an extra bargaining chip than aligning with or",Wed Jan 16 10:42:36 +0000 2019,7865,8426,115,False,1,,INDIA🇮🇳,9,0,0,0
1085447390088245250,"BJP denies 'game' in Karnataka, says problem within Congress @BJP4Karnataka @BJP4India @hd_kumaraswamy",Wed Jan 16 08:03:19 +0000 2019,76,3824,5671,False,0,,India,9,3,0,1
1085442787057770496,"SP, BSP, TRS, YSRCP, BJD deadly combo👍 Bright future prospects💥 Non BJP Non Congress Front👍 KCR master stroke🤘🤘",Wed Jan 16 07:45:01 +0000 2019,7865,8426,115,False,0,,INDIA🇮🇳,9,0,0,0
1085350801722273792,"has been trying to become the of but if you take a look at the , it was and also will be",Wed Jan 16 01:39:30 +0000 2019,1265,1232,95,False,0,,Kolkata,11,0,0,0
1085220030567104517,"I think 2019 is no more about Congress or BJP or Mahagathbandhan. 2019 will be a tug between the 130 crore Indians and RaGa Babu, to prove who is the real Pappu. Lets see if nepotistic Pappu wins or 130 Crore Indians. Fingers crossed. @narendramodi @RahulGandhi",Tue Jan 15 16:59:52 +0000 2019,858,172,18,False,0,,Unknown,1,2,0,0
1085205341896228864,RT @electionstation: Karnataka Minister alleges poaching of Congress MLAs by BJP @INCIndia …,Tue Jan 15 16:01:30 +0000 2019,133,44,4,False,1,Karnataka Minister alleges poaching of Congress MLAs by BJP @INCIndia,New Delhi India,3,2,0,0
1085063234246397952,2024 Mahagatbandhan prediction- it will be BJP + Congress vs The Rest.,Tue Jan 15 06:36:49 +0000 2019,14,78,13,False,0,,New Delhi Delhi,2,0,0,0
1085060174249783302,This is what happen when u goes too high by using 'Sasta Nasha'😅😅😅😤😤,Tue Jan 15 06:24:39 +0000 2019,5320,317,29,False,0,,Pune MaharashtraIndia,6,0,0,1
1085055984496562176,"Just one request Whatsoever happens Personally Don't want a ""Bachelor or Seemingly Bachelor Prime Minister"" next time around Janhit Main Jaari 🙏",Tue Jan 15 06:08:00 +0000 2019,1254,684,78,False,0,,Delhi,15,0,0,0
1084834820293869569,"RT @BloombergQuint: The fight for 80 seats in UP just got more interesting. BSP-SP alliance, Congress left out and BJP fighting back. @Tama…",Mon Jan 14 15:29:11 +0000 2019,3559,25470,3012,False,2,"The fight for 80 seats in UP just got more interesting. BSP-SP alliance, Congress left out and BJP fighting back. @TamannaInamdar discusses the impact of UP alliance on with Neerja Chowdhury, Sharat Pradhan and Sandeep Shastri.",ÜT: 19.00086772.828319,0,1,0,0
1084832015696969729,"The fight for 80 seats in UP just got more interesting. BSP-SP alliance, Congress left out and BJP fighting back. @TamannaInamdar discusses the impact of UP alliance on with Neerja Chowdhury, Sharat Pradhan and Sandeep Shastri.",Mon Jan 14 15:18:02 +0000 2019,96,121182,65758,False,2,,Mumbai India,2,1,0,1
1084823219989704704,for rajasthan will probably be the first state of the country in which the must choose a new candidate for all seats! @ahmedpatel @ashokgehlot51 @avinashpandeinc,Mon Jan 14 14:43:05 +0000 2019,48,1350,814,False,0,,jaipurrajsthan,5,3,0,0
1084772647580381184,"@DilliDurAst True. And, with the SP-BSP gathbandhan, are we also looking at about 76, if not more, rebels, 38 each, from SP &amp; BSP. Who would look at either the /Congress for a ticket, or then stand as independents. Need to factor this too, from a 'vote katua' perspective..",Mon Jan 14 11:22:07 +0000 2019,14802,162193,9872,False,0,,India,2,1,0,0
1084728344388591617,Karnataka Minister alleges poaching of Congress MLAs by BJP @INCIndia,Mon Jan 14 08:26:05 +0000 2019,76,3824,5671,False,1,,India,8,1,0,1
1084684657445167104,@bhedailota @queenhazarika @narendramodi_in After all these BJP chamchas will be taken care of. Seasons change and so do government. When the bhakts see HBS go undercover to avoid Congress they will know that their time is up.,Mon Jan 14 05:32:29 +0000 2019,6462,15038,255,False,1,,India,1,3,0,0
1084659008202510336,Nadendla Bhaskar Rao YouTube interviews are much interesting and informative than movie ani byta talk😉,Mon Jan 14 03:50:34 +0000 2019,7865,8426,115,False,0,,INDIA🇮🇳,11,0,0,0
1084650365272739841,@JhaSanjay @Mayavi101 RG’s comment on this would be: “this news is fake because it is fake”..,Mon Jan 14 03:16:13 +0000 2019,2827,6344,76,False,0,,Gujarat India,5,2,0,0
1084526258229104641,Lok Sabha polls is between ‘successful’ &amp; ‘unsuccessful’ people: @KapilSibal ाओ_देश_बचाओ,Sun Jan 13 19:03:04 +0000 2019,37277,21189,11441,False,3,,New Delhi India,7,1,0,0
1084463986483941376,"Sir In the history of Indian politics we have witnessed many forced political relationship ended up with Triple talaq just like JDU-RJD,PDP-BJP🙃 post Elections again same scenario will continue every one will dumps Congress😉",Sun Jan 13 14:55:37 +0000 2019,879,364,88,False,0,,Bangaloreindia,2,0,0,1
1084429928790196224,@sajithkumar @DeccanHerald @BJP4India @arunjaitley @SanjayAgrBJP @VijayGoelBJP India's 'done with' CON'Regress' &amp; allies 'not whether the BJP will be retained or not at the Centre' but about how big a 'landslide'.,Sun Jan 13 12:40:17 +0000 2019,6198,15457,1608,False,0,,Lusaka Zambia,5,6,0,0
1084389438111825921,RT @_IndianElection: Could Play Crucial Role For Congress And BJP In 2019 Indian Election . …,Sun Jan 13 09:59:23 +0000 2019,680,1722,11,False,2,Could Play Crucial Role For Congress And BJP In 2019 Indian Election . @Praveen_Dalal @AadhaarScrap @OfficialECI @_IndianElection @_OfficialECI,New Delhi India,1,1,0,1
1084387714290540544,"Time to revisit the history of alliances in electoral politics as @rkarnad effectively reminds us, especially the one that brought the first non Congress govt to power in India, ironically the one the BJP would like us to forget.",Sun Jan 13 09:52:32 +0000 2019,1877,4863,766,False,0,,Bangalore ,3,1,0,1
1084385592463556614,RT @sagenaradamuni: I want every spokesperson of @BJP4India to get Offensive and Aggressive against antinational CONgress party. No matte…,Sun Jan 13 09:44:06 +0000 2019,23866,30839,690,False,7,"I want every spokesperson of @BJP4India to get Offensive and Aggressive against antinational CONgress party. No matter what we must win . Need be, use their style of fake narrative propaganda...",INDIA,0,2,0,0
1084376567483121664,"I want every spokesperson of @BJP4India to get Offensive and Aggressive against antinational CONgress party. No matter what we must win . Need be, use their style of fake narrative propaganda...",Sun Jan 13 09:08:15 +0000 2019,16734,417269,56632,False,7,,Unknown,1,1,0,0
1084355546151563264,Could Play Crucial Role For Congress And BJP In 2019 Indian Election . @Praveen_Dalal @AadhaarScrap @OfficialECI @_IndianElection @_OfficialECI,Sun Jan 13 07:44:43 +0000 2019,1912,3414,29,False,2,,New Delhi India,5,5,0,1
1084326220425191424,"@MyNation_net @SriRudyBABA @Gameof498A @gokulpr @DavidJKott @Manekagandhibjp @BBC @aajtak @abpnewstv @ndtv @NewsX @republic @TimesNow @dna @toi @nationalpost @PTI_News is not more than a activity, in , launched by , and we have to be sure that will take immediate action before",Sun Jan 13 05:48:11 +0000 2019,276,326,12,False,14,,New Delhi India,9,17,0,0
1084299961163042817,The More taunts @narendramodi with different names like etc .... The more they are making it easy for @BJP4India to win in grand style .,Sun Jan 13 04:03:50 +0000 2019,0,85,0,False,0,,Unknown,3,2,0,1
1084137292644511745,"will prove whether there is any hope for country or not. If Congress/Gathbandhan wins, it means majority Indians want corruption in daily life &amp; r happy with Nepotism/Dynasty. If @narendramodi @BJP4India WIN, then there is HOPE 4 d country &amp; majority are honest!",Sat Jan 12 17:17:27 +0000 2019,8383,6154,254,False,0,,Pune,1,2,0,0
1084102657898397696,"Situation in UP for 1. BJP has slight advantage on 25 seats 2. has unassailable advantage on 28 seats 3. Amethi will be a close one 4. Raibareli CONgress 5. Dangal for 25 seats 6. Chacha and Raja Bhaiya are factor, nobody is talking about it",Sat Jan 12 14:59:49 +0000 2019,1516,20511,192,False,0,,India,2,0,0,0
1084042149639802881,"would be very much like the results of , the rise of regional parties across India and resurgence of Congress might reduce BJP to less than 240 seats",Sat Jan 12 10:59:23 +0000 2019,42299,219037,3964,False,0,,🇫🇷 🇩🇪 🇮🇳,3,0,0,1
1084029122605731840,"Ticket denied strong contenders, from both, and , will look at the and the for a ticket. That denied will contest as independents.. what happens then.. both potentially will have 38 candidates, each..",Sat Jan 12 10:07:37 +0000 2019,14802,162193,9872,False,0,,India,9,0,0,1
1084025622454779905,"Dear friends, please find marked below my article on and Indian published by London School of Economics' South Asia Centre. @GIGA_Institute",Sat Jan 12 09:53:43 +0000 2019,120,533,114,False,2,,Hamburg Germany,5,1,0,1
1084018412802592768,"@yadavakhilesh-Maya to jointly take on Modi in 2019,sidelining the Congress. To contest 38 seats each n leave 2 for smaller allies and not to field candidates at Amethi and Rae Bareli. May cost @BJP4India over half the seats.",Sat Jan 12 09:25:04 +0000 2019,8,374,48,False,5,,New Delhi India,2,2,0,1
1084015578690375680,Cycle chakram thiragabothondhi but AP lo kaadu UP lo 😹😹🚴🚴 UPA champions ekkadiki poyaaro?? 😹 Looks gaari NON CONGRESS - NON BJP alliance is taking shape👍,Sat Jan 12 09:13:48 +0000 2019,7865,8427,115,False,0,,INDIA🇮🇳,13,0,0,0
1084001201782382592,RT @DeeptiSachdeva_: Mayawati says Congress is as corrupt as BJP. This is going to hurt the grand old party. What happens to the big 20…,Sat Jan 12 08:16:40 +0000 2019,179050,76300,351,False,5,Mayawati says Congress is as corrupt as BJP. This is going to hurt the grand old party. What happens to the big 2019 picture? @narendramodi @RahulGandhi @BehanMayawati @yadavakhilesh,Pune India,0,1,0,0
1083984136224813056,Mayawati says Congress is as corrupt as BJP. This is going to hurt the grand old party. What happens to the big 2019 picture? @narendramodi @RahulGandhi @BehanMayawati @yadavakhilesh,Sat Jan 12 07:08:52 +0000 2019,487,27201,14022,False,5,,New Delhi India,5,4,0,0
1083785954127736832,Would you support again in,Fri Jan 11 18:01:21 +0000 2019,1,343,251,False,1,,Turn On Your Notifications,8,0,0,0
1083765921540378625,A series movies with a series of propagandas.. but its a open ground with no rules now. Like mahabharat in the end.. BJP n Congress on last stage for 2019 and all rules have been broken. Fight like if there r ni rules,Fri Jan 11 16:41:45 +0000 2019,151,422,94,False,0,,aligarh,2,0,0,0
1083733079049461760,@jrdjoshi @SundaramChitra @anildhar9 @navien15 @DhananjayParkhe @Satyaof2019 @swamiyogeshji @checkinglies @yogashar99 @ind_rajat92 @AnilJ_Modi19 @bhuvikal @mgnayak5 @jyotsnavarma9 @singhsanjaychau @mahendra3 @Drsunandambal @NAAGPURKAR @Online_Florista @nyra122333 @MukulAgarwal66 @arvind_joshi @masala_chaas @PradnyaLotlikar @jvidyasagar @jyotsnadevi33 @murthy_sowjanya @PVishnukant @GarvPe @RaoSuresh2 @abisankaran @SumanSh58123278 @narendramodi @AmitShah @BJP4India @bjparvind @PCMohanMP @mepratap @Prof_Hariom @PrinceArihan @TajinderBagga @Gopalee67 @PiyushGoyal @nsitharaman @HMOIndia @TigerRajaSingh @ChouhanShivraj @BSYBJP @mvmeet @MALAVIKAAVINASH 10 Years,Fri Jan 11 14:31:15 +0000 2019,63180,8321,1691,False,7,,New York USA,18,50,0,0
1083488243826524160,@jrdjoshi @SundaramChitra @anildhar9 @navien15 @DhananjayParkhe @Satyaof2019 @swamiyogeshji @checkinglies @yogashar99 @ind_rajat92 @AnilJ_Modi19 @bhuvikal @mgnayak5 @jyotsnavarma9 @singhsanjaychau @mahendra3 @Drsunandambal @NAAGPURKAR @Online_Florista @nyra122333 @MukulAgarwal66 @arvind_joshi @masala_chaas @PradnyaLotlikar @jvidyasagar @jyotsnadevi33 @murthy_sowjanya @PVishnukant @GarvPe @RaoSuresh2 @abisankaran @SumanSh58123278 @narendramodi @AmitShah @BJP4India @bjparvind @PCMohanMP @mepratap @Prof_Hariom @PrinceArihan @TajinderBagga @Gopalee67 @PiyushGoyal @nsitharaman @HMOIndia @TigerRajaSingh @ChouhanShivraj @BSYBJP @mvmeet @MALAVIKAAVINASH (10 Years) VS (04 Years),Thu Jan 10 22:18:22 +0000 2019,63180,8321,1691,False,15,,New York USA,19,50,0,0
1083349642669109248,Is Congress’s 3 State Win a Threat for @BJP4India in ? @INCIndia @RahulGandhi ाओ_देश_बचाओ @BJPLive,Thu Jan 10 13:07:37 +0000 2019,1373,7351,3819,False,0,,New Delhi Delhi,5,4,0,1
1083280581922717696,"Life, at times, gives you weird choices. 1. You have Modi but that option comes with a right-wing polarizing agenda of BJP. 2. Or you can choose Congress. But this option comes with RaGa. The dilemma is not in choosing the best, but in avoiding the worst.",Thu Jan 10 08:33:11 +0000 2019,531,858,314,False,1,,Hyderabad-Mumbai-Bengaluru,1,0,0,0
1083050724831854593,RT @laxman_xy: Choice between below Surging Economy thanks to or Emperor Bokassa 's Banana Re…,Wed Jan 09 17:19:49 +0000 2019,886,1019,66,False,4,Choice between below Surging Economy thanks to or Emperor Bokassa 's Banana Republic of Nehruvian Italian socialist shithole till 2014 @MirrorNow @the_hindu,India,4,1,0,0
1083029212011753478,@TimesNow Great news! We need such Lawyers.. 🙏 wants to win to saveguard their hidden money but is all set to serve the poor by making these politicians cough the black money. Great initiative! @BJP4India,Wed Jan 09 15:54:20 +0000 2019,2827,6344,76,False,0,,Gujarat India,5,2,0,0
1082977732508741632,": BJD Not Part of ; ‘Will Keep Equal Distance From BJP, Congress,’ Says Naveen Patnaik",Wed Jan 09 12:29:46 +0000 2019,46,38690,22460,False,0,,Mumbai India,6,0,0,1
1082977015412609024,our poll suggest @narendramodi as of,Wed Jan 09 12:26:55 +0000 2019,15978,26324,1597,False,0,,भारत,6,1,0,0
1082947998160580608,Congress Opposed the Quota bill for unreserved Upper Caste in. in In congress party opposed the because this bill is only for collecting vote in political winning formula for BJP.,Wed Jan 09 10:31:37 +0000 2019,15,185,6,False,0,,New delhi,6,0,0,0
1082931913575358466,"Even if AAP and CONgress join hands, the wort case scenario for BJP is 5-2. 7-0 is still a possibility.",Wed Jan 09 09:27:42 +0000 2019,1516,20511,192,False,0,,India,1,0,0,1
1082904258289197056,Breaking News: BJD will not be part of Mahagathbandhan. Will continue to remain equidistant from both BJP &amp; Congress: Naveen Patnaik @Naveen_Odisha,Wed Jan 09 07:37:49 +0000 2019,39,3608,91,False,0,,India,3,1,0,0
1082832672362180608,Choice between below Surging Economy thanks to or Emperor Bokassa 's Banana Republic of Nehruvian Italian socialist shithole till 2014 @MirrorNow @the_hindu,Wed Jan 09 02:53:21 +0000 2019,57383,109314,2588,False,4,,India,8,2,0,0
1082682308878987269,"When you have 62.5% reservation, don't call it a reservation please ाओ_देश_बचाओ",Tue Jan 08 16:55:52 +0000 2019,95,113,19,False,3,,Bengaluru India,15,0,0,0
1082608442571980800,Our Democracy today has unfortunately reached a stage of Bjp First/Congress First &amp; India Second Political Parties are bitterly fighting for their survival and business continuance with interest of India taking a back seat in every action and decision they take,Tue Jan 08 12:02:21 +0000 2019,2,20,3,False,0,,Noida India,1,0,0,0
1082887204223897601,congress alliance with different political parties and BJP alliance with EVM,Wed Jan 09 06:30:03 +0000 2019,1817,2657,43,False,0,,New Delhi India,1,0,0,0
1083793939272880130,could be a huge blow for @BJP4India also and it is going to create a huge dent in the vote bank to both party.,Fri Jan 11 18:33:05 +0000 2019,367,463,161,False,0,,Bangalore,4,1,0,0
1083767384605949954,Thunderous No from Young India Hope it reach to ears of my congressi freinds too. Kaho Dil Se Namo Fir Se,Fri Jan 11 16:47:34 +0000 2019,7815,52812,2093,False,0,,Uttar Pradesh India,1,0,0,1
1083717217714356224,@PChidambaram_IN Why waste paper and ink Chidu...Congress won’t come to power for next 100 years...write a book instead...from jail...along with that thief son of yours...we will ensure you have Rahul and Sonia for company,Fri Jan 11 13:28:13 +0000 2019,8,801,16,False,0,,Mumbai India,1,1,0,0
1083591281891311616,"How is he always so right? Aye aye aiyar, next we swipe-out 😎 just wait for it!",Fri Jan 11 05:07:48 +0000 2019,235,122,183,False,0,,Bengaluru India,5,0,0,1
1083429559926697985,"Actually you are right. “You don’t know”! Period.Did you just google that btw? Also, NOW I feel you were right earlier as well, “wars” and are . That’s the first thing that comes in your (sic) mind. Ain’t it? ;)",Thu Jan 10 18:25:10 +0000 2019,235,122,183,False,0,,Bengaluru India,5,0,0,1
1085972323037937664,@ianuragthakur Why even then? The next term should make a . End of story. @narendramodi @BJP4India,Thu Jan 17 18:49:12 +0000 2019,13005,23440,945,False,1,, India-Canada,11,3,0,0
1085971215364190208,@Aabhas24 @mini_707070 @SeCoolar_Right @meenakshisharan @kavita_tewari @ssingapuri @DrGPradhan @CongressDahan @LaliGanguli @prettypadmaja @vanitajain21 @VandanaJayrajan @narendramodi @BJP4India @amitmalviya @hindustanse @Sanju_Verma_ @athavale_abhi @barotchetan99 @biswajitroy2009 @shakkuiyer @RKpanday1977 @_NAN_DINI @azad_nishant I nominate all the patriots and those who care for the country and the Armed Forces!,Thu Jan 17 18:44:48 +0000 2019,209818,453103,4326,False,5,,भारत,2,24,0,0
1085958166683308032,"@ASJBaloch @ConfessionsExMu This is straight message to even political parties like , who claim they work for and their .",Thu Jan 17 17:52:57 +0000 2019,4535,49449,461,False,0,,Unknown,15,2,0,0
1085950313213788160,@AnthonySald @TajinderBagga @rajanandbjp @AmitShah @narendramodi @NupurSharmaBJP @poonam_mahajan @Ra_THORe @vijai63 @smritiirani @ianuragthakur @nsitharaman Are you missing dirty corrupt polluted smelling stinking India of Congress era ? yuva,Thu Jan 17 17:21:45 +0000 2019,15237,7413,63,False,0,,Unknown,10,12,0,0
1085949929342652416,@careandh @TajinderBagga @AmitShah @narendramodi @NupurSharmaBJP @poonam_mahajan @Ra_THORe @vijai63 @smritiirani @ianuragthakur @nsitharaman Are you missing dirty corrupt polluted smelling stinking India of Congress era ? yuva,Thu Jan 17 17:20:13 +0000 2019,15237,7413,63,False,0,,Unknown,10,11,0,0
1085882322237370371,@DaharwalK @BJP4India Are you missing dirty corrupt polluted smelling stinking India of Congress era ? yuva,Thu Jan 17 12:51:34 +0000 2019,15237,7413,63,False,0,,Unknown,10,2,0,0
1085879781336453120,"Literally! THINK BEFORE YOU ACT... So , COME ON! For The Second Time , let's give @narendramodi @BJP4India @AmitShah What they need , YOU KNOW VERY WELL.... @BJP4India 🇮🇳🇮🇳🇮🇳🇮🇳🇮🇳",Thu Jan 17 12:41:29 +0000 2019,70,64,10,False,3,,Varanasi India,6,4,0,0
1085827103864479744,"@RatanSharda55 @SwarajyaMag 1. eliminated 2. Corrupt booked 3. forces made irrelevant 4. jobless 5. on the top &amp; nearing a Fir bhi, @narendramodi ne kya kiya? @BJP4India",Thu Jan 17 09:12:09 +0000 2019,13005,23440,945,False,12,, India-Canada,12,4,0,0
1085825056150818817,You gotta feel bad for @INCIndia @RahulGandhi @KapilSibal @kanhaiyakumar @truevirathindu @padpadshahi @ani30oct @parshuram_son,Thu Jan 17 09:04:01 +0000 2019,454,515,217,False,1,,Unknown,11,8,0,0
1085705288072581122,"@FranceinIndia @NH_India totally forget the country, they just need the chair of PM cause, they already used their all money. They need more money and for this they need PM chair. @BJP4India",Thu Jan 17 01:08:06 +0000 2019,351,432,7,False,0,,Unknown,2,3,0,0
1085700574752923648,Great Initiative Towards Termination of Misuses of Laws By ...!!! @Swamy39 @DrGPradhan @ippatel @mvmeet @BJP4India @V4Modi,Thu Jan 17 00:49:23 +0000 2019,10132,14122,363,False,0,,Spectral Extant,11,6,0,1
1085693090499747840,@DrGPradhan @tiwa_ro So heart touching! @BJP4India @ShivSena ाओ_देश_बचाओ ौकीदार_ही_चोर_है @INCIndia @RahulGandhi : don’t elect the Govt which supports tukde Tudke gang!,Thu Jan 17 00:19:38 +0000 2019,2835,6358,78,False,0,,Gujarat India,10,6,0,0
1085578325467242496,BJP needs to be smart about predicting the next moves of Congress and not play the waiting game.,Wed Jan 16 16:43:36 +0000 2019,627,671,15,False,0,,Unknown,3,0,0,0
1085553279839465472,@MallikarjunINC of declares that @INCIndia has no problems with or @BJP4India but they have problems with the SANATAN DHARMA,Wed Jan 16 15:04:05 +0000 2019,8685,6606,64,False,0,,Lucknow India,6,3,0,0
1085544892493754368,Singapore's low-cost airline Scoot to expand service in India - Economic Times,Wed Jan 16 14:30:45 +0000 2019,662,1274,224,False,0,,Unknown,11,0,0,1
1085518376229834759,Banning @PUBG and electing @PMOIndia are the two stupid moves we may witness in,Wed Jan 16 12:45:23 +0000 2019,938,220,792,False,1,,Bhayander West Thane,10,2,0,0
1085508860041969664,"@RahulGandhi These are most popular ""Hashtags "" Voter mood is self explanatory 🚩🚩🚩",Wed Jan 16 12:07:34 +0000 2019,3437,7941,1733,False,1,,NCR India,14,1,0,0
1085508542826725376,"@rssurjewala These are most popular ""Hashtags "" Voter mood is self explanatory 🚩🚩🚩",Wed Jan 16 12:06:19 +0000 2019,3437,7941,1733,False,0,,NCR India,14,1,0,0
1085468836667641858,@jyotsnavarma9 @romy1965 @Divyamshu_2010 @SK77872309 @suprema_she @aditya2585 @v2l2b2 @AkshayVandure1 @KamathVignesh93 @girishalva @sukanyaiyer2 @prashantladhwa @LillyMaryPinto @kvQuote @MadhukumarVP1 @ShruthiL1 @Rajshakunthala @rajsprabhu @PrabhuNiveditha @shivuvgowda @satheesh_ds @bhanuachr55 @INU612 @bsrao_mysore @OKarthik82 @raji7373 @followaanchal @RakeshJingade @Jayashree_Ravis @vinayknl61 @Saru81589968 @subodh1945 @SaaranshAwasthi @vinish_ind @indspirit @Agnives99385144 @AnilJ_Modi19 @VandanaJayrajan @saffronwarior @Rajendr76194898 @sanjaygobind @Rajesh201963 @GourabMondalSun @_ankahi @DrAVSriv @Anju1951Purohit @dharmvirjangra9 @meenakshisharan @kailashkaushik8 Since 1971 I am voter and always voted earlier Jan Sangh and merged entity Janta Party 1978 and thereafter BJP Never voted any other party including Congress And beyond,Wed Jan 16 09:28:32 +0000 2019,3998,3930,617,False,3,,Mumbai India,1,49,0,0
1085398176553750530,"@DrAVSriv @Sapna_3 @SushmaAnand89 @devyanidilli @cpraghav We are registered voters. I've always voted @BJP4India &amp; happily this year 2 ""kattar congressis"" have turned around to support ,thanks in part to my efforts of educating them on Modiji's work &amp; how harmful INC's been &amp; will be for India..but largely due to Pappu!😂",Wed Jan 16 04:47:45 +0000 2019,26426,27741,1279,False,3,,Gujarat India,1,6,0,0
1085243406815772674,"RT @narmo2019: .@sardesairajdeep heard your assessment of UP with @anjanaomkashyap , @BJP4India will get loose 30 seats and 40 if congress…",Tue Jan 15 18:32:45 +0000 2019,10424,54802,276,False,1,".@sardesairajdeep heard your assessment of UP with @anjanaomkashyap , @BJP4India will get loose 30 seats and 40 if congress joins Taghbandhan ! Will u be leave journalism and remove colored 👓, if @myogiadityanath and gets more than 60 seats.",Maharashtra India,0,4,0,0
1085222330979180545,@nparama1951 @chandan27648045 @brainjal @ChakdeIndia11 @Savitritvs @yessirtns @MODI_FiredHindu @Drsunandambal @jyotsnavarma9 @KashmirSParihar @SangoliR @ads7506 @prasad_perla @LD_VillageGuy @JaganNKaushik @dharmvirjangra9 @MajNS18 @SGK19551 @NiniHala @praneelraja @colkt @kailashkaushik8 @VIKVAISHNAWA1 @BachaoIndiako @Rahulmullakkal @RaghavendraUp16 @JayeshRanade @Am_dilip @vera_anz @gouranga1964 @ravi_sec @Anju1951Purohit @radhakrishmenon @ThunderIndia93 @Vaidikah @Bangboy54466920 @AbodeOfLakshmi @suhasgujarathi @LillyMaryPinto @Saliltoday @sukanyaiyer2 @cgalgale1 @awiresham @ratihegde @Prashantgv @BJP4India @narendramodi @RahulGandhi Stamped by Philips Kotler himself for @narendramodi Second tight slapped on another cheek @RahulGandhi and beyond,Tue Jan 15 17:09:00 +0000 2019,3998,3930,617,False,1,,Mumbai India,2,50,0,1
1085200589380698113,@SGK19551 @nparama1951 @chandan27648045 @brainjal @ChakdeIndia11 @Savitritvs @yessirtns @MODI_FiredHindu @Drsunandambal @jyotsnavarma9 @KashmirSParihar @SangoliR @ads7506 @prasad_perla @LD_VillageGuy @JaganNKaushik @dharmvirjangra9 @MajNS18 @NiniHala @praneelraja @colkt @kailashkaushik8 @VIKVAISHNAWA1 @BachaoIndiako @Rahulmullakkal @RaghavendraUp16 @JayeshRanade @Am_dilip @vera_anz @gouranga1964 @ravi_sec @Anju1951Purohit @radhakrishmenon @ThunderIndia93 @Vaidikah @Bangboy54466920 @AbodeOfLakshmi @suhasgujarathi @LillyMaryPinto @Saliltoday @sukanyaiyer2 @cgalgale1 @awiresham @ratihegde @Prashantgv @BJP4India @narendramodi For selling anything go to OLX For selling SOUL go to Congress and beyond,Tue Jan 15 15:42:37 +0000 2019,3998,3930,617,False,5,,Mumbai India,2,47,0,0
1085047958435962880,primary school text book looks like this @BJP4Karnataka @KarnatakaModi @mvmeet @SRVishwanathBJP @CTRavi_BJP,Tue Jan 15 05:36:07 +0000 2019,758,1768,141,False,0,,Bangalore,10,5,0,0
1085047619288653827,"10% reservation for general class was first introduced by p.v.n.rao led congress in 1992 ,4 years before elections. Still some shameless bjp bhakts think modi is the first one to do this !(and that too 4 months before elections) Salute u bhakts!",Tue Jan 15 05:34:46 +0000 2019,842,841,75,False,0,,Pune India,3,0,0,0
1084932059460710407,".@sardesairajdeep heard your assessment of UP with @anjanaomkashyap , @BJP4India will get loose 30 seats and 40 if congress joins Taghbandhan ! Will u be leave journalism and remove colored 👓, if @myogiadityanath and gets more than 60 seats.",Mon Jan 14 21:55:34 +0000 2019,955,1333,170,False,1,,India,2,4,0,0
1084901532959617025,Thanks to my cable just bill hiked from 500/month to 700/month !! Great job ! I--d---iots !!,Mon Jan 14 19:54:16 +0000 2019,60,922,14,False,0,,vizag,16,0,0,0
1084825309914886144,Govt to construct 44 'strategically important' roads along India-China border - Times of India,Mon Jan 14 14:51:23 +0000 2019,662,1274,224,False,0,,Unknown,11,0,0,1
1084825077474967553,"Looking for a job? Amazon to hire 1,300 in India, highest in Pacific-Asia -",Mon Jan 14 14:50:28 +0000 2019,662,1274,224,False,0,,Unknown,11,0,0,2
1084817013204271104,10 years of Congress vs 4 years of BJP: Housing sees a 240% increase under the Narendra Modi govt,Mon Jan 14 14:18:25 +0000 2019,14810,30131,725,False,0,,India,1,0,0,1
1084687056721260544,"@drshamamohd @RahulGandhi Recollect the pathetic state of India in FEB 2014. How the LOOTER UPA killed the Indian economy. For BJP, An uphill task to revive the economy",Mon Jan 14 05:42:01 +0000 2019,6820,5261,266,False,0,,Cannes France,8,2,0,0
1084684209183121408,And he promise on foreign land will make better than,Mon Jan 14 05:30:42 +0000 2019,3009,10259,105,False,0,,Unknown,9,0,0,0
1084678266105942016,@PriyaBh75909120 @SundaramChitra Qualified Dignified Achiever vs Unqualified Shameless Loser @nsitharaman @narendramodi @BJP4India @RahulGandhi @INCIndia @INCIndiaLive,Mon Jan 14 05:07:05 +0000 2019,13006,23442,945,False,2,, India-Canada,4,8,0,0
1084650365272739841,@JhaSanjay @Mayavi101 RG’s comment on this would be: “this news is fake because it is fake”..,Mon Jan 14 03:16:13 +0000 2019,2835,6358,78,False,0,,Gujarat India,5,2,0,0
1084571480497709056,"Solved on how Congress party trying to win perception war for 2019 Elections - Congress has been working on ""Shoot a Lie and scoot! "" to spoil reputation of Modi, BJP and RSS.",Sun Jan 13 22:02:45 +0000 2019,210065,103548,46950,False,2,,The World🔥🌏,5,0,0,1
1084496880254410753,"Mystery Solved on how Congress party trying to win perception war for 2019 Elections - Congress has been working on ""Shoot a Lie and scoot! "" to spoil reputation of Modi, BJP and RSS.",Sun Jan 13 17:06:19 +0000 2019,9261,8311,1646,False,0,,Unknown,4,0,0,1
1084479067435425797,RT @VishalGabani93: @jeetensingh Alliance in UP is going to work in favour of BJP as Congress-SP alliance help in UP Assembly to BJP... BJ…,Sun Jan 13 15:55:32 +0000 2019,15284,27758,1445,False,3,@jeetensingh Alliance in UP is going to work in favour of BJP as Congress-SP alliance help in UP Assembly to BJP... BJP will hold its all current seat ...or we could expect to increase tally in UP,ಕರ್ನಾಟಕ BHARAT,0,2,0,0
1084452553104990210,"@theskindoctor13 @ramakirao @rishibagree @BJP4India Neta, elected CM, MP, MLA does not respect core dedicated karyakarta, they do not share power instead r slave of bureaucrats @office_adv",Sun Jan 13 14:10:11 +0000 2019,35469,17453,6217,False,1,,Okha Port भारत,9,5,0,0
1084442194507747329,@jeetensingh Alliance in UP is going to work in favour of BJP as Congress-SP alliance help in UP Assembly to BJP... BJP will hold its all current seat ...or we could expect to increase tally in UP,Sun Jan 13 13:29:01 +0000 2019,70,91,12,False,3,,Surat India,1,1,0,1
1084345068037857280,@MALAVIKAAVINASH @poopsy1971 @RahulGandhi @rvaidya2000 How Parsi/Muslim Father &amp; Italian Catholic Christian mother can give birth to a Janeudhari Hindu Brahmin? @office_adv @RahulGandhi,Sun Jan 13 07:03:05 +0000 2019,35469,17453,6217,False,1,,Okha Port भारत,10,6,0,0
1084314127760207872,UP without congress. Whom will Muslims vote?.Surely in furure congress will lose support of Muslims and they will bend towards BJP sabka saath and sabka vikaas.,Sun Jan 13 05:00:08 +0000 2019,0,12,0,False,0,,Unknown,1,0,0,0
1084182734107480070,It seems the only people that hate the BJP are Pakistan along with Congress and their allies. Other countries including Muslim countries love Modi.,Sat Jan 12 20:18:01 +0000 2019,6798,6582,125,False,0,,London England,2,0,0,1
1084056175237185537,"Interim Budget 2019 to rain sops for Middle Class? Income Tax, housing loan rebates expected",Sat Jan 12 11:55:07 +0000 2019,662,1274,224,False,0,,Unknown,11,0,0,1
1084031460741308422,"RT @analyst1576: MP, Raj &amp; CG voters are already repenting for voting for corrupt Congress They will vote for Bjp in 2019 elections …",Sat Jan 12 10:16:55 +0000 2019,7001,11761,166,False,1,"MP, Raj &amp; CG voters are already repenting for voting for corrupt Congress They will vote for Bjp in 2019 elections @narendramodi",Unknown,0,1,0,0
1084030586434420736,"MP, Raj &amp; CG voters are already repenting for voting for corrupt Congress They will vote for Bjp in 2019 elections @narendramodi",Sat Jan 12 10:13:26 +0000 2019,7001,11761,166,False,1,,Unknown,3,1,0,1
1084012154448158720,Two process of loan avail during the year 2008-2014 One - Congress process Two - Common process @narendramodi @ibhagwa_n @BJP4India,Sat Jan 12 09:00:12 +0000 2019,2659,7069,878,False,1,, Allahabad India #Prayagraj,4,3,0,0
1084011222863761408,"""We have rid country from corrupt systems. Rs 3 lakh crore has returned to banks after we brought new insolvency &amp; bankruptcy laws,"" says PM @narendramodi",Sat Jan 12 08:56:30 +0000 2019,324032,635653,7843,False,7,,India,6,1,0,1
1084009840563941378,Common Process Vs Congress Process of giving loans. Congress loans were through a phone call from Namdaar Lol,Sat Jan 12 08:51:00 +0000 2019,2868,3159,36,False,0,,India,3,0,0,0
1084002110969204737,"@JhaSanjay can take care of himself and !! ki sonch Jha2 8th LS 444 seats, current 44 and heading steadily towards 4 in ....",Sat Jan 12 08:20:17 +0000 2019,5500,9276,906,False,0,,Unknown,7,1,0,0
1083908110614388737,"Recall the pathetic state of India in FEB 2014. How the LOOTER UPA killed the Indian economy. For BJP, An uphill task to revive the economy",Sat Jan 12 02:06:46 +0000 2019,6820,5261,266,False,0,,Cannes France,8,0,0,0
1083855277605208064,We still allow existence of party when it’s a well known fact that they have looted this country of more than 2 Lakh crores(scamsor personal gains)!! Aur kitna chaiye bhai?? Kitna? Phir bolte ho .,Fri Jan 11 22:36:49 +0000 2019,1124,1308,134,False,0,,Dublin City Ireland,8,0,0,0
1083792272800604160,@narendramodi @BJP4India congress r bjp r r all r corrupt and no one will be against corruption they will keep cheating all @Swamy39 u r still a part of this corrupt gang if u still believe then u r also,Fri Jan 11 18:26:28 +0000 2019,11,1135,14,False,0,,Unknown,5,3,0,0
1083733079049461760,@jrdjoshi @SundaramChitra @anildhar9 @navien15 @DhananjayParkhe @Satyaof2019 @swamiyogeshji @checkinglies @yogashar99 @ind_rajat92 @AnilJ_Modi19 @bhuvikal @mgnayak5 @jyotsnavarma9 @singhsanjaychau @mahendra3 @Drsunandambal @NAAGPURKAR @Online_Florista @nyra122333 @MukulAgarwal66 @arvind_joshi @masala_chaas @PradnyaLotlikar @jvidyasagar @jyotsnadevi33 @murthy_sowjanya @PVishnukant @GarvPe @RaoSuresh2 @abisankaran @SumanSh58123278 @narendramodi @AmitShah @BJP4India @bjparvind @PCMohanMP @mepratap @Prof_Hariom @PrinceArihan @TajinderBagga @Gopalee67 @PiyushGoyal @nsitharaman @HMOIndia @TigerRajaSingh @ChouhanShivraj @BSYBJP @mvmeet @MALAVIKAAVINASH 10 Years,Fri Jan 11 14:31:15 +0000 2019,63179,8321,1692,False,7,,New York USA,18,50,0,0
1083569844853723136,"@narendramodi Modi ji is extolling us as voters and responsible citizens. We must do our bit for BJP does not have the Congress culture of sychophany, corruption, dynasty and hypocrisy!",Fri Jan 11 03:42:37 +0000 2019,99557,58931,8292,False,0,,mumbai,1,1,0,0
1083527462594793472,This video gives me goosebumps!!!,Fri Jan 11 00:54:12 +0000 2019,15177,11766,290,False,0,,Ten Jan Path,10,0,0,1
1083488243826524160,@jrdjoshi @SundaramChitra @anildhar9 @navien15 @DhananjayParkhe @Satyaof2019 @swamiyogeshji @checkinglies @yogashar99 @ind_rajat92 @AnilJ_Modi19 @bhuvikal @mgnayak5 @jyotsnavarma9 @singhsanjaychau @mahendra3 @Drsunandambal @NAAGPURKAR @Online_Florista @nyra122333 @MukulAgarwal66 @arvind_joshi @masala_chaas @PradnyaLotlikar @jvidyasagar @jyotsnadevi33 @murthy_sowjanya @PVishnukant @GarvPe @RaoSuresh2 @abisankaran @SumanSh58123278 @narendramodi @AmitShah @BJP4India @bjparvind @PCMohanMP @mepratap @Prof_Hariom @PrinceArihan @TajinderBagga @Gopalee67 @PiyushGoyal @nsitharaman @HMOIndia @TigerRajaSingh @ChouhanShivraj @BSYBJP @mvmeet @MALAVIKAAVINASH (10 Years) VS (04 Years),Thu Jan 10 22:18:22 +0000 2019,63179,8321,1692,False,15,,New York USA,19,50,0,0
1083384620425437184,India poised to become third-largest consumer market: WEF - Economic Times,Thu Jan 10 15:26:36 +0000 2019,662,1274,224,False,0,,Unknown,10,0,0,1
1083382569339478016,Modi Government Praised for General Category Quota Bill :,Thu Jan 10 15:18:27 +0000 2019,662,1274,224,False,0,,Unknown,10,0,0,1
1083340042519474176,"@RahulGandhi First in the world doing both things, questioning himself and answering himself",Thu Jan 10 12:29:28 +0000 2019,14,29,0,False,0,,India,5,1,0,0
1083327923489107968,"@PiyushGoyal Sir @AmitShah @AmitShahOffice TN Statistics: In 2014, DMDK got maximum seats (14), but fared badly. In Parliament Elections, voters choose PM Modi or Congress @DrTamilisaiBJP @PonnaarrBJP @HRajaBJP @amargov @CPRBJP @VanathiBJP @sgurumurthy",Thu Jan 10 11:41:18 +0000 2019,1,830,11,False,0,,Coimbatore India,1,10,0,1
1083326933583093760,"@PiyushGoyal Sir @AmitShahOffice If Makkal Neethi Maiyam (Kamal hassan) contests alone, it will eat into DMK + Congress alliance @DrTamilisaiBJP @PonnaarrBJP @HRajaBJP @amargov @CPRBJP @VanathiBJP @sgurumurthy",Thu Jan 10 11:37:22 +0000 2019,1,830,11,False,0,,Coimbatore India,1,9,0,1
1083223651711803393,"'s Abhiyan is not as successful as they claim. Most of the leaders from &amp; dont have access to , they have to Shit-in Twitter or Facebook. Not to be left behind, few from visits House of @ndtvindia to shit.",Thu Jan 10 04:46:58 +0000 2019,3009,10259,105,False,0,,Unknown,6,1,0,0
1083029212011753478,@TimesNow Great news! We need such Lawyers.. 🙏 wants to win to saveguard their hidden money but is all set to serve the poor by making these politicians cough the black money. Great initiative! @BJP4India,Wed Jan 09 15:54:20 +0000 2019,2835,6358,78,False,0,,Gujarat India,5,2,0,0
1083025046556364801,RT @AnilJ_Modi19: @dharmvirjangra9 @Ramesh_BJP @vanitajain21 @SoniaGurnani19 @CongressDahan @OnlineRajan__ @PidiBuster @mgnayak5 @SumanSh58…,Wed Jan 09 15:37:47 +0000 2019,38016,30484,3801,False,4,@dharmvirjangra9 @Ramesh_BJP @vanitajain21 @SoniaGurnani19 @CongressDahan @OnlineRajan__ @PidiBuster @mgnayak5 @SumanSh58123278 @jvidyasagar @mahendra3 @RohiniShah73 @Rishi_IHA There is Boom👌👌👌👌👌 in every sector Boss Invest as much as 2 year margin will get Double your Money in Market ोदी_है_ना,Unknown,0,9,0,0
1082991617647276032,Urea kha ke !! What about the news of non-existent beneficiaries in the list of farm loan waiver?? Fake news or ?,Wed Jan 09 13:24:57 +0000 2019,1124,1308,134,False,0,,Dublin City Ireland,9,0,0,1
1082988878062080000,"Working Like a Clerk,Not CM,Because of Congress Interference: Emotional Kumaraswamy to Party",Wed Jan 09 13:14:04 +0000 2019,4942,4806,540,False,1,,my HEARTmy INDIA,7,0,0,1
1082981227169116160,@dharmvirjangra9 @Ramesh_BJP @vanitajain21 @SoniaGurnani19 @CongressDahan @OnlineRajan__ @PidiBuster @mgnayak5 @SumanSh58123278 @jvidyasagar @mahendra3 @RohiniShah73 @Rishi_IHA There is Boom👌👌👌👌👌 in every sector Boss Invest as much as 2 year margin will get Double your Money in Market ोदी_है_ना,Wed Jan 09 12:43:40 +0000 2019,89854,82344,4695,False,4,,India,5,13,0,0
1082854439109591040,Jb chor hi ho gandhi tb kaisey hateygi desh ki samashya saari..... Thats what happens when dogs know only to bark..... @RahulGandhi @INCIndia @ZeeNews @sudhirchaudhary @IndiaToday @AAjy,Wed Jan 09 04:19:51 +0000 2019,22,49,15,False,0,,Asansol India,3,6,0,1
1082678034463903745,"@bsdauphin @OppressedHindu There is as simple reason, however great crimes committed by High &amp; Mighty Politicians or Family controlled polity, they are not to be touched.",Tue Jan 08 16:38:53 +0000 2019,1237,756,56,False,0,,Okha Port Hindusthan,8,2,0,0
1082668746672615425,"There is as simple reason, however great crimes committed by High &amp; Mighty Politicians or Family controlled polity, they are not to be touched.",Tue Jan 08 16:01:58 +0000 2019,35469,17453,6217,False,0,,Okha Port भारत,8,0,0,1
1082667551602196480,"@Prof_Hariom @narendramodi @RahulGandhi There is as simple reason, however great crimes committed by High &amp; Mighty Politicians or Family controlled polity, they are not to be touched.",Tue Jan 08 15:57:13 +0000 2019,1237,756,56,False,0,,Okha Port Hindusthan,8,3,0,0
1082667429338202113,"@SuPriyoBabul @KirenRijiju @Ra_THORe @Dchautala @arunjaitley There is as simple reason, however great crimes committed by High &amp; Mighty Politicians or Family controlled polity, they are not to be touched.",Tue Jan 08 15:56:44 +0000 2019,1237,756,56,False,0,,Okha Port Hindusthan,8,5,0,0
1082666846007058432,"@Prof_Hariom There is as simple reason, however great crimes committed by High &amp; Mighty Politicians or Family controlled polity, they are not to be touched.",Tue Jan 08 15:54:25 +0000 2019,1237,756,56,False,0,,Okha Port Hindusthan,8,1,0,0
1082666662644584448,"There is as simple reason, however great crimes committed by High &amp; Mighty Politicians or Family controlled polity, they are not to be touched.",Tue Jan 08 15:53:42 +0000 2019,35469,17453,6217,False,0,,Okha Port भारत,8,0,0,1
1082666591920287745,"@iAadiRaj @ErNitinpatil @RahulGandhi There is as simple reason, however great crimes committed by High &amp; Mighty Politicians or Family controlled polity, they are not to be touched.",Tue Jan 08 15:53:25 +0000 2019,35469,17453,6217,False,0,,Okha Port भारत,8,3,0,0
1082666431777554435,"@cheena231 @sandeepfromvns @narendramodi @vinitgoenka There is as simple reason, however great crimes committed by High &amp; Mighty Politicians or Family controlled polity, they are not to be touched.",Tue Jan 08 15:52:46 +0000 2019,35469,17453,6217,False,0,,Okha Port भारत,8,4,0,0
1082666366031798274,"@TajinderBagga @pummy863 There is as simple reason, however great crimes committed by High &amp; Mighty Politicians or Family controlled polity, they are not to be touched.",Tue Jan 08 15:52:31 +0000 2019,35469,17453,6217,False,0,,Okha Port भारत,8,2,0,0
1082666074523484164,"@madhusharmabjp @sandeepfromvns There is as simple reason, however great crimes committed by High &amp; Mighty Politicians or Family controlled polity, they are not to be touched.",Tue Jan 08 15:51:21 +0000 2019,35469,17453,6217,False,0,,Okha Port भारत,8,2,0,0
1082665802384457730,"@jagratishuklafc @atlantesindia There is as simple reason, however great crimes committed by High &amp; Mighty Politicians or Family controlled polity, they are not to be touched.",Tue Jan 08 15:50:16 +0000 2019,35469,17453,6217,False,0,,Okha Port भारत,8,2,0,0
1082665708671156225,"There is as simple reason, however great crimes committed by High &amp; Mighty Politicians or Family controlled polity, they are not to be touched.",Tue Jan 08 15:49:54 +0000 2019,35469,17453,6217,False,1,,Okha Port भारत,8,0,0,1
1082665546603261954,"There is as simple reason, however great crimes committed by High &amp; Mighty Politicians or Family controlled polity, they are not to be touched.",Tue Jan 08 15:49:15 +0000 2019,35469,17453,6217,False,0,,Okha Port भारत,8,0,0,1
1082664514598907906,"There is as simple reason, however great crimes committed by High &amp; Mighty Politicians or Family controlled polity, they are not to be touched.",Tue Jan 08 15:45:09 +0000 2019,1237,756,56,False,1,,Okha Port Hindusthan,8,0,0,1
1085754328915177472,"RT @electionstation: BJP's bid to topple Karnataka government fails, says Congress Minister @INCIndia @DrParameshwara …",Thu Jan 17 04:22:59 +0000 2019,18,35163,436,False,1,"BJP's bid to topple Karnataka government fails, says Congress Minister @INCIndia @DrParameshwara",London,1,3,0,0
1085753054496907266,"BJP's bid to topple Karnataka government fails, says Congress Minister @INCIndia @DrParameshwara",Thu Jan 17 04:17:55 +0000 2019,76,3836,5673,False,1,,India,9,2,0,1
1085447390088245250,"BJP denies 'game' in Karnataka, says problem within Congress @BJP4Karnataka @BJP4India @hd_kumaraswamy",Wed Jan 16 08:03:19 +0000 2019,76,3836,5673,False,0,,India,9,3,0,1
1085205341896228864,RT @electionstation: Karnataka Minister alleges poaching of Congress MLAs by BJP @INCIndia …,Tue Jan 15 16:01:30 +0000 2019,133,44,4,False,1,Karnataka Minister alleges poaching of Congress MLAs by BJP @INCIndia,New Delhi India,3,2,0,0
1085055984496562176,"Just one request Whatsoever happens Personally Don't want a ""Bachelor or Seemingly Bachelor Prime Minister"" next time around Janhit Main Jaari 🙏",Tue Jan 15 06:08:00 +0000 2019,1254,684,78,False,0,,Delhi,15,0,0,0
1084728344388591617,Karnataka Minister alleges poaching of Congress MLAs by BJP @INCIndia,Mon Jan 14 08:26:05 +0000 2019,76,3836,5673,False,1,,India,8,1,0,1
1083591176089948160,Why TMC is already on the back foot -BJP Chief Dilip Ghosh Full Story:- . . . .,Fri Jan 11 05:07:23 +0000 2019,818,1293,315,False,2,,New Delhi India,13,0,0,1
1085896660004159488,RT @CTRavi_BJP: CM @hd_kumaraswamy warns CONgress not to treat JD (S) as third grade citizen while finalizing tickets for …,Thu Jan 17 13:48:33 +0000 2019,461,2268,393,False,64,"CM @hd_kumaraswamy warns CONgress not to treat JD (S) as third grade citizen while finalizing tickets for . First he accused his alliance partner having reduced him to a Clerk in the Government, now talks about third rate citizen, what next Kumaranna?",Bengaluru,0,2,0,0
1085879013598552066,RT @AnimaSonkar: has plotted against @ABVPVoice to draw political mileage against @BJP4India in upcoming .…,Thu Jan 17 12:38:26 +0000 2019,26020,11107,3846,False,13,has plotted against @ABVPVoice to draw political mileage against @BJP4India in upcoming . @INCIndia doesn’t care for the country and has no stakes in its well-being and development. All they care for is and shall go to any extend to gain it!,JNU | Prayagraj,2,3,0,0
1085826413717004288,has plotted against @ABVPVoice to draw political mileage against @BJP4India in upcoming . @INCIndia doesn’t care for the country and has no stakes in its well-being and development. All they care for is and shall go to any extend to gain it!,Thu Jan 17 09:09:25 +0000 2019,26020,11107,3846,False,13,,JNU | Prayagraj,3,3,0,0
1085754328915177472,"RT @electionstation: BJP's bid to topple Karnataka government fails, says Congress Minister @INCIndia @DrParameshwara …",Thu Jan 17 04:22:59 +0000 2019,18,35163,436,False,1,"BJP's bid to topple Karnataka government fails, says Congress Minister @INCIndia @DrParameshwara",London,1,3,0,0
1085753054496907266,"BJP's bid to topple Karnataka government fails, says Congress Minister @INCIndia @DrParameshwara",Thu Jan 17 04:17:55 +0000 2019,76,3836,5673,False,1,,India,9,2,0,1
1085484306838048768,"hopes to double its 2009 tally for the following its victories in , and in the , reports @Ms_Aflatoon.",Wed Jan 16 10:30:00 +0000 2019,100,33981,19722,False,0,,Asia,9,1,0,1
1085468779730141185,Big blow to BJP from North-East as Ex-CM Apang resigns from the party,Wed Jan 16 09:28:18 +0000 2019,724,9136,2300,False,0,,Unknown,7,0,0,1
1085447390088245250,"BJP denies 'game' in Karnataka, says problem within Congress @BJP4Karnataka @BJP4India @hd_kumaraswamy",Wed Jan 16 08:03:19 +0000 2019,76,3836,5673,False,0,,India,9,3,0,1
1085205341896228864,RT @electionstation: Karnataka Minister alleges poaching of Congress MLAs by BJP @INCIndia …,Tue Jan 15 16:01:30 +0000 2019,133,44,4,False,1,Karnataka Minister alleges poaching of Congress MLAs by BJP @INCIndia,New Delhi India,3,2,0,0
1084795111647731713,"was it so important for @BJP4India to file the charges before the elections, It might be because now modi will say ""I have the guts to send Anti-Nationals"" to jail! Does congress? But hey wait a sec, are they ""Anti-Nationals""?",Mon Jan 14 12:51:23 +0000 2019,156,707,19,False,0,,Srinagar India,3,1,0,0
1084728344388591617,Karnataka Minister alleges poaching of Congress MLAs by BJP @INCIndia,Mon Jan 14 08:26:05 +0000 2019,76,3836,5673,False,1,,India,8,1,0,1
1083987872326111232,"Mayawati, while announcing tie-up with Samajwadi Party, confirmed that INC is not part of the alliance. “All sections unhappy with Congress. Both Congress and BJP have similar policies and both of them are involved in corruption,” said Mayawati. | HT News",Sat Jan 12 07:23:42 +0000 2019,2770,65071,3382,False,0,,Unknown,1,0,0,0
1083586716085161989,Next Congress will demand Election Commission to consider cost of making and Movies to be included in the BJP election expenses of .,Fri Jan 11 04:49:39 +0000 2019,1731,8692,566,False,0,,Unknown,4,0,0,0
1083349642669109248,Is Congress’s 3 State Win a Threat for @BJP4India in ? @INCIndia @RahulGandhi ाओ_देश_बचाओ @BJPLive,Thu Jan 10 13:07:37 +0000 2019,1373,7352,3820,False,0,,New Delhi Delhi,5,4,0,1
1083302476705681408,"The edifice of the Opposition challenge to will need to stand on the legs of success of the non-BJP camp to stitch up alliances in and , reports @srinandjha.",Thu Jan 10 10:00:11 +0000 2019,100,33981,19722,False,0,,Asia,9,1,0,1
1083137985338662912,If @narendramodi is continuing the same pace.. &amp; what we just witnessed in last3 days is a trailer.. thn believe me it can break congress’ highest ever tally record in Independent India!! @BJP4India ..,Wed Jan 09 23:06:34 +0000 2019,2906,20142,493,False,1,,Some where as Global Citizen,1,2,0,0
1082975295584567296,"The SP-BSP solidarity has the potential to restrict a division of the opposition votes for , something which had given BJP an edge in 2014 polls, @Ms_Aflatoon.",Wed Jan 09 12:20:05 +0000 2019,100,33981,19722,False,1,,Asia,8,1,0,1
1082904258289197056,Breaking News: BJD will not be part of Mahagathbandhan. Will continue to remain equidistant from both BJP &amp; Congress: Naveen Patnaik @Naveen_Odisha,Wed Jan 09 07:37:49 +0000 2019,39,3610,91,False,0,,India,3,1,0,0
