id_str,full_text,created_at,favourites_count,statuses_count,followers_count,retweeted,retweet_count,retweeted_text,location,hashtags,user_mentions,symbols,urls
1075627413806166016,(BJP’s MODI) India's Modi entering election year looking weaker than ever ⁦⁦@BJP4India⁩ ⁦@narendramodi⁩ ⁦@INCIndia⁩ ⁦@RahulGandhi⁩ ⁦@nkreports⁩ ⁦⁦⁦@cnni,Thu Dec 20 05:42:14 +0000 2018,12962,228,49,False,0,,MOTHERLAND ,6,6,0,1
1077507584427466752,"The new Political Narrative: Farmers vs Crony Capitalists!!! Congress has got it right, returning land taken from adivasi farmers 4 a Tata Project.",Tue Dec 25 10:13:21 +0000 2018,1956,10366,4226,False,0,,Goa,7,0,0,1
1077043448320909313,"It's a shame that inspite of constituted procedure, people chose to vote who belong to their caste and not for those who can be a good leader.",Mon Dec 24 03:29:03 +0000 2018,32,148,2,False,0,,Rewa  Madhya Pradesh.,2,0,0,0
1074916773588217857,@PMOIndia that PM Office an Unit also engaged in which has nothing to do with it. or to,Tue Dec 18 06:38:24 +0000 2018,85311,60343,387,False,0,,Cowistan,9,1,0,0
1078004297541906432,BJP issues whip: Showdown likely as Triple Talaq Bill to come again in Lok Sabha,Wed Dec 26 19:07:07 +0000 2018,59,46032,589,False,0,,Unknown,11,0,0,1
1077975968625582080,"Plans of leader to meet supremo and chief here in a bid to cobble up a non-BJP, non-Congress alliance ahead of the 2019 election seem to have hit a roadblock.",Wed Dec 26 17:14:33 +0000 2018,332,512223,1985825,False,3,,Mumbai India,7,0,0,1
1077879980678209536,"has been meeting various leaders across states to cobble up a non-BJP, non-Congress federal front ahead of 2019 elections. The TRS chief is scheduled to meet Narendra Modi in Delhi on Wednesday and later BSP president Mayawati.",Wed Dec 26 10:53:08 +0000 2018,332,512223,1985825,False,0,,Mumbai India,3,0,0,1
1076327187379150848,Parivar’s Perilous Post Poll Position ..,Sat Dec 22 04:02:53 +0000 2018,59,46032,589,False,0,,Unknown,20,0,0,1
1076324371193417728,Parivar’s Perilous Post Poll Position ...,Sat Dec 22 03:51:41 +0000 2018,59,46032,589,False,0,,Unknown,20,0,0,1
1076067688215064576,BJP will itself remove Prime Minister Narendra Modi after 2019 Lok Sabha elections says Chief Minister V Narayansamy.,Fri Dec 21 10:51:43 +0000 2018,17,5677,72,False,0,,India,6,0,0,1
1076067664961822720,BJP will itself remove Prime Minister Narendra Modi after 2019 Lok Sabha elections says Chief Minister V Narayansamy.,Fri Dec 21 10:51:38 +0000 2018,1,1845,25,False,0,,Mumbai India,6,0,0,1
1076064063833006080,Parivar’s Perilous Post Poll Position .,Fri Dec 21 10:37:19 +0000 2018,59,46032,589,False,0,,Unknown,20,0,0,1
1076007495095603200,"Lok Sabha's Green Signal To Consumer Bill, Allows Recall For Faulty Products @LokSabhaSectt @INCIndia @BJP4India",Fri Dec 21 06:52:32 +0000 2018,4449,78242,16815,False,0,,India,10,3,0,1
1075961868269821952,Passed in ; Proposed Law Mandates Harsh Punishment Upto Life Imprisonment For Selling Adulterated Food Items,Fri Dec 21 03:51:14 +0000 2018,43,36749,20716,False,1,,Mumbai India,6,0,0,1
1075960080032456706,Parivar’s Perilous Post Poll Position,Fri Dec 21 03:44:08 +0000 2018,59,46032,589,False,0,,Unknown,20,0,0,1
1075725196122673153,"In a jolt to ahead of polls, its former ally in , (RLSP), which quit the 10 days ago, joined the Congress-led UPA on Thursday and declared it will contest the elections as part of a “Grand Alliance”",Thu Dec 20 12:10:47 +0000 2018,4,52360,1340,False,0,,India,5,0,0,1
1075636822082875392,Go through this @nimmasuresh @mvmeet @republic @alur_umesh @harshab8286 @BJP4India @CTRavi_BJP,Thu Dec 20 06:19:37 +0000 2018,263,194,19,False,0,,Bengaluru India,12,7,0,0
1075030944283877376,"By abstaining from the swearing-in of @INCIndia governments in three states, the and the have made it clear that forming an anti-BJP grand alliance for the coming polls won't be easy @TheWeekLive",Tue Dec 18 14:12:04 +0000 2018,351,8214,401,False,0,,Mumbai India,5,2,0,1
1074970392769499136,"The BJP alleges that Congress is running away from a discussion on Rafale in the Parliament. Do you agree? Tell us, here:",Tue Dec 18 10:11:28 +0000 2018,0,37,10,False,0,,Unknown,9,0,0,1
1074964907014144000,CM @sarbanandsonwal said that the northeast became 'Congress mukt (free)' following the Mizoram Assembly polls and the region would become a stronghold for the in the 2019 election;,Tue Dec 18 09:49:40 +0000 2018,11,105375,14846,False,1,,New Delhi,3,1,0,1
1074929785346895872,"Report: declares Rs 1000 crore , ' data awaited ahead of",Tue Dec 18 07:30:06 +0000 2018,364,82060,56909,False,0,,N 161Flat No 101Thapar House,7,0,0,1
1074918433009987584,Shouting match on in the Lok Sabha. Gali Gali MEI shor hai..chowkidar chor hai chants the Congress .. Rahul Gandhi mafi maango..mafi maango counter the BJP Waiting for LS to get adjourned once again..,Tue Dec 18 06:45:00 +0000 2018,5822,4375,276,False,0,,Unknown,2,0,0,0
1074896651867828229,"RT @firstpost: MPs Sanjay Jaiswal, Anurag Thakur and Nishikant Dubey have moved a privilege motion in the against …",Tue Dec 18 05:18:27 +0000 2018,25782,35033,230,False,3,"MPs Sanjay Jaiswal, Anurag Thakur and Nishikant Dubey have moved a privilege motion in the against president on the controversy. | Follow LIVE updates on here:",Unknown,3,1,0,0
1074888438820724736,"MPs Sanjay Jaiswal, Anurag Thakur and Nishikant Dubey have moved a privilege motion in the against president on the controversy. | Follow LIVE updates on here:",Tue Dec 18 04:45:48 +0000 2018,332,512223,1985825,False,3,,Mumbai India,6,0,0,1
1077914991326621701,", who recently floated the (Lohia), has said he was willing to join hands with the to defeat the in the coming",Wed Dec 26 13:12:15 +0000 2018,332,512223,1985825,False,4,,Mumbai India,5,0,0,1
1077969259794444288,"Video: Asked on Pre-Election Alliance Ahead of 2019, Replies: 'Go Dogs...Will Smash Your Head'",Wed Dec 26 16:47:53 +0000 2018,43,36749,20716,False,1,,Mumbai India,5,0,0,1
1077581912280129536,"MP Takes Dig at , Says 'He Will Not Become Again'",Tue Dec 25 15:08:43 +0000 2018,43,36749,20716,False,0,,Mumbai India,8,0,0,1
1077238156842414080,"One side there is BJP+, other side there is Congress+. Estranged BJP allies are partnering with Congress. Anti BJP parties are going with Congress and also meeting KCR who is trying to form an anti BJP-Congress front. Who will have the last laugh?🤕",Mon Dec 24 16:22:45 +0000 2018,191,1139,25,False,0,,Hyderabad India,1,0,0,1
1076759415183888384,"Slams Opposition Parties, Calls 'Unholy'",Sun Dec 23 08:40:24 +0000 2018,43,36749,20716,False,1,,Mumbai India,6,0,0,1
1076134636387028992,: @BJP4India Survey Predicts Neck-And-Neck Contest With Congress-NCP in if @ShivSena Contests Alone,Fri Dec 21 15:17:45 +0000 2018,43,36749,20716,False,0,,Mumbai India,2,2,0,1
1075279524814819328,"Takes Dig at , Says 'PM Doesn't Need Prompter, Script or Director'",Wed Dec 19 06:39:51 +0000 2018,43,36749,20716,False,1,,Mumbai India,6,0,0,1
1074869225855115266,"Challenges for , lessons for : How the state polls’ verdict will impact 2019 elections | Badri Narayan |",Tue Dec 18 03:29:28 +0000 2018,191,157637,7220,False,0,,Delhi India,3,0,0,1
1074593274545856512,"RT @DailyO_: Challenges for , lessons for : How the state polls’ verdict will impact 2019 elections | Badri Narayan | https://…",Mon Dec 17 09:12:56 +0000 2018,2636,12643,119,False,6,"Challenges for , lessons for : How the state polls’ verdict will impact 2019 elections | Badri Narayan |",Hyderabad India,2,1,0,0
1077966468669730816,A glance at journey of in the last 4 years. @BJP4India @thevaibhavag @drnigam15 @sambitswaraj @NalinSKohli @FinMinIndia,Wed Dec 26 16:36:48 +0000 2018,219,6648,102,False,0,,Mumbai,9,6,0,0
1077934908092362752,"Party Congress roofless people such life Given, Now for PM @narendramodi ji custom time to give such people a new roof, Please because of custom your important vote for @BJP4India . Then no dying down newspaper because of cold.",Wed Dec 26 14:31:23 +0000 2018,191309,265683,1470,False,0,,Unknown,3,2,0,0
1077900909055623169,@rammadhavbjp Congress can do anything for their voters but we cant build one TEMPLE for Hindus? Congi can break all the laws for Muslim voters. we karyakartas of BJP will do whatever we can do to win but you should think about US. Do it Now please...@RajatSethi86,Wed Dec 26 12:16:17 +0000 2018,1023,334,18,False,0,,India,1,2,0,1
1077895987014914048,This is how and plan to win . Shame on . Biggest and baaz. ाओ_देश_बचाओ,Wed Dec 26 11:56:44 +0000 2018,284,44,0,False,0,,New Delhi India,15,0,0,1
1077890404702396416,From what I heard Kamalnath is next YSR+ Amit Shah + Babu + Modi if this is the case then I don't think BJP should expect considerable MP seats from his state.,Wed Dec 26 11:34:33 +0000 2018,48026,2936,1574,False,1,,Hyderabad,4,0,0,0
1077809178234769409,@sagarikaghose Who will be Prime Minister after 2019 elections ? 🤔 Mayank Agarwal Pujara Baba Ramdev,Wed Dec 26 06:11:47 +0000 2018,597,5323,197,False,0,,Unknown,15,1,0,0
1077796907819417602,RT @CNBCTV18News: | It was BJP's loss while the Congress gained big in the state elections. What impact will this have on …,Wed Dec 26 05:23:01 +0000 2018,321,2707,7690,False,2,| It was BJP's loss while the Congress gained big in the state elections. What impact will this have on ? @Parikshitl &amp; @archanajsr find out,New Delhi,1,1,0,0
1077776013088747520,| It was BJP's loss while the Congress gained big in the state elections. What impact will this have on ? @Parikshitl &amp; @archanajsr find out,Wed Dec 26 04:00:00 +0000 2018,1031,110690,615581,False,2,,Unknown,2,2,0,0
1077630849082949632,BJP needs to learn from Congress on how to build a strong IT Cell. Congress is great at this to spread manufactured INFO. Congress is easily able to brainwash people. @BJP4India @AnOpenLetter001 @AKTKadmin,Tue Dec 25 18:23:10 +0000 2018,5907,1357,99,False,0,,India,2,3,0,0
1077575833923932160,"Awesome Analysis!! Answers ""Modi ji be kiya hi kya hai"" fake rhetoric strong &amp; clear!! Difference between BJP and Congress! Open your eyes now and get over the fakeness of Congress! Kudos @OpIndia_com @mygovindia",Tue Dec 25 14:44:33 +0000 2018,46391,55432,1879,False,2,,India,2,2,0,1
1077494872079101953,"In @BJP4India if ""B"" means ""BHAKT"" Then, In @INCIndia , ""C"" definetely means ""CHAMCHE"" @govind_ghanau @BJP4Gujarat @BJYM",Tue Dec 25 09:22:51 +0000 2018,1316,2081,137,False,0,,ballia-varanasi-karnawati,4,5,0,1
1077474772169183232,"In response to OPCC chief's allegation of secret ties, BJD spokesperson Pratap Deb says the party has always maintained equidistant from both BJP &amp; Congress, adding that ""BJD is accountable to people of Odisha and not BJP or Congress.""",Tue Dec 25 08:02:58 +0000 2018,583,102868,332829,False,1,,Bhubaneshwar India,3,0,0,0
1077431501346795520,@ManojTiwariMP 🙏 thank you for demanding @ArvindKejriwal an all party meet for @ajaymaken ; this can be a game changer for since all r suffering immensely @RahulGandhi @msisodia @duttabhishek @vikramchandra,Tue Dec 25 05:11:02 +0000 2018,13099,11016,82,False,0,,India,7,7,0,0
1077416115918307328,this vote for educated politicians,Tue Dec 25 04:09:54 +0000 2018,254,1029,228,False,0,,ÜT: 21.15311879.110321,4,0,0,0
1077241011640852480,Brahmin individuals community targeted sarsanghachalac bioterrorist snarl _ India Today congress / shiv sena bioterrorism in the upper floor of next house sound heard CHARACTERLESS misbehavior of bioterrorist even after the defeat in,Mon Dec 24 16:34:06 +0000 2018,258,6130,29,False,1,,Unknown,4,0,0,0
1077230950751170560,"Too much of NOTA happened in two BJP strongholds; Gujarat and MP. So, clear indication that BJP's loyal voters are unhappy with it but at the same time don't want to align with congress but the situation has damaged BJP. 2019 NOTA will be larger",Mon Dec 24 15:54:07 +0000 2018,1972,2944,82,False,0,,U guess,1,0,0,0
1077218871587725312,-istan AMERICAN CITIZENS=FORFEITED INDIAN PASSPORT 'friends of ' blitz calls for @narendramodi win LOOK investigation JAGO @rajnathsingh FREE slogan for FOREIGN HAND,Mon Dec 24 15:06:07 +0000 2018,81,150370,2070,False,0,,Paris old EU,9,2,0,1
1077217600646434817,"RT @mytentaran: Who do you think will win ? , + ीजेपी ांग्रेस ीआर…",Mon Dec 24 15:01:04 +0000 2018,2,42401,1354,False,8,"Who do you think will win ? , + ीजेपी ांग्रेस ीआरएस",India,10,1,0,0
1076762535523729408,"@narendramodi You were the strongest in and now you are the weakest link for in , Like @RahulGandhi was for years for ... both of you move out. will have bright future. Let India have youth leader reflecting their aspirations for the future.",Sun Dec 23 08:52:48 +0000 2018,1028,1859,20,False,0,,Unknown,5,2,0,0
1076457504060522497,"Contrary to what many people believe, @narendramodi is a “ Rey good listener” says @PrashantKishor to @SreenivasanJain of @ndtv. Loss of was a vote against BJP rather than vote for Congress.",Sat Dec 22 12:40:43 +0000 2018,28131,99818,14313,False,8,,mostly on the road,2,4,0,1
1076395589980413952,@hvgoenka Congress &lt; 100 BJP &lt; 150 Othets &gt; 200 This is Pakka for,Sat Dec 22 08:34:41 +0000 2018,35368,92192,5962,False,0,,from Telangana in Tokyo Japan,1,1,0,0
1076201043732639744,when this lightning strikes the bhakts they won't have any idea what hit them! What happens to the BJP IT cell if Congress wins . May be they can join Congress IT cell as the experience will count! 😂,Fri Dec 21 19:41:38 +0000 2018,74,1393,6,False,0,,Unknown,2,0,0,0
1076064881328021504,"Watching and/or Reading English / Hindi Supari Media till are over in India is Injurious to Your Knowledge, Intelligence and Dignity India is done with BJP and Congress but they will only talk of these two",Fri Dec 21 10:40:34 +0000 2018,35368,92192,5962,False,0,,from Telangana in Tokyo Japan,3,0,0,0
1075997613319610374,@nitin_gadkari takes on . He is at his best.😂😂🤙👌 @BJP4India,Fri Dec 21 06:13:16 +0000 2018,29321,608,1368,False,1,,Unknown,14,2,0,0
1075986417568890880,": The bulk of seats that the @BJP4India may lose is likely to be picked up by the @INCIndia, dramatically altering its leveraging ability.",Fri Dec 21 05:28:47 +0000 2018,333,1810,844,False,3,,India,8,2,0,1
1075928837370703872,Congress is the real Thugs of Hindustan... they wants to come back to political power to loot more ... and stupid Indian public is even voting them ... GOD Bless Indians .... ाओ_देश_बचाओ,Fri Dec 21 01:39:59 +0000 2018,2194,4772,52,False,0,,Gujarat India,5,0,0,1
1075794857405214722,Is statement is right?,Thu Dec 20 16:47:35 +0000 2018,3045,13950,5101,False,0,,Muzaffarpur Bihar,14,0,0,0
1075694182142902272,@narendramodi @BJP4Haryana Not only the whole support you.,Thu Dec 20 10:07:33 +0000 2018,109,106,14,False,0,,Unknown,9,2,0,0
1075675137054265345,"If thinking that, Making BJP out of Power is the sole responsibility of @INCIndia and they still wish to do fishing in Muddy water as opposition parties! Yes Congress always stand for people &amp; remain stand for the people of India",Thu Dec 20 08:51:52 +0000 2018,252,1410,174,False,0,,Dubai,1,1,0,0
1075452279455571969,@narendramodi think Congress n its allies shd b totally ignored in campaign speeches till t last phase. Only feasible future plans mayb spokn abt alongwt wat hs bn done by Govt. Only @BJP4India MLAs may speak about Oppositn factor at constituency level. @AmitShah,Wed Dec 19 18:06:19 +0000 2018,371,17735,173,False,0,,Asia,1,3,0,0
1075411122638020614,"For those who say they dont care about politics, It effects us all, everyday!",Wed Dec 19 15:22:46 +0000 2018,20,155,1,False,0,,India,17,0,0,0
1075397516265439232,Can anyone think possibilities of forming third front in general elections 2019?? If yes how it gonna effect BJP and MAHA GHATBANDHAN??,Wed Dec 19 14:28:42 +0000 2018,406,79,15,False,0,,Jalandhar India,7,0,0,0
1075247227419930625,Why should I choose between BJP and congress? Are we as a country with so many states incapable of forming a govt with a third front ? Modi has failed us and Rahul Gandhi will fail us too !,Wed Dec 19 04:31:30 +0000 2018,817,4642,198,False,0,,Hyderabad  Mumbai .,1,0,0,0
1075193246270185472,Acknowledgement that was a sham and and it is no longer a viable political instrument. They switched to as a weapon for @BJP4India should go on war footing ans show performance of congress states where they promised with it.,Wed Dec 19 00:57:00 +0000 2018,5332,8029,84,False,0,,India,3,1,0,1
1074974459566665728,RT @BloombergQuint: Congress outscores the BJP in 5 state polls. Has Rahul Gandhi laid down a marker for ? @TamannaInamdar sp…,Tue Dec 18 10:27:37 +0000 2018,76876,138111,1816,False,8,"Congress outscores the BJP in 5 state polls. Has Rahul Gandhi laid down a marker for ? @TamannaInamdar speaks to Amitabh Tiwari (@politicalbaaba), @ShankkarAiyar and @sanjaypugalia.",Unknown,1,2,0,0
1074974147690737664,RT @livesumit: @DrGPradhan Opportunistic feminist mentality cost Congress dearly in 2014 elections. @BJP4India is going down the same path.…,Tue Dec 18 10:26:23 +0000 2018,1107,1190,61,False,4,@DrGPradhan Opportunistic feminist mentality cost Congress dearly in 2014 elections. @BJP4India is going down the same path. Law minister and PM who are hell bent against,Pune India,0,3,0,0
1074724343647621120,"I the time has come for @BJP4India , @narendramodi ji ,@AmitShah ji &amp; all the supportersjis to see how can be won with least 272+ forget abt congress &amp; gandhis et all, concentrate what you ve to offer to voters /core voters et all to come to the voting booth .",Mon Dec 17 17:53:45 +0000 2018,3476,12441,166,False,1,,san jose CA,1,3,0,0
1074697028284887040,Shall not promising loan waivers during election campaign be considered illegal as it is in a way money for votes?,Mon Dec 17 16:05:13 +0000 2018,255,103,24,False,0,,Nepal,4,0,0,0
1074671521866514432,@DrGPradhan Opportunistic feminist mentality cost Congress dearly in 2014 elections. @BJP4India is going down the same path. Law minister and PM who are hell bent against,Mon Dec 17 14:23:51 +0000 2018,11673,6337,349,False,4,,Bangalore India,4,2,0,1
1074664384566300672,"New Govts of RAJ, MP, C'Garh will empty GovtTreasury to appease their which is accumulated by @BJP4India Time to introspect 4 @narendramodi that all efforts will go waste if crooks succeed in @INCIndia",Mon Dec 17 13:55:30 +0000 2018,78,1127,55,False,0,,New Delhi,5,3,0,0
1075443912154611717,"RT @IKrunalGodaBJP: Strategy Lure, Misguide &amp; Paralyse 3 pillars of India - Farmers - Youths - Tax Payers We saw how peopl…",Wed Dec 19 17:33:04 +0000 2018,13513,5007,209,False,2,"Strategy Lure, Misguide &amp; Paralyse 3 pillars of India - Farmers - Youths - Tax Payers We saw how people are treated in Karnataka - 250 Farmers committed suicide in Congress rule @narendramodi talks about Building India @RahulGandhi Is focused on Dividing India",Unknown,1,1,0,0
1077291958710820865,People of India must think for LokSabha Elections.. Please vote wisely and dont use Nota... doing amazing work... Let give them more 5 years as we already saw the progress bar of Congress Raj... ..,Mon Dec 24 19:56:32 +0000 2018,6,45,0,False,0,,India,4,0,0,0
1077033933336805376,Opposite of Progress is,Mon Dec 24 02:51:14 +0000 2018,8544,4429,188,False,0,,India,5,0,0,1
1075320262386692096,And this guy will become the PM of our country...lol.. Wake up ... Iske haath mein desh ko diya toh ye desh bech dega... @INCIndia leaders prompting @RahulGandhi what to speak via @YouTube,Wed Dec 19 09:21:43 +0000 2018,112,99,25,False,0,,Bedford England,3,3,0,1
1075020436168208385,"again doing divisive politics in MP, a bad start for congress and Kamalnath which will surely blow them away in @BJP4India @aajtak please highlight the latest comment by on Up-Bihar migrants and jobs in MP.",Tue Dec 18 13:30:19 +0000 2018,1863,759,88,False,0,,India,4,2,0,0
1074908690560368641,"People from are not only earning in other , they're also playing the tax which is used for the development of other states except . on 70% reservation in in",Tue Dec 18 06:06:17 +0000 2018,9,574,66,False,0,,Pune Mumbai Bangalore Delhi,11,0,0,0
1077587615514210305,"Who served the Middle class: In a match between BJP and Congress, BJP wins the set 30-0 @OpIndia_com",Tue Dec 25 15:31:22 +0000 2018,3202,5176,65,False,0,,गुजरात भारत,1,1,0,1
1077456129918042114,"@NEWS9TWEETS @hd_kumaraswamy If this told by any BJP leaders, imagine the outrage in Media. Dear ppl of this country, don't fall in the secular trap. Awake nd see the reality. Congress nd eco system want India to remain in status quo , they r anti progress Decide Lotus Vs LootUs",Tue Dec 25 06:48:54 +0000 2018,30854,21936,307,False,1,,India,1,2,0,0
1077445444706492417,"@BJP4India @KailashOnline It is clearly evident, congress didn't wanted development of this country. They were busy in corruption and development of the country was not even in their thoughts.",Tue Dec 25 06:06:26 +0000 2018,3919,2470,1506,False,0,,India,2,2,0,0
1077402801163128832,@Ra_Bies Coz is scared of and of the 😂 ांफी_मांगो,Tue Dec 25 03:16:59 +0000 2018,38,454,18,False,0,,New Delhi India,17,1,0,0
1077202658283450368,Awesome !!,Mon Dec 24 14:01:41 +0000 2018,208,2537,53,False,0,,New Delhi,10,0,0,0
1077184942939922432,@AmitShahOffice @AmitShah @BJP4India @BJPLive - war from here on will b fought on narratives &amp; only counter is to aggressively clarify the misinformation &amp; expose,Mon Dec 24 12:51:18 +0000 2018,50053,36962,372,False,0,,Unknown,7,4,0,1
1076942559748882432,"has been screaming ""Garibi hatao"" ever since came back from Europe &amp; started wearing a sari. But is expected to plan, design, implement AND complete the project within 5 years!",Sun Dec 23 20:48:09 +0000 2018,5,831,11,False,1,,Unknown,9,0,0,0
1076542255429808129,RT @abhishekbrnwal: @shahid_siddiqui So u r admitting that congress can't solve the kashmir problem and u need a BJP PM to solve this. …,Sat Dec 22 18:17:29 +0000 2018,7171,4210,77,False,2,@shahid_siddiqui So u r admitting that congress can't solve the kashmir problem and u need a BJP PM to solve this.,Unknown,0,2,0,0
1076541808581201921,"RT @GaneshBJP4AP: @RahulGandhi You want strong, united &amp; vibrant Congress party but Modi wants strong, united &amp; vibrant India. …",Sat Dec 22 18:15:43 +0000 2018,7171,4210,77,False,1,"@RahulGandhi You want strong, united &amp; vibrant Congress party but Modi wants strong, united &amp; vibrant India.",Unknown,0,2,0,0
1076541595430936578,RT @Manju_Maigur: Congress trolling itself. Guess who was in power during 2009-2014 when there was 30rs hike. Now crying like baby when BJP…,Sat Dec 22 18:14:52 +0000 2018,7171,4210,77,False,1,Congress trolling itself. Guess who was in power during 2009-2014 when there was 30rs hike. Now crying like baby when BJP increased price by 10rs.,Unknown,0,1,0,0
1076444545896906753,Congress trolling itself. Guess who was in power during 2009-2014 when there was 30rs hike. Now crying like baby when BJP increased price by 10rs.,Sat Dec 22 11:49:13 +0000 2018,269,82,23,False,1,,Surathkal Mangalore,3,0,0,1
1076255051784572928,"RT @SrikanthanS: Let me clarify my political stand. I am not a BJP Bhaktal, But I am totally Anti Congress which is Anti National and Anti…",Fri Dec 21 23:16:14 +0000 2018,1,46579,1341,False,1,"Let me clarify my political stand. I am not a BJP Bhaktal, But I am totally Anti Congress which is Anti National and Anti Hindu.",TRipura,0,1,0,0
1076254800575193093,"Let me clarify my political stand. I am not a BJP Bhaktal, But I am totally Anti Congress which is Anti National and Anti Hindu.",Fri Dec 21 23:15:14 +0000 2018,593,866,69,False,1,,Brussels,1,0,0,0
1075972055177224192,"@dineshjk @NilotpalMukher6 @SundaramChitra @AgarJugal @DetheEshaSen @raniroyrocky @Babble524 @vanitajain21 @VandanaJayrajan @sarvesh1975 @cpraghav @_NAN_DINI @chitranayal09 @smita_muk @upma23 @getsaibal @AB_BJP @PriyaAryaputri @LillyMaryPinto If it's only once, then it's the end of @INCIndia for sure as their one and only lifeline is used up",Fri Dec 21 04:31:43 +0000 2018,12527,21928,918,False,3,, India-Canada,7,20,0,0
1075878216999481344,"@NilotpalMukher6 @SundaramChitra @AgarJugal @DetheEshaSen @raniroyrocky @Babble524 @vanitajain21 @VandanaJayrajan @sarvesh1975 @cpraghav @dineshjk @_NAN_DINI @chitranayal09 @smita_muk @upma23 @getsaibal @AB_BJP @PriyaAryaputri @LillyMaryPinto Perfectly put...@INCIndia makes it sound thrilling, but at the end its Suicide",Thu Dec 20 22:18:50 +0000 2018,12527,21928,918,False,6,, India-Canada,5,20,0,0
1075759553516453893,Queen will Drain all the Money she Made in UPA Era to Make Prince the PM. She will throw BOTI to each one. Trust only NAMO and no One. Congress Ecosystem has already on their Agenda. Vote BJP to make India clean for ever👍🏻,Thu Dec 20 14:27:18 +0000 2018,24063,22842,407,False,0,,Mother Earth ,1,0,0,0
1075406131294420992,@INCIndia will now start ranting that is @BJP4India's B team,Wed Dec 19 15:02:56 +0000 2018,26743,34156,539,False,0,,Land of Hinduism & Vedas,11,2,0,1
1075350440731000832,"'s Madan Singh Chauhan has won the race for the of - (My hometown) with 91,642 votes. @NewsHaryanaLive @cmohry @BJP4Haryana @News18Haryana",Wed Dec 19 11:21:38 +0000 2018,811,299,42,False,1,,India,9,4,0,0
1075286423052247040,"@bjparvind can never achieve this even in the next 100 years because they don’t work for the betterment of the country, instead they work for the betterment of themselves and their party!! @BJP4India @TigerNaMo @Modiarmy @NWN2019",Wed Dec 19 07:07:15 +0000 2018,379,234,9,False,0,,India,2,5,0,0
1075253157893206016,@shahid_siddiqui So u r admitting that congress can't solve the kashmir problem and u need a BJP PM to solve this.,Wed Dec 19 04:55:04 +0000 2018,10979,6711,179,False,2,,India,1,1,0,0
1075095051858960384,"A landmark judgement on , and all people can do, is relate it to 2002. Grow up guys!",Tue Dec 18 18:26:49 +0000 2018,113,197,16,False,0,,Unknown,5,0,0,0
1075082446620618752,@bhartijainTOI That’s typical of CONgress. Make fake and non-sensible promises and leave this to PM MODI to fulfill those promises.,Tue Dec 18 17:36:43 +0000 2018,1856,5164,63,False,0,,Vadodara India,2,1,0,0
1075026025698873344,"Loan waiver in Congress winning states was as fast as Domino's 30mins pizza delivery Yh 2019 me BJP ki Jeet me phli sendh hai iski kaat nikalo wrna satta se Nikal jaoge ""Tum daal daal hum path path""",Tue Dec 18 13:52:32 +0000 2018,7487,4172,220,False,0,,Unknown,3,0,0,0
1075010664333172736,@DetheEshaSen @Babble524 @devyanidilli @biswajitroy2009 @Hello_lonliness @RitaG74 @ankitasood13 @Sapna_3 @sanhita4dr @IIGoDMomll @desertfox61I @AB_BJP @RomeshNadir @prettypadmaja @mini_707070 @SundaramChitra @Kasheer_suneel @sarvesh1975 @dineshjk @chitranayal09 @cpraghav @NilotpalMukher6 @SulagnaDash6 @raniroyrocky @smita_muk @RAHUL9262514 @vanitajain21 @Ssumi69 @real_ahsaas @AajKaMogli1 Straight to the point @narendramodi @BJP4India @INCIndia @RahulGandhi,Tue Dec 18 12:51:29 +0000 2018,12527,21928,918,False,4,, India-Canada,11,34,0,0
1077218958552563713,Who is the most hardworking @BJP4India spokesperson ? @abhisar_sharma @msisodia,Mon Dec 24 15:06:28 +0000 2018,136,686,19,False,1,,Unknown,7,3,0,0
1076804363031588864,"The defeat of in its bastion states reflects the growing disillusionment towards the party and emergence of a previously enfeebled party as a credible alternative, writes @ShashiTharoor .",Sun Dec 23 11:39:00 +0000 2018,5,3109,304,False,2,,India,4,1,0,1
1076802114616205313,"The defeat of in its bastion states reflects the growing disillusionment towards the party and emergence of a previously enfeebled party as a credible alternative, writes @ShashiTharoor .",Sun Dec 23 11:30:04 +0000 2018,100,33510,19342,False,1,,Asia,4,1,0,1
1075383505134149633,RT @gis_research: Congress has strong presence in fifteen Lok Sabha seat and If Congress does not part of BSP- SP alliance then BJP will be…,Wed Dec 19 13:33:01 +0000 2018,6551,17709,288,False,2,Congress has strong presence in fifteen Lok Sabha seat and If Congress does not part of BSP- SP alliance then BJP will be benefited.,Pondicherry India,0,1,0,0
1075264883849977856,Congress has strong presence in fifteen Lok Sabha seat and If Congress does not part of BSP- SP alliance then BJP will be benefited.,Wed Dec 19 05:41:40 +0000 2018,367,7522,2485,False,2,,Always on the move,1,0,0,0
1075017867827924992,RT @ETNOWlive: Which party is the big bull Rakesh Jhunjhunwala rooting for in ? Is it the BJP or Congress? Hear him an…,Tue Dec 18 13:20:07 +0000 2018,113,349,529,False,41,Which party is the big bull Rakesh Jhunjhunwala rooting for in ? Is it the BJP or Congress? Hear him answer that at @R_jhunjunwala @nikunjdalmia @BJP4India @narendramodi @INCIndia @RahulGandhi,Chennai India,1,1,0,0
1074721355591872512,"Congress modus operandi... ¬ Lie, Spread fake news ¬ Win election ¬ Give bonanzas, loan waiver from Govt exchequer (Tax payers money) ¬ Use that to gain cheap(?) popularity. Use it as leverage in @BJP4India made a huge mistake giving away 3 state's exchequer",Mon Dec 17 17:41:53 +0000 2018,7912,5941,251,False,0,,Pune,1,1,0,0
1074708110332198912,No Muslim has exercised option. Some so called Hindus hid behind NOTA! Why this indirect voting to Congress? Show some spine &amp; vote 4 BJP or Congress directly. In @narendramodi led @BJP4India is going 2 win. Choose ur side NOW!,Mon Dec 17 16:49:15 +0000 2018,7912,5941,251,False,0,,Pune,2,2,0,0
1076054472994902016,RT @ndtv: We fought these elections to ensure that the BJP does not come back to power. We have decided to support Congress in Madhya Prade…,Fri Dec 21 09:59:13 +0000 2018,6,524,33,False,23,We fought these elections to ensure that the BJP does not come back to power. We have decided to support Congress in Madhya Pradesh: BSP chief Mayawati Watch LIVE: and NDTV 24x7,Unnao India,0,1,0,0
