id_str,full_text,created_at,favourites_count,statuses_count,followers_count,retweeted,retweet_count,retweeted_text,location,hashtags,user_mentions,symbols,urls
1077172064207994880,"RT @vidya7281: Jharkhand By-Election: Congress Wins By Over 9,000 Votes - NDTV",Mon Dec 24 12:00:07 +0000 2018,18107,6592,97,False,11,"Jharkhand By-Election: Congress Wins By Over 9,000 Votes - NDTV",Gadag  Karnataka ,1,1,0,1
1076829974915616768,"Jharkhand By-Election: Congress Wins By Over 9,000 Votes - NDTV",Sun Dec 23 13:20:47 +0000 2018,43724,53586,23115,False,11,,Shimoga India,1,0,0,1
1076805986864656384,"Congratulations @SinghRPN @drajoykumar &amp; team In Kolebira, Jharkhand, @INCIndia candidate is leading in by more than 10000votes after 18 th round ! Two facts:- 1) Congress has never won here in the past 2) We are contesting all alone-without alliance or support!",Sun Dec 23 11:45:28 +0000 2018,6786,20536,9508,False,39,,மதுரை & விருதுநகர்,1,3,0,0
1075301149786333184,RT @sanjaynirupam: 11th December will be remembered as a great date in Congress history. Last year on this date @RahulGandhi took over as C…,Wed Dec 19 08:05:46 +0000 2018,27087,25692,288,False,491,"11th December will be remembered as a great date in Congress history. Last year on this date @RahulGandhi took over as Congress President This year today, a stunning come back of Congress party and its going to be a turning point for the whole country.",Goa,0,2,0,0
1074863185130250241,RT @Fairoz_JK: Our leader @RahulGandhi Your leader @RahulGandhi Common leader @RahulGandhi Diamond leader @RahulGandhi Bhayia Bolia @Ra…,Tue Dec 18 03:05:27 +0000 2018,563,470,28,False,159,Our leader @RahulGandhi Your leader @RahulGandhi Common leader @RahulGandhi Diamond leader @RahulGandhi Bhayia Bolia @RahulGandhi Sara bolia @RahulGandhi Modi bolia @RahulGandhi Koon Jeeta @RahulGandhi Wohe Skinder @RahulGandhi Congratulations all,Assam India,0,5,0,0
1077999066485788679,@RahulGandhi After ...it's time to be . Let's see who wins... or ....,Wed Dec 26 18:46:20 +0000 2018,11,184,153,False,0,,Unknown,5,1,0,0
1077984798054920192,"- Legacy has been started by Congress ""Urea Ghotala""",Wed Dec 26 17:49:38 +0000 2018,10,41,1,False,0,,Unknown,3,0,0,1
1075319342089162752,I know this won't happen but how wonderful it will be if @narendramodi contests 2019 Lok Sabha elections from Amethi. It will then actually be . @RahulGandhi @BJP4India @INCIndia @VoiceOfAxom,Wed Dec 19 09:18:04 +0000 2018,19552,393,115,False,0,,Unknown,1,5,0,0
1074783983496421376,RT @vinodnarayan: 2018 Indian Elections - When people matter... :),Mon Dec 17 21:50:44 +0000 2018,7519,85500,948,False,2,2018 Indian Elections - When people matter... :),Berkeley CA,4,1,0,0
1077625136696700930,RT @NEWS9TWEETS: Who made the best of 2018? @BJP4I…,Tue Dec 25 18:00:28 +0000 2018,355,349,32,False,9,Who made the best of 2018? @BJP4India @INCIndia @INCKarnataka @BJP4Karnataka @RAshokaBJP @ShobhaBJP @siddaramaiah,Lucknow Uttar Pradesh India,9,1,0,0
1077541824925814784,@bhupeshbaghel @RahulGandhi I am totally disappointed for your ministers list of chhattisgarh U totally ignored 2nd largest city of chhattisgarh no minister select our city thats not good for congress .shyd congress ko mai vote nai chahiye bilaspurians ka,Tue Dec 25 12:29:25 +0000 2018,199,300,19,False,0,,chhattisgarh bilaspur India,2,2,0,0
1077536161638182912,In readies Plan B if it has to go it alone in,Tue Dec 25 12:06:55 +0000 2018,3045,13950,5101,False,0,,Muzaffarpur Bihar,4,0,0,1
1077504523990495237,Who made the best of 2018? @BJP4India @INCIndia @INCKarnataka @BJP4Karnataka @RAshokaBJP @ShobhaBJP @siddaramaiah,Tue Dec 25 10:01:12 +0000 2018,50,47417,7363,False,9,,BENGALURU,9,7,0,0
1077478731873021953,: Our aim is to win more seats for in polls: @RLR_BTM,Tue Dec 25 08:18:42 +0000 2018,50,47417,7363,False,1,,BENGALURU,3,1,0,0
1077307849133490176,"Supporters of seven-time legislator , too, have threatened to dent the chances of the Congress in the upcoming elections, if he was not accommodated in the state . Aggrieved legislators alleged that those in cha…",Mon Dec 24 20:59:41 +0000 2018,413,1600,687,False,0,,Mumbai / Pune India,4,0,0,1
1077233559549530112,These Are Trash Ratings Seems A Payed Approvals With All the Behind Approving As Winners Nobody wants weakest as PM,Mon Dec 24 16:04:29 +0000 2018,192,4848,43,False,0,,Unknown,8,0,0,0
1077048802027040768,&amp; will contest 2019 polls together:,Mon Dec 24 03:50:19 +0000 2018,0,26199,1209,False,0,,New Delhi,4,0,0,1
1077045932171046912,Rahul Gandhi will not contest from Karnataka in polls: Siddaramaiah,Mon Dec 24 03:38:55 +0000 2018,868,139132,2501,False,0,,Mangalore India,1,0,0,1
1076811198027390976,RT @NEWS9TWEETS: : Former CM @siddaramaiah says @RahulGandhi will not contest polls from . He stated that the A…,Sun Dec 23 12:06:10 +0000 2018,24055,28949,136,False,6,: Former CM @siddaramaiah says @RahulGandhi will not contest polls from . He stated that the AICC chief will fight Lok Sabha polls from in .,Bengaluru India,3,3,0,0
1076759326369280000,: says the Congress party has already started preparations to fight polls.,Sun Dec 23 08:40:03 +0000 2018,50,47417,7363,False,0,,BENGALURU,3,0,0,0
1076750635301629953,"@SachinPilot @ashokgehlot51 @RahulGandhi haven't talked a single word about and , in Rajasthan. Government is just celebrating their win and ejuculating over loan waive. Students are waiting for soon recruitment before elections. 🙏🏻",Sun Dec 23 08:05:31 +0000 2018,36,109,23,False,0,,india,6,3,0,0
1076739169555222528,RT @ys_ashwini: @RahulGandhi replaces @DKShivakumar with former minister @HKPatil1953 as KPCC campaign committee chairman ahead of …,Sun Dec 23 07:19:57 +0000 2018,30126,31644,334,False,2,@RahulGandhi replaces @DKShivakumar with former minister @HKPatil1953 as KPCC campaign committee chairman ahead of polls. Shivakumar headed the committee during the Karnataka Assembly polls. @DeccanHerald @INCKarnataka @KPCCPresident @siddaramaiah,Maharashtra India,0,4,0,0
1076729605631893504,: Former CM @siddaramaiah says @RahulGandhi will not contest polls from . He stated that the AICC chief will fight Lok Sabha polls from in .,Sun Dec 23 06:41:57 +0000 2018,50,47417,7363,False,6,,BENGALURU,5,2,0,0
1076709277639811073,RT @ravisheoran: Congratulations @DeependerSHooda for chosen as Best member by the esteemed @skochgroup @S…,Sun Dec 23 05:21:10 +0000 2018,2897,2676,89,False,1,Congratulations @DeependerSHooda for chosen as Best member by the esteemed @skochgroup @S_MahajanLS,Unknown,3,3,0,0
1076507953270833152,Congratulations @DeependerSHooda for chosen as Best member by the esteemed @skochgroup @S_MahajanLS,Sat Dec 22 16:01:11 +0000 2018,102,915,249,False,1,,New Delhi India,4,3,0,0
1076419926620016640,So Kamal Hassan will contest without any ideology and vision. GREAT👏🏻 Another Rahul Gandhi in Politics !,Sat Dec 22 10:11:24 +0000 2018,32848,18366,2021,False,0,,India,1,0,0,1
1076371285595312128,@RahulGandhi replaces @DKShivakumar with former minister @HKPatil1953 as KPCC campaign committee chairman ahead of polls. Shivakumar headed the committee during the Karnataka Assembly polls. @DeccanHerald @INCKarnataka @KPCCPresident @siddaramaiah,Sat Dec 22 06:58:07 +0000 2018,121,230,81,False,2,,Unknown,1,7,0,0
1076171476741513216,of rejected proposal of @INCMaharashtra to contest on symbol of @AshokChavanINC @NCPspeaks @fpjindia @Mumbaikhabar9 @hashMumbai,Fri Dec 21 17:44:09 +0000 2018,3219,2098,4860,False,0,,Mumbai India,6,6,0,0
1076139020885942273,"protested against the in 1975 and joined the in 1977. He contested the 1980 elections against . Today, Reddy represents the same party he once rightly stood against ! The above qualifies and m…",Fri Dec 21 15:35:10 +0000 2018,413,1600,687,False,0,,Mumbai / Pune India,5,0,0,1
1076138978858815488,"chief @UpendraRLSP too supports @RahulGandhi as a PM candidate in 2019 election, Says Gandhi has all the qualities to lead the . Earlier DMK Chief @mkstalin proposed @RahulGandhi name as PM candidate &amp; requested others to rent their support.",Fri Dec 21 15:35:00 +0000 2018,4546,9136,3133,False,1,,Chennai India,3,4,0,0
1076119868871630848,": CM hits out at PM , says will not have to make efforts to remove PM Modi because he will leave on his own after 2019 polls.",Fri Dec 21 14:19:04 +0000 2018,50,47417,7363,False,0,,BENGALURU,6,0,0,0
1076110620062334976,"@RahulGandhi @INCIndia Was Section 69 of Information Technology Act, 2000 not introduced by It was passed on 22 DEC 08 WITHOUT ANY DEBATE in &amp; d very next day in . It was signed by President Pratibha Patil on 05 FEB 09 Remember ?",Fri Dec 21 13:42:19 +0000 2018,53,388,58,False,0,,Mumbai - India,5,2,0,0
1076110173155061760,"@INCIndiaLive @INCIndia @JaiveerShergill Was Section 69 of Information Technology Act, 2000 not introduced by It was passed on 22 DEC 08 WITHOUT ANY DEBATE in &amp; d very next day in . It was signed by President Pratibha Patil on 05 FEB 09 Remember ?",Fri Dec 21 13:40:33 +0000 2018,53,388,58,False,0,,Mumbai - India,5,3,0,0
1076110048789696517,"@INCIndia Was Section 69 of Information Technology Act, 2000 not introduced by It was passed on 22 DEC 08 WITHOUT ANY DEBATE in &amp; d very next day in . It was signed by President Pratibha Patil on 05 FEB 09 Remember ?",Fri Dec 21 13:40:03 +0000 2018,53,388,58,False,0,,Mumbai - India,5,1,0,0
1076054377985658880,"proceedings were disrupted again as memebers from AIADMK, TDP and Congress protested over various issues.",Fri Dec 21 09:58:50 +0000 2018,505,520832,351016,False,0,,Chennai,1,0,0,1
1076019392704581632,"proceedings were again disrupted on Friday as AIADMK, TDP and Congress members protested over various issues, with Speaker Sumitra Mahajan adjourning the House for the day",Fri Dec 21 07:39:49 +0000 2018,404,294828,344978,False,0,,India,1,0,0,1
1075971944917405696,Lok Sabha passes two bills amid protests by Opposition parties. @Newswoof via @NewsWoof,Fri Dec 21 04:31:16 +0000 2018,60,3172,2463,False,0,,Unknown,10,2,0,1
1075960941638934528,LS passes Consumer Protection Bill amid ruckus,Fri Dec 21 03:47:33 +0000 2018,59,46032,589,False,0,,Unknown,9,0,0,1
1075816772190621697,BJD MP Satpathy’s booming voice throws LS into peels of laughter,Thu Dec 20 18:14:40 +0000 2018,59,46032,589,False,0,,Unknown,9,0,0,1
1075736614918225920,"So this ""political analyst"" who actually is a stooge, is also requesting to stay and making sure doesn't escape from his responsibility of being of ..",Thu Dec 20 12:56:09 +0000 2018,399,14943,796,False,0,,Unknown,9,0,0,1
1075727521847627776,So here the 'like minded' parties at congress headquarters Tejasvi+Kushwaha+Manjhi+Sharad Yadav +Ahmad Patel on stage @INCIndia,Thu Dec 20 12:20:01 +0000 2018,3835,808,98,False,0,,New Delhi India,2,1,0,1
1075716646705217537,So here the 'like minded' parties at congress headquarters Tejasvi+Kushwaha+Manjhi+Sharad Yadav +Ahmad Patel on stage @INCIndia,Thu Dec 20 11:36:49 +0000 2018,4076,5279,11670,False,23,,Delhi,2,1,0,0
1075661556984119296,@tweetme_now @TimesNow @amitmalviya @narendramodi @RahulGandhi @PChidambaram_IN @vikatan @IndiaToday How many times he met Media as a PM???? Jumla Man and scared to face media... And yesterday he couldn't answer own party member question and he escaped. He won't have guts. Now By his admmk slaves he is blocking entire session without any debates.Coward nly do like this,Thu Dec 20 07:57:54 +0000 2018,12945,12836,121,False,0,,Unknown,1,8,0,0
1075627808662175744,"As protests continue in , House is adjourned till 12pm In , Chair issues a ruling on the matter of name of Rahul Gandhi taken in an allegation on related matter in , clarifies that Minister Vijay Goel did not take his name",Thu Dec 20 05:43:48 +0000 2018,284,1909,865,False,0,,New Delhi India,5,0,0,0
1075626679844962305,"| Uproar begins in . Not a minute went by since Speaker took her seat before MPs began their protests. BJP MPs started chanting "" maafi maango"". Follow LIVE updates from here:",Thu Dec 20 05:39:19 +0000 2018,332,512223,1985825,False,1,,Mumbai India,5,0,0,1
1075611058612498433,: A meeting (of Bihar Mahagathbandhan leaders) will be held at 4 pm today. The meeting is between senior leaders for seat sharing. I believe Rahul Ji has called them to have an initial discussion on the seat sharing in for elections,Thu Dec 20 04:37:14 +0000 2018,3778,237474,4278,False,0,,New Delhi Delhi,4,0,0,0
1075606150077280257,"RT @AITCofficial: ""RBI to CBI, This Government Bye Bye"" Trinamool MPs from and protest near Gandhi statue inside …",Thu Dec 20 04:17:44 +0000 2018,181,57,7,False,28,"""RBI to CBI, This Government Bye Bye"" Trinamool MPs from and protest near Gandhi statue inside premises WATCH",Bankurawest bengal India,2,1,0,0
1075360845276704770,Surrogacy bill passed in Lok Sabha @PMOIndia @AmitShahOffice @rajnathsingh @PiyushGoyalOffc @FinMinIndia @BJP4India @INCIndia @RahulGandhi @MallikarjunINC @yadavakhilesh @MamataOfficial,Wed Dec 19 12:02:59 +0000 2018,32,11675,646,False,0,,Gandhinagar India,5,11,0,1
1075318777955401728,"RT @dna: Polls: SP, BSP finalise UP seat sharing sans Congress; announcement on Mayawati's birthday",Wed Dec 19 09:15:49 +0000 2018,4099,34621,174,False,2,"Polls: SP, BSP finalise UP seat sharing sans Congress; announcement on Mayawati's birthday",Unknown,1,1,0,1
1075315433048223744,"RT @ZeeNews: BSP, SP finalise seat sharing in for elections, kept out: Sources",Wed Dec 19 09:02:32 +0000 2018,16397,18358,183,False,12,"BSP, SP finalise seat sharing in for elections, kept out: Sources",West BengalINDIA,3,1,0,1
1075291476127506433,"RT @firstpost: has been adjourned till 2 pm. This was after the din in the House refused to die down, with MPs shouting…",Wed Dec 19 07:27:20 +0000 2018,382,1047,71,False,1,"has been adjourned till 2 pm. This was after the din in the House refused to die down, with MPs shouting slogans on and members accusing the Centre of neglecting . | Follow LIVE updates here:",New Delhi India,2,1,0,0
1075291174078795777,"has been adjourned till 2 pm. This was after the din in the House refused to die down, with MPs shouting slogans on and members accusing the Centre of neglecting . | Follow LIVE updates here:",Wed Dec 19 07:26:08 +0000 2018,332,512223,1985825,False,1,,Mumbai India,5,0,0,1
1075282694404276224,"Polls: SP, BSP finalise UP seat sharing sans Congress; announcement on Mayawati's birthday",Wed Dec 19 06:52:26 +0000 2018,116,500977,1929907,False,2,,India,1,0,0,1
1075278838245089280,"in 1978, the expelled from the House.",Wed Dec 19 06:37:07 +0000 2018,6955,26885,7647,False,0,,India,3,0,0,0
1075277790033915904,": Lok Sabha proceedings were adjourned till noon on Wednesday amid sloganeering and protests by members from the AIADMK, the Congress and the TDP over various issues....",Wed Dec 19 06:32:57 +0000 2018,6,44341,16480,False,0,,Unknown,1,0,0,1
1075262571408613376,: State cabinet may be expanded or reshuffled on Dec 22. will get more representation in cabinet. There is no discontent in over ministerial berths. We will face the upcoming polls unitedly: KPCC Chief @dineshgrao,Wed Dec 19 05:32:29 +0000 2018,50,47417,7363,False,0,,BENGALURU,4,1,0,0
1075260068168372224,"BSP, SP finalise seat sharing in for elections, kept out: Sources",Wed Dec 19 05:22:32 +0000 2018,72,300514,4177209,False,12,,India,3,0,0,1
1075205394727727104,RT @TheQuint: LIVE | Congress MP Ranjeet Ranjan and CPI (M) MP Mohammed Salim have given adjournment Motion Notices in the over t…,Wed Dec 19 01:45:17 +0000 2018,3620,5324,56,False,4,"LIVE | Congress MP Ranjeet Ranjan and CPI (M) MP Mohammed Salim have given adjournment Motion Notices in the over the issue, ahead of today’s parliament session. Follow for updates:",India,1,1,0,0
1075104007402602496,"Many Congratulations @NitinRaut_INC Saheb and @Dalvi_INC ji for the success and hard work you did in these states. We are sure under the leadership of @RahulGandhi ji , @INCSCDept will perform the best in upcoming Elections. Best wishes !!! @IYCMaha @satyajeettambe",Tue Dec 18 19:02:24 +0000 2018,1584,303,107,False,0,,Risod India,1,6,0,0
1075080277368758273,"RT @vinodDa50846533: ""Delhi High Court"" Kohli …",Tue Dec 18 17:28:06 +0000 2018,15478,42822,1067,False,5,"""Delhi High Court"" Kohli ""GOD is ONE"" but who is He?It has been proven through all our holy scriptures by Sant Rampalji ""GOD is KABIR"" watch sadhna tv 7.30pm",Unknown,6,1,0,0
1075071220549382144,"Many Congratulations @NitinRaut_INC Saheb and @Dalvi_INC ji for the success and hard work you did in these states. We are sure under the leadership of @RahulGandhi ji , @INCSCDept will perform the best in upcoming Elections. Best wishes !!!",Tue Dec 18 16:52:07 +0000 2018,37813,14834,7424,False,6,,Aurangabad India,1,4,0,1
1075053785754542081,Shameless politicians 5th day no work in parliament Looting public and enjoying on public money Every day 2lack per member JAGO HINDUSTANI JAGO CHOR NETAO SE BACHO,Tue Dec 18 15:42:50 +0000 2018,312,755,163,False,0,,Nagpur,3,0,0,0
1074982887412252672,"RT @soniakh64294579: know about Human Body Bones 🙏🙏 no.of bones,, …",Tue Dec 18 11:01:07 +0000 2018,261,28,4,False,9,"know about Human Body Bones 🙏🙏 no.of bones,,",Unknown,5,1,0,0
1074979173259718656,"Have a look at the . Crops destroyed in , quits , adjourned for the day and many more.",Tue Dec 18 10:46:21 +0000 2018,1610,45826,2780,False,0,,Bhubaneswar. New Delhi.,12,0,0,1
1074967406097940480,RT @ians_india: CM @sarbanandsonwal said that the northeast became 'Congress mukt (free)' following the Mizoram Assembly polls and t…,Tue Dec 18 09:59:36 +0000 2018,4614,85755,1594,False,1,CM @sarbanandsonwal said that the northeast became 'Congress mukt (free)' following the Mizoram Assembly polls and the region would become a stronghold for the in the 2019 election;,Unknown,1,2,0,0
1074963273592815617,1st tym in my life i visted nd i meet some the best leader of our country ..nd feel proud to say they r very supportive to common ppl . they dont show attitude like film star @RahulGandhi u look like a prince man. watched @ShashiTharoor 1st tym in lok sabha 😍,Tue Dec 18 09:43:10 +0000 2018,14084,1502,129,False,1,,New Delhi India,1,2,0,0
1074921948348588032,RT @Arunima24: Is the results the source of new energy for Sonia Gandhi? Was seen multiple times inside ri…,Tue Dec 18 06:58:58 +0000 2018,3696,19433,7128,False,1,"Is the results the source of new energy for Sonia Gandhi? Was seen multiple times inside rising, gesticulating, shouting towards chair that kharge be given a chance to speak. When @RahulGandhi arrived at 12:15 she called him to sit next to him",Chandigarh- J&K - Delhi - UP,2,1,0,0
1074921114248335360,RT @indiatvnews: | BJP moves privilege motion in against Rahul Gandhi over Rafale issue. The motion has been moved by…,Tue Dec 18 06:55:39 +0000 2018,54820,37223,327,False,21,| BJP moves privilege motion in against Rahul Gandhi over Rafale issue. The motion has been moved by Anurag Thakur (ANI),Unknown,2,1,0,0
1074921092945371136,"Is the results the source of new energy for Sonia Gandhi? Was seen multiple times inside rising, gesticulating, shouting towards chair that kharge be given a chance to speak. When @RahulGandhi arrived at 12:15 she called him to sit next to him",Tue Dec 18 06:55:34 +0000 2018,402,1996,2017,False,1,,Unknown,2,1,0,0
1074911292123697155,"RT @tweettokarishma: From Twitter : BJP MP’s demand an apology from @RahulGandhi over Issue. Slogans of, ‘Gandhi Parivaar Chor Hai’…",Tue Dec 18 06:16:37 +0000 2018,58908,14827,177,False,4,"From Twitter : BJP MP’s demand an apology from @RahulGandhi over Issue. Slogans of, ‘Gandhi Parivaar Chor Hai’ And protests in",Bangalore ,1,2,0,0
1074905090740404224,"RT @the_hindu: @sandeep662003 @MVenkaiahNaidu @RahulGandhi | Both Houses of have been adjourned - till noon, …",Tue Dec 18 05:51:59 +0000 2018,660,3749,468,False,2,"@sandeep662003 @MVenkaiahNaidu @RahulGandhi | Both Houses of have been adjourned - till noon, till 2 p.m.",Unknown,3,4,0,0
1074904405366005761,"sandeep662003 MVenkaiahNaidu RahulGandhi | Both Houses of have been adjourned - till noon, till 2 p.m.",Tue Dec 18 05:49:15 +0000 2018,72,62780,59,False,0,,Unknown,4,0,0,1
1074904403352662016,"sandeep662003 MVenkaiahNaidu | In the , Members from the Treasury Bench raise slogans demanding an apology from RahulGandhi.",Tue Dec 18 05:49:15 +0000 2018,72,62780,59,False,0,,Unknown,2,0,0,1
1074903887549673472,"@sandeep662003 @MVenkaiahNaidu @RahulGandhi | Both Houses of have been adjourned - till noon, till 2 p.m.",Tue Dec 18 05:47:12 +0000 2018,156,243773,5056538,False,2,,Chennai India,4,3,0,1
1074903637229494273,"From Twitter : BJP MP’s demand an apology from @RahulGandhi over Issue. Slogans of, ‘Gandhi Parivaar Chor Hai’ And protests in",Tue Dec 18 05:46:12 +0000 2018,6733,4790,1563,False,4,,Mumbai India,2,1,0,0
1074903249692446720,"@sandeep662003 @MVenkaiahNaidu | In the , Members from the Treasury Bench raise slogans demanding an apology from @RahulGandhi.",Tue Dec 18 05:44:40 +0000 2018,156,243773,5056538,False,2,,Chennai India,2,3,0,1
1074902077472731136,"In , chants of 'Rahul Gandhi chor hai' can be heard While in Ghulam Nabi Azad raises the issue of privilege motion against Minster for the misleading submission in Supreme Court on Both Houses see intense protest",Tue Dec 18 05:40:00 +0000 2018,284,1909,865,False,0,,New Delhi India,3,0,0,0
1074899679463129088,"Biggest challenge for @OfficeOfKNath would be to secure more and more seats in from , largest among states won by . Being CM, outcome will be linked on his course of actions. @RahulGandhi @INCIndia",Tue Dec 18 05:30:28 +0000 2018,3594,12877,5503,False,0,,Bhopal India,3,3,0,0
1074888746208821249,Congress leader Kripashankar Singh in the race for @PriyaDutt_INC’s seat via @mumbaimirror @INCMumbai,Tue Dec 18 04:47:02 +0000 2018,1753,4761,1553,False,0,,Mumbai,1,3,0,1
1074877935658643456,"MPs Sanjay Jaiswal, Anurag Thakur and Nishikant Dubey have given privilege motion notice to Secretary, on issue against",Tue Dec 18 04:04:04 +0000 2018,60,86301,46417,False,6,,New Delhi India,4,0,0,0
1074854544775905280,RT @ETNOWlive: Congress today moved privilege motion against PM Modi in and against Law Min @RSPrasad in demanding an…,Tue Dec 18 02:31:07 +0000 2018,26467,95391,29557,False,22,Congress today moved privilege motion against PM Modi in and against Law Min @RSPrasad in demanding an explanation as to why BJP provided wrong info to SC in . @29_RuchiBhatia w/ complete round-up of what happened in Parl today.,Unknown,2,2,0,0
1074726774179647490,RT @Steve_reports: Congress MP @kcvenugopalmp gave notices in under section 222 seeking permission for moving a breach of privile…,Mon Dec 17 18:03:25 +0000 2018,7408,17351,337,False,2,Congress MP @kcvenugopalmp gave notices in under section 222 seeking permission for moving a breach of privilege motion against PM @narendramodi in .,New York NY,1,2,0,0
1077457865835573250,"RT @EconomicTimes: 2019 Polls: &amp; will contest together, says | Download the ET App here: htt…",Tue Dec 25 06:55:48 +0000 2018,55,1121,31,False,2,"2019 Polls: &amp; will contest together, says | Download the ET App here:",Pune India,4,1,0,0
1077236121422172160,Just wondering if the Congress will take the county backward &amp; put it in their manifesto that GST will be rolled back ?,Mon Dec 24 16:14:40 +0000 2018,192,1525,50,False,0,,India,1,0,0,0
1077149237681577984,"2019 Polls: &amp; will contest together, says | Download the ET App here:",Mon Dec 24 10:29:25 +0000 2018,378,368142,3110684,False,2,,Unknown,4,0,0,1
1076838144245465088,"2019: not to contest from Karnataka, says Siddaramaiah",Sun Dec 23 13:53:14 +0000 2018,106,281725,493574,False,0,,New Delhi India,2,0,0,1
1076528998002307072,When ppl said why ? railway was under loss for 70 years now 112% opex improvement and is profitable this is mind set needs not or nepotism,Sat Dec 22 17:24:48 +0000 2018,118,29457,3015,False,0,,San Jose,7,0,0,1
1076524676937965568,sure has balls to fight and on bill which upheld but was overwritten by is this ?,Sat Dec 22 17:07:38 +0000 2018,118,29457,3015,False,0,,San Jose,8,0,0,1
1075099165749784577,"RT @WIONews: | In the run-up to 2019, farm politics under is back as the main agenda of .…",Tue Dec 18 18:43:10 +0000 2018,19090,36918,184,False,3,"| In the run-up to 2019, farm politics under is back as the main agenda of .",Kanpur India,4,1,0,0
1075065654221234177,"| In the run-up to 2019, farm politics under is back as the main agenda of .",Tue Dec 18 16:30:00 +0000 2018,7752,67543,52860,False,3,,South Asia,4,0,0,1
1075028090999443457,"RT @WIONews: | In the run-up to 2019, farm politics under @RahulGandhi is back as the main agenda of @INCIndia.…",Tue Dec 18 14:00:44 +0000 2018,17056,17378,559,False,2,"| In the run-up to 2019, farm politics under @RahulGandhi is back as the main agenda of @INCIndia. By: @kartikeya_1975",India,2,3,0,0
1075016529274535936,"| In the run-up to 2019, farm politics under @RahulGandhi is back as the main agenda of @INCIndia. By: @kartikeya_1975",Tue Dec 18 13:14:48 +0000 2018,7752,67543,52860,False,2,,South Asia,4,3,0,1
1077825097354936321,"further said that the drama of dynastic politics staged by the and their "" "" movement is eyewash.",Wed Dec 26 07:15:02 +0000 2018,673,13606,1811,False,0,,Unknown,8,0,0,1
1077590566244802560,cheated a independent they sweared will be minister for 5 years while government was formed in just cheated him,Tue Dec 25 15:43:06 +0000 2018,118,29457,3015,False,0,,San Jose,6,0,0,1
1077476785153961984,Opinion | It's unlikely that Opposition leaders will support KCR's non-Congress over the national-level ( ) . By @AditiZero,Tue Dec 25 08:10:58 +0000 2018,7752,67543,52860,False,0,,South Asia,4,1,0,1
1077424465917620225,@AmitShah calls for dislodging Congress on the lines of 1977 polls,Tue Dec 25 04:43:04 +0000 2018,75,3706,5635,False,0,,India,1,1,0,1
1077361017141616640,when says paid 405 million $ for should know what PPP is Public private Parternship is L&amp;T pumped in most of money if it made no sense they would have refused,Tue Dec 25 00:30:57 +0000 2018,118,29457,3015,False,0,,San Jose,6,0,0,1
1077169954280083456,"Whilst demonetisation was painful, there are LONG TERM benefits. @INCIndia and @RahulGandhi keep talking about past ONE-OFF difficulties encountered in demo. Here are the Gains to India due to Demonetisation so far",Mon Dec 24 11:51:44 +0000 2018,3908,4386,109,False,0,,Northwood U.K.,1,2,0,1
1075995650326700032,", the junior HRD minister in ’s government who recently resigned, formally joined the Congress-led United Progressive Alliance ( ) on Thursday.",Fri Dec 21 06:05:28 +0000 2018,673,13606,1811,False,0,,Unknown,6,0,0,1
1075969311582404608,"RT @NewIndianXpress: | Whatever the outcome of the , @RahulGandhi is now in the reckoning. @BJP4India and ri…",Fri Dec 21 04:20:49 +0000 2018,3532,14744,177,False,3,"| Whatever the outcome of the , @RahulGandhi is now in the reckoning. @BJP4India and rivals can dismiss him, as they did , only at their own peril, writes @sujataanandan",Hindustan,2,3,0,0
1075947719292829697,"| Whatever the outcome of the , @RahulGandhi is now in the reckoning. @BJP4India and rivals can dismiss him, as they did , only at their own peril, writes @sujataanandan",Fri Dec 21 02:55:01 +0000 2018,505,520832,351016,False,3,,Chennai,3,3,0,1
1075426759430926338,"Mayawati's @BSP4India , Akhilesh's @samajwadiparty finalise seat sharing in UP for Lok Sabha elections, Congress kept out",Wed Dec 19 16:24:54 +0000 2018,75,3706,5635,False,0,,India,1,2,0,1
1075325156732661760,": SP, BSP Finalise Seat-Sharing Without Congress, Leave Two Seats For @RahulGandhi &amp; Sonia @INCIndia @samajwadiparty @yadavakhilesh",Wed Dec 19 09:41:10 +0000 2018,43,36749,20716,False,0,,Mumbai India,1,4,0,1
1074651507822350338,The have upset the - 's proposal of as candidate is the first sign of this: My take in @moneycontrolcom,Mon Dec 17 13:04:20 +0000 2018,13,12198,2454,False,0,,Delhi India,8,1,0,1
1074567996729888768,DMK president M K Stalin proposed the name of Congress president Rahul Gandhi as the prime ministerial candidate of such a grouping.,Mon Dec 17 07:32:29 +0000 2018,569,20764,7255,False,0,,National Capital Region,2,0,0,1
1074562599730085889,BEST KERATIN HAIR TREATMENT IN 2018 : ิ้งโศภิดา,Mon Dec 17 07:11:02 +0000 2018,33,218,13,False,0,,Unknown,14,0,0,1
1078005019125919744,Looks like trying to change our mind by promoting them self in different News paper app. @INCIndia @RahulGandhi,Wed Dec 26 19:09:59 +0000 2018,141,36,52,False,0,,Nashik India,2,2,0,0
1077953245513805825,Why corrupt people still free Think and Think.... judiciary,Wed Dec 26 15:44:15 +0000 2018,2956,2910,475,False,1,,Mumbai India,3,0,0,1
1077951975440801792,"@Lakshya2019 We Indian are known to vote for religion, caste, creed, groups, types. Rahul, Sonia, Chidambaram and many others in @INCIndia held for ""Tax-chori"" by the court, with the ""Thugs out on bail"". Hence, all 'chors' of the nation likely vote for them &amp; Cong",Wed Dec 26 15:39:12 +0000 2018,276,10633,99,False,1,,Bengaluru India,1,2,0,0
1077950071814017024,@DeShobhaa Nice advice/advance warning to a Feudal democratic party's supreme leader on how democracy in other/rival party can be a game changer during in largest of the vote judiciously. sabko sanmati de.(),Wed Dec 26 15:31:39 +0000 2018,166,645,15,False,0,,Indore India,9,1,0,0
1077948923770220544,RT @news24tvchannel: Baba Ramdev's big statement on next PM...Can't say who @yogrishiramdev @narendramodi @RahulGandhi @INCIndia @BJP4Ind…,Wed Dec 26 15:27:05 +0000 2018,100743,36898,412,False,1,Baba Ramdev's big statement on next PM...Can't say who @yogrishiramdev @narendramodi @RahulGandhi @INCIndia @BJP4India,New Delhi,0,5,0,0
1077897247147216896,Baba Ramdev's big statement on next PM...Can't say who @yogrishiramdev @narendramodi @RahulGandhi @INCIndia @BJP4India,Wed Dec 26 12:01:44 +0000 2018,214,344463,79948,False,1,,Noida,2,5,0,1
1077884200294838275,If only the unfortunate man realised that the real culprits are those who refuse to make @rsprasad @SushmaSwaraj @narendramodi_in @RahulGandhi,Wed Dec 26 11:09:54 +0000 2018,11673,6337,349,False,1,,Bangalore India,5,4,0,1
1077862511695880192,RT @RAVI72920094: Time to show strength of Banker @WeBankerss @PMOIndia @Bankersvoice1 @RahulGandhi,Wed Dec 26 09:43:43 +0000 2018,3,4529,36,False,2,Time to show strength of Banker @WeBankerss @PMOIndia @Bankersvoice1 @RahulGandhi,Unknown,2,5,0,0
1077860844631805952,Time to show strength of Banker @WeBankerss @PMOIndia @Bankersvoice1 @RahulGandhi,Wed Dec 26 09:37:05 +0000 2018,2,13,1,False,2,,Raipur India,2,4,0,1
1077860646245597184,RT @RAVI72920094: @FinMinIndia If u cant do this just leave the seat @RahulGandhi @arunjaitley @ArvindKejriwal h…,Wed Dec 26 09:36:18 +0000 2018,3,4529,36,False,1,@FinMinIndia If u cant do this just leave the seat @RahulGandhi @arunjaitley @ArvindKejriwal,Unknown,2,5,0,0
1077859407780704256,@FinMinIndia If u cant do this just leave the seat @RahulGandhi @arunjaitley @ArvindKejriwal,Wed Dec 26 09:31:23 +0000 2018,2,13,1,False,1,,Raipur India,2,4,0,1
1077851690169221120,The ecosystem warming up for,Wed Dec 26 09:00:43 +0000 2018,5332,8029,84,False,0,,India,2,0,0,2
1077850935483760640,"@rvaidya2000 One has to wait until RG SG PV RV could not go to jail. adopt him as big boss. Gandhis are idols for them. officially release him, if won",Wed Dec 26 08:57:43 +0000 2018,374,37925,861,False,0,,Indian Village IN,4,1,0,1
1077819763919855616,"@sardanarohit Hindus wil surely make @narendramodi n @BJP4India to win as whatever doubts or anguish they anyway had, is all cleared in recent 3 states election n know their fate how bad if @INCIndia n pappu @RahulGandhi come in power",Wed Dec 26 06:53:51 +0000 2018,3673,2715,36,False,0,,Kuwait ,2,5,0,0
1077806915978063872,Now I have a serious question: Has only advantage @narendramodi now in is that he will be compared with @RahulGandhi and that too fading away?,Wed Dec 26 06:02:48 +0000 2018,688,7455,554,False,0,,Earth,2,2,0,0
1077776625469612032,"RT @htTweets: | In Uttar Pradesh, Congress readies Plan B if it has to go it alone in Lok Sabha polls, reports @naqshzeb htt…",Wed Dec 26 04:02:26 +0000 2018,115427,109855,730,False,2,"| In Uttar Pradesh, Congress readies Plan B if it has to go it alone in Lok Sabha polls, reports @naqshzeb",Nagpur India,1,2,0,0
1077769542967922689,Jaago jaago jaago..subah ho gayi. Wake up indians. Wake up before it's too late.think right.think progressive. Choose @INCIndia Choose @RahulGandhi This 🤚,Wed Dec 26 03:34:17 +0000 2018,2562,9729,915,False,1,,Unknown,1,2,0,0
1077625136696700930,RT @NEWS9TWEETS: Who made the best of 2018? @BJP4I…,Tue Dec 25 18:00:28 +0000 2018,355,349,32,False,9,Who made the best of 2018? @BJP4India @INCIndia @INCKarnataka @BJP4Karnataka @RAshokaBJP @ShobhaBJP @siddaramaiah,Lucknow Uttar Pradesh India,9,1,0,0
1077552143786160128,77 &amp; 19 77 political parties join forces to bring down Indira Gandhi govt. that suspended democracy in '75 19 join forces to stop Modi from winning Modi is perceived as a tireless performer with zero tolerance to corruption that runs a tight ship,Tue Dec 25 13:10:25 +0000 2018,10908,56818,506,False,0,,visakhapatnam India,3,0,0,0
1077549398928777216,RT @IntegratedChaos: If and win the :,Tue Dec 25 12:59:31 +0000 2018,3,5,15,False,1,If and win the :,Unknown,4,1,0,0
1077548442304442369,@jitupatwari @RahulGandhi @OfficeOfKNath Congratulations. Ensure victory for @INCIndia in,Tue Dec 25 12:55:43 +0000 2018,7741,163971,1355,False,0,,Unknown,1,4,0,0
1077516566302838784,If and win the :,Tue Dec 25 10:49:03 +0000 2018,5,831,11,False,1,,Unknown,4,0,0,0
1077504523990495237,Who made the best of 2018? @BJP4India @INCIndia @INCKarnataka @BJP4Karnataka @RAshokaBJP @ShobhaBJP @siddaramaiah,Tue Dec 25 10:01:12 +0000 2018,50,47417,7363,False,9,,BENGALURU,9,7,0,0
1077494651114803200,"KCR, a plan B of BJP to divide opposition. @INCIndia @AITCofficial @RahulGandhi @yadavtejashwi @tariqkarra",Tue Dec 25 09:21:58 +0000 2018,153,78,42,False,0,,Srinagar,1,5,0,0
1077479635124924416,"@geetv79 @RahulGandhi @DeccanHerald Distributors of waivers and freebies along with reservations, such political parties should be boycotted in if this is with some logic endorse it.. Not the agenda",Tue Dec 25 08:22:18 +0000 2018,578,3468,196,False,0,,Czech Republic,2,3,0,0
1077434556943351808,"Cong Srcs: Along with issue, Sh Rahul Gandhi &amp; top Ldrs to highlight issues @narendramodi @PMOIndia @AmitShah @AmitShahOffice @rammadhavbjp @byadavbjp @arunjaitley @nistula @sgurumurthy @RakeshSinha01 @RSSorg",Tue Dec 25 05:23:10 +0000 2018,1,2359,4,False,0,,Mumbai India,4,11,0,1
1077434009154740224,Cong Srcs: AICC Research team submitted a report to Sh Rahul Gandhi to highlight ahead of @narendramodi @PMOIndia @AmitShah @AmitShahOffice @rammadhavbjp @byadavbjp @arunjaitley @nistula @sgurumurthy @RakeshSinha01 @RSSorg,Tue Dec 25 05:21:00 +0000 2018,1,2359,4,False,0,,Mumbai India,2,11,0,1
1077398666623631361,"Since , inspite of good results, is continuing to pitch Rahul Gandhi as their PM candidate, Mayawati ji should seriously consider tying up with @BJP4India. She would definitely make an outstanding Home or Defence Minister!",Tue Dec 25 03:00:33 +0000 2018,163,2328,36,False,0,,Bhubaneshwar India,4,1,0,0
1077390528109469697,"| In Uttar Pradesh, Congress readies Plan B if it has to go it alone in Lok Sabha polls, reports @naqshzeb",Tue Dec 25 02:28:13 +0000 2018,3018,537453,6586747,False,2,,India,1,1,0,1
1077296693954207744,Good idea,Mon Dec 24 20:15:21 +0000 2018,482,1553,526,False,0,,Mumbai India,3,0,0,1
1077262676160438272,Choice is yours Who is chor And who is honest @RahulGandhi or @narendramodi,Mon Dec 24 18:00:11 +0000 2018,6582,3858,708,False,0,,कैलाश भारत,1,2,0,1
1077251693685944322,RT @GomathiRaghava4: Brahmin individuals community targeted sarsanghachalac bioterrorist snarl _ India Today congress /…,Mon Dec 24 17:16:32 +0000 2018,659,4297,1304,False,1,Brahmin individuals community targeted sarsanghachalac bioterrorist snarl _ India Today congress / shiv sena bioterrorism in the upper floor of next house sound heard CHARACTERLESS misbehavior of bioterrorist even after the defeat in,Punjab Pakistan,2,1,0,0
1077224852489068544,The are making money for to find its dei doing election funds for,Mon Dec 24 15:29:53 +0000 2018,5332,8029,84,False,0,,India,5,0,0,1
1077198274673528833,Media’s selective rage over law and order porblem. Here today when even the son-in-law of state finance minister was to abducted and its no where on media’s agenda to ask the real question. @yadavakhilesh @AcharyaPramodk @dimpleyadav @RahulGandhi,Mon Dec 24 13:44:16 +0000 2018,102,1,10,False,0,,Unknown,1,4,0,0
1077125989958852608,@ShuklaRajiv @iamsrk @AnushkaSharma might be a good film or not. I've not seen it but I'm pretty surprised to see @INCIndia leaders like @JhaSanjay and Shukla praising it. Either they're paid or they know that will give to their beloved party 😁😁😁,Mon Dec 24 08:57:02 +0000 2018,4496,4178,62,False,0,,Unknown,4,5,0,0
1076736182623469568,even don't know who is MLAs in his own constituency.... Aur inko election ladna hai🤔🤔🤔🤔🤔,Sun Dec 23 07:08:05 +0000 2018,9444,7144,650,False,0,,Pune India,5,0,0,0
1076705946074677249,The first speech by Telengana CM in the Assembly. And we will always keep thinking for our short term petty gains and keep voting for them. Tagging political ppl who did similar things to get in power @RahulGandhi @ashutosh83B @ArvindKejriwal @laluprasadrjd,Sun Dec 23 05:07:56 +0000 2018,29,222,3,False,0,,Unknown,1,4,0,0
1076684835832291328,"वोट नमो @narendramodi को करें नमूने@RahulGandhi को नहीं. Vote only for , not for who has not any eligibility at least to lead a booth level organisation.",Sun Dec 23 03:44:03 +0000 2018,2523,1499,63,False,0,,Ranaghat Nadia  WB,5,2,0,0
1076568724331741184,@RahulGandhi your Farmer loan waiver - in interest of nation; Govt’s move to Reduce GST Tax - political move? You will be beaten in your own game...gracefully. Watch for more @BJP4India,Sat Dec 22 20:02:40 +0000 2018,430,805,12,False,0,,Unknown,1,2,0,1
1076473681990307841,MK Stalin calling Rahul Gandhi a prime ministerial candidate for the 2019 general election was met with an uneasy response by other opposition parties.,Sat Dec 22 13:45:00 +0000 2018,96,118009,64194,False,0,,Mumbai India,1,0,0,1
1076471068905426944,@meeraremi11 Hahahhaha ! @INCIndia is embracing the same fear mongering tactic as that of Hitler. Makes sense both @RahulGandhi and Hitler are fools of maniac proportions ! Hope @smritiirani defeats him in from Amethi,Sat Dec 22 13:34:37 +0000 2018,269,768,468,False,0,,Washington DC,3,4,0,0
1076429308988657665,RT @pammisomal: just made it easier for @RahulGandhi &amp; @INCIndia !! …,Sat Dec 22 10:48:41 +0000 2018,39800,52128,1676,False,1,just made it easier for @RahulGandhi &amp; @INCIndia !!,Mumbai India,4,3,0,0
1076178417626869762,just made it easier for @RahulGandhi &amp; @INCIndia !!,Fri Dec 21 18:11:43 +0000 2018,4547,1527,167,False,1,,Mumbai,6,2,0,0
1076127074220474368,"RT @dineshjoshi70: Request Shri @RahulGandhi to tell his voters about his vision. What does he plan to do about farmers , in…",Fri Dec 21 14:47:42 +0000 2018,5555,3215,85,False,4,"Request Shri @RahulGandhi to tell his voters about his vision. What does he plan to do about farmers , infra development, industrial development, attracting more investments, jobs etc as he is the PM candidate from @INCIndia . @JM_Scindia @SachinPilot @milinddeora",Unknown,1,2,0,0
1076063044151726080,NOW AVAILABLE IN *RAJASTHAN MADHYAPRADESH CHATISGARH* Good job @INCIndia under leadership of @RahulGandhi ... GENTLEMEN from @BJP4India Plz learn something for,Fri Dec 21 10:33:16 +0000 2018,652,13627,338,False,0,,Mumbai Meri Jaan!,1,3,0,0
1076057886516756480,RT @gandhi_pv: These fake and premature claims will BLOW in the face of @RahulGandhi during,Fri Dec 21 10:12:46 +0000 2018,5002,16233,198,False,1,These fake and premature claims will BLOW in the face of @RahulGandhi during,Unknown,1,2,0,1
1076048766640185350,These fake and premature claims will BLOW in the face of @RahulGandhi during,Fri Dec 21 09:36:32 +0000 2018,35368,92192,5962,False,1,,from Telangana in Tokyo Japan,1,1,0,1
1076015921284624385,'I am happy where I am right now': @Nitin_Gadkari not interested in 2019 PM haha OF COURSE wants+may even BE @pmoindia post if NO majority OR KÔN join coalition? ?,Fri Dec 21 07:26:01 +0000 2018,81,150370,2070,False,0,,Paris old EU,7,2,0,1
1076004024330190849,RT @BloombergQuint: | MK Stalin calling Rahul Gandhi a prime ministerial candidate for the 2019 general election was met wit…,Fri Dec 21 06:38:45 +0000 2018,3483,10922,13052,False,1,"| MK Stalin calling Rahul Gandhi a prime ministerial candidate for the 2019 general election was met with an uneasy response by other opposition parties, reports @TamannaInamdar.",Mumbai,1,1,0,0
1075998047715262464,"| MK Stalin calling Rahul Gandhi a prime ministerial candidate for the 2019 general election was met with an uneasy response by other opposition parties, reports @TamannaInamdar.",Fri Dec 21 06:15:00 +0000 2018,96,118009,64194,False,1,,Mumbai India,1,1,0,1
1075974254875750400,@RahulGandhi about farm loan waivers ...... . @narendramodi @incindia @BJP4India,Fri Dec 21 04:40:27 +0000 2018,21,73,5,False,0,,Unknown,16,4,0,1
1075871443936792578,"@gandhi_pv @OrugalluBidda XLNT tweet by @gandhi_pv ""KCR Ideas are Timely, Precise, Practical and More than anything KCR's ideas Work and Produce Quick Results both on Development and Welfare "" @nytimes @washingtonpost @latimes @BBCBreaking @CNN @WSJ @KTRTRS @RaoKavitha @trsharish",Thu Dec 20 21:51:55 +0000 2018,5002,16233,198,False,0,,Unknown,1,12,0,0
1075869328677982208,"RT @gandhi_pv: The Power of Idea is much more than any Position is the Need of the Hour as His Ideas are Timely, Precise, Pra…",Thu Dec 20 21:43:31 +0000 2018,14569,36145,1722,False,5,"The Power of Idea is much more than any Position is the Need of the Hour as His Ideas are Timely, Precise, Practical and More than anything They Work and Produce Quick Results both on Development and Welfare Jai Kisan Jai Bharat",Hyderabad Telangana,1,1,0,0
1075803023102918656,"After marginal or lucky win for in , fan base of has drastically increased. Latest one is Either he's eyeing @INCIndia ticket in or he wants publicity to get some films. has one more fake",Thu Dec 20 17:20:02 +0000 2018,4496,4178,62,False,0,,Unknown,7,1,0,0
1075782496883798016,@_being_dutta @elitebhavin @BhrugiveD_Vesim we will also liar to @RahulGandhi and @INCIndia while 🤣🤣,Thu Dec 20 15:58:28 +0000 2018,1611,772,77,False,0,,Unknown,1,5,0,1
1075764964483260421,@PiyushGoyal @RahulGandhi @abpnewstv @indianrailway__ Ache din of indian railway...,Thu Dec 20 14:48:48 +0000 2018,2,46,0,False,0,,Mumbai,1,4,0,0
1075763924849414146,"RT @BloombergQuint: Perception battle | Rahul Gandhi is the most underestimated politician, while PM Modi is the the most overestimated, sa…",Thu Dec 20 14:44:41 +0000 2018,1693,31,23,False,6,"Perception battle | Rahul Gandhi is the most underestimated politician, while PM Modi is the the most overestimated, says Ashutosh (@ashutosh83B) to @TamannaInamdar. Watch the full discussion here:",CuttackIndia,0,1,0,0
1075711359952740352,"@RahulGandhi Dear Mr Gandhi, While your focus on in run up to is well appreciated, will you agree that such waivers benefit &amp; not ? Could u plz change ur focus in that case ! @INCIndia @VidyaNandMishr8",Thu Dec 20 11:15:48 +0000 2018,8524,9009,1256,False,0,,India,5,3,0,0
1075702958275334144,Searching 15 lakh video...🤣,Thu Dec 20 10:42:25 +0000 2018,148,1900,251,False,0,,New Delhi India,9,0,0,0
1075702046819463168,RT @tigerrao7: Fate of @RahulGandhi @AmitShah,Thu Dec 20 10:38:48 +0000 2018,2666,1213,117,False,1,Fate of @RahulGandhi @AmitShah,Shirdi India,2,3,0,0
1075701232533159936,Fate of @RahulGandhi @AmitShah,Thu Dec 20 10:35:34 +0000 2018,1188,1921,480,False,1,,Bengaluru India,2,2,0,0
1075678334225309698,"Request Shri @RahulGandhi to tell his voters about his vision. What does he plan to do about farmers , infra development, industrial development, attracting more investments, jobs etc as he is the PM candidate from @INCIndia . @JM_Scindia @SachinPilot @milinddeora",Thu Dec 20 09:04:34 +0000 2018,38116,89926,7439,False,4,,Unknown,1,5,0,0
1075670103780257792,"Duel face of congress @INCIndia regarding Farmer issues is not acceptable, take appropriate action before too late",Thu Dec 20 08:31:52 +0000 2018,17687,12938,98,False,0,,India,1,1,0,1
1075656461806579713,Worse than @RahulGandhi &amp; @INCIndia are the morons who voted for them.,Thu Dec 20 07:37:39 +0000 2018,3502,6328,72,False,0,,Unknown,5,2,0,1
1075654779433558016,"@DrSYQuraishi @PMOIndia @RahulGandhi Respected Sirs, it will be very beneficial for physically challenged people like me if online voting can be an option in forthcoming elections. Doable via vry easily. Thanks!",Thu Dec 20 07:30:58 +0000 2018,50,13525,80,False,0,,Noida India,5,3,0,0
1075633624832040965,RT @Neeraj_2018: Congress can fetch 15+ seats as per this assessment.,Thu Dec 20 06:06:55 +0000 2018,57634,31881,225,False,16,Congress can fetch 15+ seats as per this assessment.,Unknown,2,1,0,0
1075608733571604480,"RT @BloombergQuint: If not Rahul Gandhi, then who? Here's N Ram's (@nramind) list of possible PM faces for the Mahagathbandhan in 2019. …",Thu Dec 20 04:28:00 +0000 2018,3483,10922,13052,False,3,"If not Rahul Gandhi, then who? Here's N Ram's (@nramind) list of possible PM faces for the Mahagathbandhan in 2019. @TamannaInamdar Watch the full discussion here:",Mumbai,0,2,0,0
1075601685853233153,"Perception battle | Rahul Gandhi is the most underestimated politician, while PM Modi is the the most overestimated, says Ashutosh (@ashutosh83B) to @TamannaInamdar. Watch the full discussion here:",Thu Dec 20 04:00:00 +0000 2018,96,118009,64194,False,6,,Mumbai India,1,2,0,1
1075599436653387777,RT @otvnews: Will waive off farm loans within 5 hours of being voted to power:,Thu Dec 20 03:51:04 +0000 2018,174,1786,23,False,4,Will waive off farm loans within 5 hours of being voted to power:,Sikar India,3,1,0,1
1075586589269651456,"If not Rahul Gandhi, then who? Here's N Ram's (@nramind) list of possible PM faces for the Mahagathbandhan in 2019. @TamannaInamdar Watch the full discussion here:",Thu Dec 20 03:00:00 +0000 2018,96,118009,64194,False,3,,Mumbai India,1,2,0,1
1075586351322595329,"@RahulGandhi @narendramodi had this waiver been given to SMEs, MSMEs, then, my father would have been alive now. Indirectly, your vote bank policies killed him, though the report says - ""CARDIAC ARREST"". Improvise this election",Thu Dec 20 02:59:04 +0000 2018,13,185,116,False,0,,Unknown,1,2,0,0
1075576154101288960,RT @brijdoshi: Face off between CP @RahulGandhi and Gujarat CM @vijayrupanibjp after GOG's announcement of pending Electricity bill waiver…,Thu Dec 20 02:18:33 +0000 2018,23657,18408,127,False,14,Face off between CP @RahulGandhi and Gujarat CM @vijayrupanibjp after GOG's announcement of pending Electricity bill waiver.,Unknown,0,3,0,0
1075558559121735680,Congress can fetch 15+ seats as per this assessment.,Thu Dec 20 01:08:38 +0000 2018,86849,78152,6606,False,16,,India,2,0,0,0
1075471801323466752,RT @akshatbhargav26: Those who think Rahul Gandhi will solve their problems are the same people who think using Axe Deodorant can get them…,Wed Dec 19 19:23:53 +0000 2018,280,287,137,False,21,Those who think Rahul Gandhi will solve their problems are the same people who think using Axe Deodorant can get them sex,Sirauli India,0,1,0,0
1075467927858700289,RT @manjunathansui: @RahulGandhi It’s going to be a better Nation after People of the country are watching …,Wed Dec 19 19:08:29 +0000 2018,23971,13835,790,False,5,@RahulGandhi It’s going to be a better Nation after People of the country are watching,Unknown,1,2,0,0
1075454157773918208,RT @BloombergQuint: | Congress pitching for a PM face will divide the alliance and will be disastrous for the Mahagathbandha…,Wed Dec 19 18:13:46 +0000 2018,3483,10922,13052,False,2,"| Congress pitching for a PM face will divide the alliance and will be disastrous for the Mahagathbandhan, says N Ram (@nramind). @TamannaInamdar Watch the full discussion here:",Mumbai,1,1,0,0
1075449827398434817,"| Congress pitching for a PM face will divide the alliance and will be disastrous for the Mahagathbandhan, says N Ram (@nramind). @TamannaInamdar Watch the full discussion here:",Wed Dec 19 17:56:34 +0000 2018,96,118009,64194,False,2,,Mumbai India,1,2,0,1
1075433562671906817,Will waive off farm loans within 5 hours of being voted to power:,Wed Dec 19 16:51:56 +0000 2018,583,102869,332829,False,4,,Bhubaneshwar India,3,0,0,1
1075432947711238144,AAP Congress Alliance Classic case of गुरु गुड़ चेला चिनी,Wed Dec 19 16:49:29 +0000 2018,8422,22128,335,False,0,,जिला गाजियाबाद भारत,1,0,0,0
1075419339464081409,@RahulGandhi It’s going to be a better Nation after People of the country are watching,Wed Dec 19 15:55:25 +0000 2018,7222,3865,2521,False,5,, Bengaluru,2,1,0,0
1075386462940491778,Then why you didn't wake up former @CMofKarnataka Mr.@siddaramaiah ? Dear @RahulGandhi trust even if @INCIndia wins also you couldn't become @PMOIndia and we have strong person like @Swamy39 to stop you. @shakkuiyer @girishalva @vivekshettym @purviraju1 @mvmeet,Wed Dec 19 13:44:47 +0000 2018,23824,8902,219,False,0,,Unknown,1,11,0,1
1075363556789370880,"RT @Raksha_Kumar: ""The Congress succeeded by offering itself as the default alternative for farmers and the youth, not by soft Hindutva"" …",Wed Dec 19 12:13:45 +0000 2018,30852,31202,457,False,2,"""The Congress succeeded by offering itself as the default alternative for farmers and the youth, not by soft Hindutva""",Bombay India,0,1,0,0
1075356164274044934,"""The Congress succeeded by offering itself as the default alternative for farmers and the youth, not by soft Hindutva""",Wed Dec 19 11:44:23 +0000 2018,2043,16287,5526,False,2,,India,1,0,0,1
1075331372825436160,Face off between CP @RahulGandhi and Gujarat CM @vijayrupanibjp after GOG's announcement of pending Electricity bill waiver.,Wed Dec 19 10:05:52 +0000 2018,39860,12610,4331,False,14,,Gujarat India,4,2,0,0
1075322669363425280,wars 2019 in bed OR NOT kôn uper kaun neeche bhau bhai dekho &lt;3 give us GOOD TEST SERIES NOT SHIT ~ DRUNK ARROGANT DUMB bcci,Wed Dec 19 09:31:17 +0000 2018,81,150370,2070,False,0,,Paris old EU,13,0,0,0
1075288551036571649,Will 'quilted jackets' take over 'Modi vest'?,Wed Dec 19 07:15:43 +0000 2018,1742,1442,200,False,0,,Bengaluru India,4,0,0,0
1075267984925622277,"RT @NewsNationTV: BSP to contest 38 seats in Uttar Pradesh, SP gets 37, no place for Congress: Sources …",Wed Dec 19 05:53:59 +0000 2018,2678,17464,212,False,1,"BSP to contest 38 seats in Uttar Pradesh, SP gets 37, no place for Congress: Sources",New Delhi - Gurgaon ,0,1,0,1
1075265076741865472,"BSP to contest 38 seats in Uttar Pradesh, SP gets 37, no place for Congress: Sources",Wed Dec 19 05:42:26 +0000 2018,1825,236648,111883,False,1,,Noida India,1,0,0,1
1075250817014259712,Todays youth be like... Jis kisi ke bhi me @PUBGMOBILE ke tournaments yearly karne ka wada hoga wahi humara hoga.. @RahulGandhi @narendramodi @ArvindKejriwal @ahsan_faisal @aajtak @abpnewshindi,Wed Dec 19 04:45:46 +0000 2018,252,202,50,False,0,,Ghansawangi India,3,7,0,0
1075207042539839488,RT @junglijalebi: _ @RahulGandhi (&amp; thereby @INCIndia) continue/s to set the . _ @CNNnews18 @BJP4India @DrAMSinghvi @N…,Wed Dec 19 01:51:49 +0000 2018,87579,71944,1457,False,1,_ @RahulGandhi (&amp; thereby @INCIndia) continue/s to set the . _ @CNNnews18 @BJP4India @DrAMSinghvi @NalinSKohli,New Delhi India,2,6,0,0
1075148603751129088,"@RahulGandhi @OfficeOfKNath ji, Is this true? are actually not looking for another ुमला Jhumleshwar. The same farmers who voted for you guys will turn their backs in no time. If this is false claim then take these propagandists to task.",Tue Dec 18 21:59:37 +0000 2018,26964,22339,158,False,0,,Unknown,4,2,0,1
1075147112650657792,Those who think Rahul Gandhi will solve their problems are the same people who think using Axe Deodorant can get them sex,Tue Dec 18 21:53:41 +0000 2018,2849,4597,2913,False,21,,Unknown,3,0,0,0
1075096298238267392,RT @twinnu07: One battle to watch out in 2019 elections is that of @smritiirani and @RahulGandhi in Amethi. Question is will Rahul Gandhi…,Tue Dec 18 18:31:46 +0000 2018,1210,5559,177,False,1,One battle to watch out in 2019 elections is that of @smritiirani and @RahulGandhi in Amethi. Question is will Rahul Gandhi run away from the challenge and contest from Rae Bareli.,रोड्सायड खड़ी मेटाडोर,0,3,0,0
1075094119930843146,One battle to watch out in 2019 elections is that of @smritiirani and @RahulGandhi in Amethi. Question is will Rahul Gandhi run away from the challenge and contest from Rae Bareli.,Tue Dec 18 18:23:07 +0000 2018,218,2961,223,False,1,,mangalore,1,2,0,0
1075093561392025600,This 48 year old monkey is to be tortured before he opens his mouth.. and his handlers want to make him the PM!,Tue Dec 18 18:20:53 +0000 2018,5,831,11,False,0,,Unknown,4,0,0,0
1075050038924111872,"Why not have a mandatory for all parties, other than their individual manifestos? This way atleast basics will be covered by all. @BJP4India @RahulGandhi @DrGPradhan @republic @indiatvnews",Tue Dec 18 15:27:57 +0000 2018,75,1614,80,False,0,,Unknown,2,5,0,0
1075032610970177536,RT @BloombergQuint: | @RahulGandhi promises to waive off all farm loans if voted to power in 2019. Read:,Tue Dec 18 14:18:42 +0000 2018,71773,112467,80,False,3,| @RahulGandhi promises to waive off all farm loans if voted to power in 2019. Read:,India,1,2,0,0
1075031209145786369,RT @gandhi_pv: Popular Demand of Indians for 2019 MODI Should Campaign in at least 282 seats that BJP won in 2014 Naidu Should campaign in…,Tue Dec 18 14:13:08 +0000 2018,0,24244,336,False,1,Popular Demand of Indians for 2019 MODI Should Campaign in at least 282 seats that BJP won in 2014 Naidu Should campaign in each state along with Rahul Gandhi and in each of 17 MP seats in Telangana,Unknown,0,1,0,0
1075020901391970306,| @RahulGandhi promises to waive off all farm loans if voted to power in 2019. Read:,Tue Dec 18 13:32:10 +0000 2018,96,118009,64194,False,3,,Mumbai India,1,1,0,1
1074986099724869632,Popular Demand of Indians for 2019 MODI Should Campaign in at least 282 seats that BJP won in 2014 Naidu Should campaign in each state along with Rahul Gandhi and in each of 17 MP seats in Telangana,Tue Dec 18 11:13:53 +0000 2018,35368,92192,5962,False,1,,from Telangana in Tokyo Japan,1,0,0,0
1074970184803180544,Indian citizen Rahul Gandhi or British citizen Raul Vinci?? Decide for yourself:,Tue Dec 18 10:10:38 +0000 2018,5,831,11,False,0,,Unknown,3,0,0,1
1074962839402496000,This thread is for those who are curious about what has done in the past 4 years!,Tue Dec 18 09:41:27 +0000 2018,5,831,11,False,0,,Unknown,4,0,0,1
1074932101395279872,_ @RahulGandhi (&amp; thereby @INCIndia) continue/s to set the . _ @CNNnews18 @BJP4India @DrAMSinghvi @NalinSKohli,Tue Dec 18 07:39:18 +0000 2018,565,1258,95,False,1,,Unknown,4,6,0,0
1074931349197209600,@RahulGandhi u r such a lier Papu .. U will will be kicked out of India politics in by we Indians,Tue Dec 18 07:36:19 +0000 2018,2501,2691,19,False,0,,कोलकाता भारत,1,1,0,0
1076934632661237765,January is coming.,Sun Dec 23 20:16:39 +0000 2018,26628,49110,3815,False,0,,Burlington VT USA,1,0,0,1
1076390114073473024,"RT @ChrisPatrick64: @Bornabrit1 Everybody owns his ass, including",Sat Dec 22 08:12:56 +0000 2018,73332,127887,3275,False,1,"@Bornabrit1 Everybody owns his ass, including",Nowhere (Middle),1,2,0,0
1076287092085280769,"@Bornabrit1 Everybody owns his ass, including",Sat Dec 22 01:23:33 +0000 2018,21351,10506,665,False,1,,Earth,1,1,0,0
1075877683630891009,"@joncoopertweets 😡😡He’s a WACK JOB who’s focused on his Mar -a- Lago 16 day Vacation! @realDonaldTrump isn’t FIT to walk, chew or sit alone! 😡😡 TrumpShutDoWn",Thu Dec 20 22:16:43 +0000 2018,39052,13713,914,False,0,,Davidsonville MD ,2,2,0,0
1075847861034733570,3 States Grand victory celebration after formation of Govt in Celebration at my Out House Muzaffarpur.. @shaktisinhgohil @DrMadanMohanJha @RajeshLilothia @DKShivakumar @ahmedpatel @INCBihar @anilcong,Thu Dec 20 20:18:13 +0000 2018,992,1415,9353,False,4,,Delhi - Bihar ,6,7,0,0
1075410910825627648,"There's still time! Submit your proposal to the Early Christianity, Early Judaism and the Study of Religion Seminar today!",Wed Dec 19 15:21:55 +0000 2018,265,322,95,False,0,,Unknown,5,0,0,1
1075311390263410688,"Strategy Lure, Misguide &amp; Paralyse 3 pillars of India - Farmers - Youths - Tax Payers We saw how people are treated in Karnataka - 250 Farmers committed suicide in Congress rule @narendramodi talks about Building India @RahulGandhi Is focused on Dividing India",Wed Dec 19 08:46:28 +0000 2018,7781,11415,2292,False,2,,Ek Bharat Akhand Bharat,1,2,0,0
1074914681742127104,Apply now : The @RANZCP has grants for up to $5000 for Aboriginal and Torres Strait Islander RANZCP trainees to attend in Cairns 12-16 May 2019 with leading psychiatrists and experts. Apply online @ranzcp_nz,Tue Dec 18 06:30:05 +0000 2018,823,2034,3874,False,2,,Australia & NZ,3,2,0,1
1074842912528236544,@Ashley4Prez2020 @DontGOPonMe Mmmhmm. Back in the day we wuz called uppity {insert plural racial epithet commonly used for POCs}. Go 'head @Ocasio2018 break down those walls. My students are gonna walk the trail you blaze!,Tue Dec 18 01:44:54 +0000 2018,750,1555,158,False,1,,Arlington TX ,4,3,0,0
1074821014058602496,My favorite cover of the year.,Tue Dec 18 00:17:53 +0000 2018,6035,16435,417,False,0,,New York City,4,0,0,0
1074701490768494592,RT @antimony27: Are you a part of the @csdhschn community? Hoping to submit a paper for but fear the deadline is too close? W…,Mon Dec 17 16:22:57 +0000 2018,0,9366,185,False,1,"Are you a part of the @csdhschn community? Hoping to submit a paper for but fear the deadline is too close? We've got you covered! The PC has extended the deadline to Thur, Dec 20th at midnight EST:",Unknown,1,2,0,0
1074699094612955136,"Are you a part of the @csdhschn community? Hoping to submit a paper for but fear the deadline is too close? We've got you covered! The PC has extended the deadline to Thur, Dec 20th at midnight EST:",Mon Dec 17 16:13:25 +0000 2018,5159,6701,1797,False,1,,London Ontario,3,1,0,1
1077935055656251397,@DeShobhaa Ha ha even You and I(common citizens of India) are better than @RahulGandhi that doesn't mean BJP should declare our Name as PM candidate. You will be the first person to cry when @narendramodi elects as PM for 2nd time that's for sure,Wed Dec 26 14:31:58 +0000 2018,6304,3604,810,False,0,,ಬೆಳಗಾವಿ,2,3,0,0
1077436463107723265,People voted for progressive Modi but he is looking to fight next election as one who is against Gandhi n Nehru... but also as pro cow and temple...pls wake up for India,Tue Dec 25 05:30:45 +0000 2018,390,637,58,False,0,,India,2,0,0,0
1075161245693562880,"@ArunSFan @MrsGandhi The other man has dedicated his life to this country with spotless character, no matter how much you dynasty bootlickers tried. Mera PM Mera Abhiman",Tue Dec 18 22:49:51 +0000 2018,24217,6451,32,False,0,,Queenstown New Zealand,2,2,0,0
1078076063618600961,RT @EasyPeezyTweet: @INCIndia @RahulGandhi took a…,Wed Dec 26 23:52:17 +0000 2018,30413,143690,7702,False,10,"@INCIndia @RahulGandhi took away everything, we didn't realize. , it's now or never.",Earth,6,3,0,0
1078009266777120768,RT @Nation_is1st: The photo says it all !! …,Wed Dec 26 19:26:52 +0000 2018,26715,28774,458,False,1,The photo says it all !!,delhi,4,1,0,0
1077984652512509953,The photo says it all !!,Wed Dec 26 17:49:03 +0000 2018,5101,8613,813,False,1,,Unknown,6,0,0,0
1077972646724198400,"@karanbhasin95 @mahesh10816 @RahulGandhi People ""ab tho neendh se utjao"". Wake up people, don't sell urself for few 100s or 1000s. It's not too late. Let's vote and",Wed Dec 26 17:01:21 +0000 2018,22442,21704,332,False,0,,India,3,3,0,0
1077958755461918723,"@RahulGandhi @priyankac19 @rssurjewala Shame on you all. Look at our beloved Prime Minister Modi who is honest to the core and a Karam Yogi. Look at yourself, full of filth and corruption. Have some shame.",Wed Dec 26 16:06:09 +0000 2018,6263,3990,144,False,0,, Delhi ,3,3,0,1
1077883611939069952,RT @EasyPeezyTweet: @DetheEshaSen @CongressDahan I must say I'm impressed. These dolts get slapped everytime they try their luck to defeat…,Wed Dec 26 11:07:33 +0000 2018,2414,96295,2085,False,8,"@DetheEshaSen @CongressDahan I must say I'm impressed. These dolts get slapped everytime they try their luck to defeat Hon PM @narendramodi in polls, and end up getting slapped even harder. @Dhume, Aaj kal kaha Ghume? 😂😂😂",London,0,3,0,0
1077829866446376960,@RahulGandhi Country ki baat hai. @RahulGandhi aap he kuch karo. Aisa tho nahi.. government congress ki hogi tab he aap kuch karoge. As a indian &amp; MP you can also take action.,Wed Dec 26 07:33:59 +0000 2018,314,103,51,False,0,,Pune India,1,2,0,0
1077828189236416513,@INCKarnataka @narendramodi @INCIndia @RahulGandhi @dineshgrao @DrParameshwara @eshwar_khandre @manickamtagore The person who ?ned was not party worker and also Modi did answer he will take care of middle class. How did @INCIndia took care of middle class for 70yrs? We know. We need a nationalist non corrupt non appeaser n he is one which is enough,Wed Dec 26 07:27:20 +0000 2018,24654,7875,137,False,0,,Bengaluru South India,1,9,0,0
1077813629066534912,@vanitajain21 @narendramodi @Ramesh_BJP @nishants79 @MuralikrishnaE1 @RohiniShah73 @D_SHIVAIyer @PMOIndia @AnilJ_Modi19 @ABHISHE17958757 @AB_BJP @Indiansontop @iamnavamohan @CantstopulovinM @VidudalaPrasad @utsavpansari @VandanaJayrajan @SoniaGurnani19 Absolutely @narendramodi,Wed Dec 26 06:29:28 +0000 2018,12527,21928,918,False,5,, India-Canada,9,19,0,0
1077795101324206081,"@INCIndia @RahulGandhi took away everything, we didn't realize. , it's now or never.",Wed Dec 26 05:15:51 +0000 2018,12527,21928,918,False,10,, India-Canada,13,2,0,0
1077766069417168896,RT @SatyshivS: That’s why congress is salivating. Economy is firing on all cylinders. Tax to GDP ratio has improved. Treasury is full. Fisc…,Wed Dec 26 03:20:29 +0000 2018,49231,43168,204,False,4,That’s why congress is salivating. Economy is firing on all cylinders. Tax to GDP ratio has improved. Treasury is full. Fiscal deficit is low. Inflation is down. Now throw some bread crumbs as doles. Grab power. Loot the nation. Pray that Indians can see that.,Unknown,0,1,0,0
1077635854695260160,@the_truepicture These things can be easily understood by literate peraon. Its easy 2 say our Vote is 4 So if each &amp; every karyakarta of BJP work on these points rather than doing any ralley aginst @RahulGandhi then it will be easy task for 2 come 2 deserving place again,Tue Dec 25 18:43:03 +0000 2018,3469,373,130,False,0,,Pune India,2,2,0,0
1077595166024847361,@fouress @nandaji1958 @MK7786 @MrsGandhi @mvmeet @girishalva @GHOSTBUSTOR @LillyMaryPinto @vivekagnihotri @Nish_Man_k @shukla_sameer @ippatel @vibhor_anand @kirt_sh @Shamshanhisach We want lotus not loot us ...@narendramodi ji,Tue Dec 25 16:01:22 +0000 2018,144224,59585,4423,False,0,,Mumbai India,1,16,0,0
1077572900918566913,"Must Watch!! Wing Commander M Sharma says: 1/ To see @narendramodi win in 2019 2/ Declare India as a 3/ is a bogus scam created by CONgress, like they did during Vajpayee regime 4/ Build at the earliest",Tue Dec 25 14:32:54 +0000 2018,16728,414639,56237,False,13,,Unknown,4,1,0,0
1077517273068236800,That’s why congress is salivating. Economy is firing on all cylinders. Tax to GDP ratio has improved. Treasury is full. Fiscal deficit is low. Inflation is down. Now throw some bread crumbs as doles. Grab power. Loot the nation. Pray that Indians can see that.,Tue Dec 25 10:51:51 +0000 2018,633,1427,150,False,4,,भारत,1,0,0,1
1077483964216991744,"Presenting , the longest rail cum bridge in India. While is shortens the gap in , it also widens the gap between &amp; their clutches on",Tue Dec 25 08:39:30 +0000 2018,12527,21928,918,False,12,, India-Canada,11,0,0,0
1077478667310096389,"@DetheEshaSen @CongressDahan I must say I'm impressed. These dolts get slapped everytime they try their luck to defeat Hon PM @narendramodi in polls, and end up getting slapped even harder. @Dhume, Aaj kal kaha Ghume? 😂😂😂",Tue Dec 25 08:18:27 +0000 2018,12527,21928,918,False,8,, India-Canada,6,4,0,0
1077472758135586817,@vanitajain21 @narendramodi @Ramesh_BJP @PMOIndia @AB_BJP @NindaTurtles @imPk_Lucknowi @anisaxen @AnilJ_Modi19 @AApsingekar @ABHISHE17958757 @deanarayan @VandanaJayrajan @VictoryForNamo @InvincibleBabu @CantstopulovinM @SoniaGurnani19 And the opposition said Hon PM @narendramodi @BJP4India ignored the North East? Liars,Tue Dec 25 07:54:58 +0000 2018,12527,21928,918,False,7,, India-Canada,8,19,0,0
1077462532561035266,@narendramodi @RahulGandhi A reply what he gave was most appropriate! The middle class is the one who is the most well behaved and compliant and in the near term a bankrupt government can raise money from the existing tax base. 2nd term will be much different,Tue Dec 25 07:14:20 +0000 2018,7093,8834,759,False,0,,MUMBAI,1,2,0,1
1077461529765789696,"RT @EasyPeezyTweet: But then, there's something which himself won't let happen, won't let Pappu become the PM &amp; cu…",Tue Dec 25 07:10:21 +0000 2018,110314,41060,1557,False,7,"But then, there's something which himself won't let happen, won't let Pappu become the PM &amp; curse . After all, he doesn't hate that much 😂😝",India,2,1,0,0
1077455132374138880,"RT @RamanaSuresh: Why we want again, RamJehtmalni ji explains very well …",Tue Dec 25 06:44:56 +0000 2018,48193,58039,327,False,4,"Why we want again, RamJehtmalni ji explains very well",Gurgaon India,3,1,0,0
1077419700932526081,"Why we want again, RamJehtmalni ji explains very well",Tue Dec 25 04:24:08 +0000 2018,223351,29770,5018,False,4,,Bengaluru ,4,0,0,0
1077416154182774784,The real reason behind @RahulGandhi and @INCIndia Twitter handles getting overactive and working overtime !! 👇👇,Tue Dec 25 04:10:03 +0000 2018,5101,8613,813,False,0,,Unknown,6,2,0,1
1077416003863142401,Even Congress will not agree this Remember Dr APJ ?? Who blocked his 2nd tenure as President ?? tat itself is a clear message for all Indians tat Gandhi family is bigger than any one in this country. Such type of attitude they follow.,Tue Dec 25 04:09:27 +0000 2018,30854,21936,307,False,0,,India,2,0,0,1
1077411294162997249,"But then, there's something which himself won't let happen, won't let Pappu become the PM &amp; curse . After all, he doesn't hate that much 😂😝",Tue Dec 25 03:50:44 +0000 2018,12527,21928,918,False,7,, India-Canada,9,0,0,0
1077402518273970176,"@INCIndia For Congress , democracy means surrendering our power before' Gandhi family.",Tue Dec 25 03:15:52 +0000 2018,30854,21936,307,False,0,,India,2,1,0,0
1077172289320366080,People in and should see to this. To whom they have voted to power. This dual standards of @INCIndia and the clown prince @RahulGandhi is ridiculous.,Mon Dec 24 12:01:01 +0000 2018,3531,1813,28,False,0,,Unknown,6,2,0,1
1077141934005764096,", , and opposed the reduction of tax slabs from 28% to 18% in council meeting. They say that reduction will reduce their tax reduction.",Mon Dec 24 10:00:24 +0000 2018,1773,12194,18853,False,0,,India,7,0,0,1
1077105055579492352,@aamir_khan @iamsrk @Javedakhtarjadu @INCIndia @RahulGandhi @asadowaisi @ImranKhanPTI n u say India is intolerant country! @narendramodi ur the best leader India has ever produced! wo never ever vote for congress,Mon Dec 24 07:33:51 +0000 2018,2004,2609,54,False,0,,Mumbai India,2,8,0,1
1077074025862488064,"those who like the idea of putting should reach out to people around you to convince them Benefits of Great leadership of @narendramodi , I m sure, we don't want our 1.3 billion citizen's country to be represented by @RahulGandhi @amitmalviya",Mon Dec 24 05:30:33 +0000 2018,5,32,6,False,0,,Unknown,3,3,0,0
1077032649997209600,RT @iyashveerraghav: Big news for the people! Govt has reduced GST rates on 33 items from 18% to 12% and 5%. Before Congress starts saying…,Mon Dec 24 02:46:08 +0000 2018,8299,18132,172,False,56,"Big news for the people! Govt has reduced GST rates on 33 items from 18% to 12% and 5%. Before Congress starts saying that this is their win, the people should know that @RahulGandhi had promised only one rate of 18%.",Unknown,0,1,0,0
1076965794402193409,"RT @IntegratedChaos: has been screaming ""Garibi hatao"" ever since came back from Europe &amp; started wearing a sari.…",Sun Dec 23 22:20:29 +0000 2018,6694,5067,215,False,1,"has been screaming ""Garibi hatao"" ever since came back from Europe &amp; started wearing a sari. But is expected to plan, design, implement AND complete the project within 5 years!",United States,2,1,0,0
1076809767639609345,RT @surabhi_sainy: We have two options this elections to choose from… A) Lotus … B) Loot-us Agar majburi ka naam Mahatma Gandhi hai to..…,Sun Dec 23 12:00:29 +0000 2018,1307,104,16,False,2,We have two options this elections to choose from… A) Lotus … B) Loot-us Agar majburi ka naam Mahatma Gandhi hai to.. Majbuti ka naam Narendra Modi hai..!! Modi for vision.. Rahul for division.. Kejriwal for Televisions!! 😀,Unknown,0,1,0,0
1076747268605173762,"Under leadership of Prime Minister Shri @narendramodi Ji, India is about to enter in 5 Trillions 💵💲 club. @AmitShah @DrGPradhan @RenukaJain6 @Ramlal @RakeshSinha01 @MrsGandhi @AsYouNotWish",Sun Dec 23 07:52:08 +0000 2018,3164,4023,860,False,0,,New Delhi India,5,8,0,0
1076706120511610881,RT @pintunakrani: @RahulGandhi Teen be like!!,Sun Dec 23 05:08:38 +0000 2018,2076,539,22,False,1,@RahulGandhi Teen be like!!,Unknown,4,2,0,0
1076662607073792000,"Cc:- @RahulGandhi @INCIndia @ndtv @Nidhi @SharmaKadambini 9k phones, 500 email interceptions every month under UPA govt: RTI Download the TOI app now:",Sun Dec 23 02:15:43 +0000 2018,3770,4391,403,False,0,,Bhiwani,2,5,0,2
1076650061839429634,"RT @Prashanthbmw: 2/2 Think before voting!!! Congress ruled for 60 years, but still India is fighting with Poverty, Illiteracy, unemployme…",Sun Dec 23 01:25:52 +0000 2018,5613,6069,50,False,2,"2/2 Think before voting!!! Congress ruled for 60 years, but still India is fighting with Poverty, Illiteracy, unemployment, scams, homeless, yet to electrified villages!!! 60 years what they did?",भारत,0,1,0,0
1076550088774676481,@TimesNow Shiv Sena shld rename as Pappu Sena. Everyday they r making foolish comparisons even Congress is not doing .,Sat Dec 22 18:48:37 +0000 2018,30854,21936,307,False,0,,India,1,1,0,0
1076541694982656001,RT @SudhirT25518927: Always keep people dependent is sole mantra of Congress. In last 70 we failed to understand and today also bleeding.…,Sat Dec 22 18:15:15 +0000 2018,7171,4210,77,False,9,"Always keep people dependent is sole mantra of Congress. In last 70 we failed to understand and today also bleeding. We Indians prefer shortcut to achieve so called goals. Our one decision to "" Boycott Freebies "" shall change Nation.",Unknown,0,1,0,0
1076541355474718720,We have two options this elections to choose from… A) Lotus … B) Loot-us Agar majburi ka naam Mahatma Gandhi hai to.. Majbuti ka naam Narendra Modi hai..!! Modi for vision.. Rahul for division.. Kejriwal for Televisions!! 😀,Sat Dec 22 18:13:54 +0000 2018,7171,4210,77,False,2,,Unknown,1,0,0,0
1076541200558157826,RT @Mauliik28: We have two options this elections to choose from… A) Lotus … B) Loot-us Agar majburi ka naam Mahatma Gandhi hai to.. Majb…,Sat Dec 22 18:13:18 +0000 2018,7171,4210,77,False,1,We have two options this elections to choose from… A) Lotus … B) Loot-us Agar majburi ka naam Mahatma Gandhi hai to.. Majbuti ka naam Narendra Modi hai..!! Modi for vision.. Rahul for division.. Kejriwal for Televisions!! 😀 😛 .. @narendramodi,Unknown,0,1,0,0
1076525935493562369,@RahulGandhi Teen be like!!,Sat Dec 22 17:12:38 +0000 2018,13669,2307,251,False,1,,Surat India,4,1,0,0
1076523404138827776,We have two options this elections to choose from… A) Lotus … B) Loot-us Agar majburi ka naam Mahatma Gandhi hai to.. Majbuti ka naam Narendra Modi hai..!! Modi for vision.. Rahul for division.. Kejriwal for Televisions!! 😀 😛 .. @narendramodi,Sat Dec 22 17:02:35 +0000 2018,1491,1385,100,False,1,,India,1,1,0,0
1076520323841970176,"2/2 Think before voting!!! Congress ruled for 60 years, but still India is fighting with Poverty, Illiteracy, unemployment, scams, homeless, yet to electrified villages!!! 60 years what they did?",Sat Dec 22 16:50:20 +0000 2018,339,2468,88,False,2,,Bengaluru India,1,0,0,0
1076518180250636288,This is really good one by @astitvam 👍 I support campaign &amp; everyone shoul support those who are concerned about better future of our country! has given decades to Congress but failed to deliver &amp; looted successfully!,Sat Dec 22 16:41:49 +0000 2018,339,2468,88,False,6,,Bengaluru India,4,1,0,0
1076504578798047232,It's of great importance for us to vote @narendramodi ji again as PM in to ensure the development initiated by him garners greater results o/wise wolves in the forms of @INCIndia @RahulGandhi @ArvindKejriwal @akhileshyadav will destroy this nation,Sat Dec 22 15:47:46 +0000 2018,3188,1600,208,False,1,,India,2,5,0,0
1076502671631306752,MHA notification: Manufactured row exposes Rahul Gandhi's immaturity and media's lack of due diligence,Sat Dec 22 15:40:12 +0000 2018,2997,3478,530,False,0,,Unknown,2,0,0,1
1076450822337191938,"@AngshumanBiswa6 @narendrasharrma @i_kalidas @RahulGandhi @singhishika075 Decide, who is stopping u??? U have every right to take a decision, but the point is the decision of the nation will be different... ...",Sat Dec 22 12:14:10 +0000 2018,983,1436,55,False,0,,Bengaluru India,1,5,0,0
1076433513987989504,"Big news for the people! Govt has reduced GST rates on 33 items from 18% to 12% and 5%. Before Congress starts saying that this is their win, the people should know that @RahulGandhi had promised only one rate of 18%.",Sat Dec 22 11:05:23 +0000 2018,8546,10854,24164,False,56,,Gurgaon India,2,1,0,0
1076180867209400320,@realDonaldTrump Wait for 2019 when @RahulGandhi will become PM their will be full budget to help them again 🤗🤗,Fri Dec 21 18:21:27 +0000 2018,4103,699,59,False,0,,Degana India,2,2,0,0
1076088847790792704,"@RahulGandhi 1.25 billion Indians love @narendramodi n want u r just a dynast with no brain, no talent, no love for Indians. All u want is to loot India. We're secured, financially n physically with . So keep barking",Fri Dec 21 12:15:48 +0000 2018,31369,24336,1438,False,0,,Unknown,3,2,0,0
1075994559824318465,"Thank you Rajasthan for reminding people of India about Congress work culture and dark days of congress rule. Commission raj is back in Rajasthan , Bring back Modi in 2019, or else Rest of India will have same",Fri Dec 21 06:01:08 +0000 2018,11787,42727,266,False,0,,Hyd,2,0,0,1
1075777627858694144,@TimesNow @MamataOfficial is biggest threat to democracy but @RahulGandhi and other alikes can't speak against her.,Thu Dec 20 15:39:08 +0000 2018,274,539,8,False,0,,Patna Scotland,2,3,0,0
1075594052668551169,"RT @MuruganQuick: Before you laugh at children who believe in , remember there are adults who still believe in .…",Thu Dec 20 03:29:40 +0000 2018,371,427,18,False,2,"Before you laugh at children who believe in , remember there are adults who still believe in . @BJP4India @NWN2019 @ModiBharosa @BJPKarITCell @BJP4Karnataka @Modiarmy @TigerNaMo",Bengaluru India,2,1,0,0
1075501524296577024,@FutureBack2the @ANI @MirrorNow @fayedsouza @BJP4India @RahulGandhi is no toddler. He has forced the hand of @narendramodi @narendramodi_in to do few things this week that poor was not able to do for past 4.5 years due to a late old man called .,Wed Dec 19 21:21:59 +0000 2018,26964,22339,158,False,0,,Unknown,4,8,0,0
1075464721917272064,"@Being_Humor I have a home loan, an education loan and a car loan. Need some legal advice as How to convert all these loan to ?",Wed Dec 19 18:55:45 +0000 2018,60627,8099,1651,False,16,,New York USA,8,1,0,0
1075427457417834497,RT @GeetSahayNigam: A man who can’t speak for 2 minutes without tuition wants to be India’s Prime Minister.. PM candidate @RahulGandhi not…,Wed Dec 19 16:27:40 +0000 2018,104,234,46,False,2,"A man who can’t speak for 2 minutes without tuition wants to be India’s Prime Minister.. PM candidate @RahulGandhi not able to understand Hindi &amp; his fellow worker telling him what to say, how to say... shame on him",Mumbai Maharashtra,0,2,0,0
1075420450124111874,"Always keep people dependent is sole mantra of Congress. In last 70 we failed to understand and today also bleeding. We Indians prefer shortcut to achieve so called goals. Our one decision to "" Boycott Freebies "" shall change Nation.",Wed Dec 19 15:59:50 +0000 2018,119,906,194,False,9,,Unknown,1,0,0,0
1075360718126383104,RT @Shivangi_1204: Too lost in the world of pleasure to actually understand the significance of his life/post. …,Wed Dec 19 12:02:29 +0000 2018,2072,2963,55,False,2,Too lost in the world of pleasure to actually understand the significance of his life/post.,Unknown,2,1,0,0
1075360187068833792,Too lost in the world of pleasure to actually understand the significance of his life/post.,Wed Dec 19 12:00:22 +0000 2018,811,299,42,False,2,,India,4,0,0,1
1075315456024563712,RT @NeedhiMurasu: FROM …,Wed Dec 19 09:02:37 +0000 2018,1414,2141,188,False,1,FROM,Unknown,9,1,0,0
1075309404029779969,FROM,Wed Dec 19 08:38:34 +0000 2018,1414,2141,188,False,1,,Unknown,19,0,0,0
1075270192437985281,RT @istand4modi: Great commanders of Congress. Salute to Congress for their choice of leaders. …,Wed Dec 19 06:02:46 +0000 2018,8194,5519,128,False,1,Great commanders of Congress. Salute to Congress for their choice of leaders.,online service,2,1,0,0
1075260085251629057,"A man who can’t speak for 2 minutes without tuition wants to be India’s Prime Minister.. PM candidate @RahulGandhi not able to understand Hindi &amp; his fellow worker telling him what to say, how to say... shame on him",Wed Dec 19 05:22:36 +0000 2018,740,512,124,False,2,,New Delhi India,2,1,0,0
1075245216519544832,@yadavakhilesh Basically a Goon party joins hands with the worst party in the history of . Well Done @samajwadiparty @INCIndia @RahulGandhi 👏,Wed Dec 19 04:23:31 +0000 2018,12527,21928,918,False,1,, India-Canada,10,4,0,0
1075244022262771712,"Hon Sir , we know your dedication &amp; honesty towards &amp; Dharma. Humble request to you to win &amp; then worry about everything else. This great Nation will go to dogs if @INCIndia wins again.",Wed Dec 19 04:18:46 +0000 2018,12527,21928,918,False,1,, India-Canada,7,1,0,0
1075174531474501632,PM needs 1 more term 2 weed out this problem-once he gets RS majority he will b unstoppable.Praying 4 his return in &amp; is necessary 4,Tue Dec 18 23:42:38 +0000 2018,50053,36962,372,False,0,,Unknown,10,0,0,1
1075066513508331520,"No knowledge, no substance, no leadership quality, no idea of any policy, no idea of knowing the pulse of nation, no idea of his own. @RahulGandhi",Tue Dec 18 16:33:25 +0000 2018,811,299,42,False,1,,India,8,1,0,1
1075060170189766658,😂😂😂👌 no one can beat him! @RahulGandhi @INCIndia,Tue Dec 18 16:08:12 +0000 2018,33,25,3,False,0,,Hyderabad India,1,2,0,1
1075037581455314945,"Seeing @RahulGandhi like this, is no longer funny, it is pitiable, to see the basic cognitive faculties of a 50 year old man in such a sorry state. PM @narendramodi has to return to shield India from this horror.",Tue Dec 18 14:38:27 +0000 2018,22032,14925,117,False,0,,India,5,2,0,1
1075032395932299264,"Before you laugh at children who believe in , remember there are adults who still believe in . @BJP4India @NWN2019 @ModiBharosa @BJPKarITCell @BJP4Karnataka @Modiarmy @TigerNaMo",Tue Dec 18 14:17:50 +0000 2018,379,234,9,False,2,,India,3,7,0,0
1075027966923403264,"@RahulGandhi , before dreaming of becoming India’s PM, explain your secret British citizenship &amp; Bank account in the name of Raul Vinci",Tue Dec 18 14:00:15 +0000 2018,8889,25700,332,False,0,,Unknown,1,1,0,0
1075027931221643264,5 teachers for one student Our Future prime minister 😂 A man who can’t speak for 2 minutes without tuition wants to be India’s Prime Minister...,Tue Dec 18 14:00:06 +0000 2018,1,95,381,False,5,,India,5,0,0,0
1075024143412805635,Great commanders of Congress. Salute to Congress for their choice of leaders.,Tue Dec 18 13:45:03 +0000 2018,1,95,381,False,1,,India,4,0,0,0
1075013340642959361,RT @Politiconfusion: India's rises to USD 60.97 billion in 2017-18 ! @narendramodi @RahulGandhi @FinMinIndia @arunjaitley @MEAIndia @M…,Tue Dec 18 13:02:07 +0000 2018,8,3010,45,False,4,India's rises to USD 60.97 billion in 2017-18 ! @narendramodi @RahulGandhi @FinMinIndia @arunjaitley @MEAIndia @MahilaCongress @Priyank55389074 @Hamara_Desh @IndiaFirst_only @seblebanon @fDiMagazine @FinancialTimes,Unknown,1,6,0,0
1075009767809019906,India's rises to USD 60.97 billion in 2017-18 ! @narendramodi @RahulGandhi @FinMinIndia @arunjaitley @mishra_kasturi @manasmitak @smita_mishra @SajjanSharmabjp @AprajitaSarangi @pinkyp_actor,Tue Dec 18 12:47:56 +0000 2018,24,324,205,False,0,,New Delhi India,4,10,0,0
1075006193930625024,India's rises to USD 60.97 billion in 2017-18 ! @narendramodi @RahulGandhi @FinMinIndia @arunjaitley @MEAIndia @MahilaCongress @Priyank55389074 @Hamara_Desh @IndiaFirst_only @seblebanon @fDiMagazine @FinancialTimes,Tue Dec 18 12:33:43 +0000 2018,10,1839,100,False,4,,Unknown,4,11,0,0
1074962839402496000,This thread is for those who are curious about what has done in the past 4 years!,Tue Dec 18 09:41:27 +0000 2018,5,831,11,False,0,,Unknown,4,0,0,1
1074925874984570880,Average yearly inflation figures under Sonia-Manmohan: 2006: 5.8% 2007: 6.4% 2008: 8.3% 2009: 10.8% 2010: 12.1% 2011: 8.9% 2012: 9.3% 2013: 10.9% Under 2014: 6.3% 2015: 5.9% 2016: 4.9% 2017: 2.5% 2018: 3.7%,Tue Dec 18 07:14:34 +0000 2018,5,831,11,False,0,,Unknown,6,0,0,0
1074874230397919232,RT @ModiforPMOrg: If @RahulGandhi Can... You Surely Can !!!,Tue Dec 18 03:49:21 +0000 2018,361,23971,764,False,3,If @RahulGandhi Can... You Surely Can !!!,Capital of Bharat ,3,2,0,0
1074784011296288768,"CONgis &amp; jokers think that 2019 will be very difficult for @BJP4India , but, will do this👇👇!! @narendramodi @rishibagree @surnell @TajinderBagga @MaheishGirri @nanditathhakur @MrsGandhi @amitmalviya @rammadhavbjp @mvmeet",Mon Dec 17 21:50:51 +0000 2018,130,3727,1122,False,3,,Unknown,4,11,0,0
1074725344119263233,@INCMumbai @RahulGandhi @INCIndia 2lac ka lollipop deykar crores of Rupees anadar karney ka acha plan hai.. You should have mention condition in rally also..,Mon Dec 17 17:57:44 +0000 2018,9,12,1,False,0,,Unknown,4,3,0,0
1074686318901248005,@mkstalin @RahulGandhi scared of Modi that he will you put your family in jail for looting Tamil Nadu for decades...well we the people of India will put Modi again in 2019 to put you all looters in jail! Bharat Mata Ki Jai. Jai Shri Ram!,Mon Dec 17 15:22:39 +0000 2018,45150,40116,1085,False,0,,Chennai Bharat,1,2,0,0
1074662487151267841,"Well, that's what @INCIndia is good at. FAKE ALERT: Congress wrongly accuses PM Modi of making Raghuram Rajan resign Download the TOI app now:",Mon Dec 17 13:47:57 +0000 2018,377,2520,88,False,0,,Unknown,4,1,0,2
1074622831772585985,"RT @VidyadharNayak7: India is be always safe &amp; secure only under @narendramodi ji will always don't even care about civilians, t…",Mon Dec 17 11:10:23 +0000 2018,15447,42633,466,False,6,"India is be always safe &amp; secure only under @narendramodi ji will always don't even care about civilians, they make more &amp; more assets to their families Let us spread the facts!!!",Chennai,1,2,0,0
1074615570732072960,Part -2 @RahulGandhi @anjanaomkashyap @yadavakhilesh @rahulkanwal @sardesairajdeep @sardanarohit @myogiadityanath @SwetaSinghAT @TajinderBagga @AmitShah @manakgupta @MamataOfficial @ArvindKejriwal,Mon Dec 17 10:41:32 +0000 2018,7657,2246,83,False,0,,Unknown,1,13,0,0
1074597877823954947,"India is be always safe &amp; secure only under @narendramodi ji will always don't even care about civilians, they make more &amp; more assets to their families Let us spread the facts!!!",Mon Dec 17 09:31:13 +0000 2018,1687,2193,40,False,6,,Bengaluru India,4,1,0,1
1075046690745409537,@IndiaToday @JM_Scindia @RahulGandhi As PM will Happen only After 2024. But @narendramodi Still have few Trump Cards to Win 2019 like B4 Elections if India Gets &amp; of @nitin_gadkari,Tue Dec 18 15:14:39 +0000 2018,9003,9939,79,False,0,,Kerala India,4,5,0,0
1074615923548479488,"RT @apnnewsindia: DMK president MK Stalin backs Rahul Gandhi as PM candidate in general elections, says president capable of defe…",Mon Dec 17 10:42:56 +0000 2018,80914,77331,91,False,1,"DMK president MK Stalin backs Rahul Gandhi as PM candidate in general elections, says president capable of defeating fascist govt. | |",New Delhi Delhi,1,1,0,0
1077907472827011073,No module in possible without active support of Immediate aim is return to power by Congress in The link must be exposed.,Wed Dec 26 12:42:22 +0000 2018,59290,75781,688,False,1,,India,8,0,0,0
1077825097354936321,"further said that the drama of dynastic politics staged by the and their "" "" movement is eyewash.",Wed Dec 26 07:15:02 +0000 2018,673,13606,1811,False,0,,Unknown,8,0,0,1
1077721405989388289,"RT @arvindgunasekar: Cvoter survey projects DMK + Congress alliance to sweep TN in , ADMK to reduce to 0 from 37 seats…",Wed Dec 26 00:23:00 +0000 2018,3781,1338,18,False,245,"Cvoter survey projects DMK + Congress alliance to sweep TN in , ADMK to reduce to 0 from 37 seats while NDA too to lose their two seats",Unknown,1,1,0,0
1077319566672388096,It's been a while waiting on the wings not flipping much but now come each of those slowly moving moments are going to be worth their while. starts here!,Mon Dec 24 21:46:14 +0000 2018,10,327,91,False,0,,Anand India,3,0,0,0
1077264482018062336,RT @TheDevilCharm: Do we still want to bring @INCIndia to power and make @RahulGandhi the next PM ‘Jailed for 9 yr…,Mon Dec 24 18:07:21 +0000 2018,62136,47167,448,False,1,"Do we still want to bring @INCIndia to power and make @RahulGandhi the next PM ‘Jailed for 9 yrs in false case, but I didn’t give up’ - The Tribune India via @GoogleNews", Aurangabad Maharashtra India,1,3,0,0
1077258118072098816,RT @vivekkaushik04: Who is the most hardworking @BJP4India spokesperson ? …,Mon Dec 24 17:42:04 +0000 2018,7651,6839,810,False,1,Who is the most hardworking @BJP4India spokesperson ? @abhisar_sharma @msisodia,Bengaluru Kochi Dubai,4,2,0,0
1077205213520379905,"Cvoter survey projects DMK + Congress alliance to sweep TN in , ADMK to reduce to 0 from 37 seats while NDA too to lose their two seats",Mon Dec 24 14:11:51 +0000 2018,4932,22064,27024,False,245,,New Delhi,1,0,0,0
1077200547445321728,"ABP survey for : If BSP+SP alliance materialises, NDA projected to get just 28 while BSP+SP to get 50 and Congress 2 seats. If no alliance, then NDA projected to get 72 seats while SP to get 4, BSP and Congress 2 each.",Mon Dec 24 13:53:18 +0000 2018,4932,22064,27024,False,87,,New Delhi,1,0,0,0
1075280838764478465,"RT @gis_research: SP+ BSP would like to contest elections without Congress. It's not Akhilesh Yadav, it's Mayawati who does not alliance w…",Wed Dec 19 06:45:04 +0000 2018,3053,65789,3736,False,2,"SP+ BSP would like to contest elections without Congress. It's not Akhilesh Yadav, it's Mayawati who does not alliance with Congress.",Vadodara -Nadiad -Anand ,0,1,0,0
1075264002349981696,"SP+ BSP would like to contest elections without Congress. It's not Akhilesh Yadav, it's Mayawati who does not alliance with Congress.",Wed Dec 19 05:38:10 +0000 2018,367,7522,2485,False,2,,Always on the move,1,0,0,0
1074954269407760384,"Do we still want to bring @INCIndia to power and make @RahulGandhi the next PM ‘Jailed for 9 yrs in false case, but I didn’t give up’ - The Tribune India via @GoogleNews",Tue Dec 18 09:07:24 +0000 2018,0,2,0,False,1,,Unknown,1,3,0,1
1075508871056248832,Great !!!,Wed Dec 19 21:51:11 +0000 2018,7150,12360,407,False,0,,Fujairah United Arab Emirates,2,0,0,1
1077174988992479232,"RT @ndtv: | Firecrackers, sweets and dhol - Congress workers celebrate across the country Catch a…",Mon Dec 24 12:11:44 +0000 2018,41,77,19,False,11,"| Firecrackers, sweets and dhol - Congress workers celebrate across the country Catch all the action here: Follow LIVE updates:",India,2,1,0,0
1077053527829053440,"RT @ndtv: ""My actions should speak for myself,"" says Congress leader @JM_Scindia to NDTV …",Mon Dec 24 04:09:06 +0000 2018,4311,147156,456,False,85,"""My actions should speak for myself,"" says Congress leader @JM_Scindia to NDTV",Rajnandgaon India,2,2,0,0
1074847964512874496,"RT @ndtv: Madhya Pradesh Chief Minister, announces Congress on Twitter Read here: Track LIVE updates: h…",Tue Dec 18 02:04:59 +0000 2018,5003,31014,274,False,47,"Madhya Pradesh Chief Minister, announces Congress on Twitter Read here: Track LIVE updates:",Betul India,1,1,0,1
1074723861516693504,RT @ndtv: @Bhupesh_Baghel Chhattisgarh Chief Minister Bhupesh Baghel: Rahul Gandhi announced that farm loans will be waived within 10 days…,Mon Dec 17 17:51:50 +0000 2018,16848,2233,25,False,4,@Bhupesh_Baghel Chhattisgarh Chief Minister Bhupesh Baghel: Rahul Gandhi announced that farm loans will be waived within 10 days (ANI) Track updates here:,Unknown,0,1,0,0
1074710316326387716,@Bhupesh_Baghel Chhattisgarh Chief Minister Bhupesh Baghel: Rahul Gandhi announced that farm loans will be waived within 10 days (ANI) Track updates here:,Mon Dec 17 16:58:01 +0000 2018,0,556285,11066434,False,4,,India,2,0,0,1
1074650650846228481,@Bhupesh_Baghel Bhupesh Baghel takes oath as the next Chief Minister of Mr Baghel took charge of the state Congress in 2014 Track updates here: (Photos: ANI),Mon Dec 17 13:00:55 +0000 2018,0,556285,11066434,False,6,,India,3,0,0,1
