id_str,full_text,created_at,favourites_count,statuses_count,followers_count,retweeted,retweet_count,retweeted_text,location,hashtags,user_mentions,symbols,urls
1080660062387855360,RT @Marathi_Rash: Now SS is challenging AS.. Late night TF,Thu Jan 03 03:00:11 +0000 2019,9410,884,78,False,1,Now SS is challenging AS.. Late night TF,Unknown,1,1,0,1
1080534319330820096,Now SS is challenging AS.. Late night TF,Wed Jan 02 18:40:31 +0000 2019,7635,40186,23991,False,1,,Mumbai,1,0,0,1
1080660062387855360,RT @Marathi_Rash: Now SS is challenging AS.. Late night TF,Thu Jan 03 03:00:11 +0000 2019,9410,884,78,False,1,Now SS is challenging AS.. Late night TF,Unknown,1,1,0,1
1080534319330820096,Now SS is challenging AS.. Late night TF,Wed Jan 02 18:40:31 +0000 2019,7635,40186,23991,False,1,,Mumbai,1,0,0,1
1083139544793468929,"RT @daily_pol1: Between these two parties, which party do you think is the most corrupt? …",Wed Jan 09 23:12:45 +0000 2019,30023,1797,2440,False,2,"Between these two parties, which party do you think is the most corrupt?",India,4,1,0,0
1083050135683252224,TMC says party MP who joined BJP already 'expelled' @AITCofficial @BJP4India @BJPBengal,Wed Jan 09 17:17:29 +0000 2019,2012,155578,2510,False,0,,Hyderabad,4,3,0,1
1083041604762566659,"RT @BengalNewz: Congress MP from , joined @BJP4India on Wednesday. ""There are many from …",Wed Jan 09 16:43:35 +0000 2019,9482,17352,2104,False,1,"Congress MP from , joined @BJP4India on Wednesday. ""There are many from who want to join "", he said. Earlier in November 2017, , who was once number two in had joined @BJP4Bengal. | RT@WestBengal_BN",Kolkata and New Delhi,4,2,0,0
1083022003056062464,Row: Leaders Tender Resignation As State Ministers to CM,Wed Jan 09 15:25:41 +0000 2019,45,37966,22054,False,0,,Mumbai India,10,0,0,1
1082976345309749249,"Chief Meets And , &amp; Chiefs in to Discuss Financial Crisis",Wed Jan 09 12:24:16 +0000 2019,45,37966,22054,False,0,,Mumbai India,10,0,0,1
1082970016771760129,"Congress MP from , joined @BJP4India on Wednesday. ""There are many from who want to join "", he said. Earlier in November 2017, , who was once number two in had joined @BJP4Bengal. | RT@WestBengal_BN",Wed Jan 09 11:59:07 +0000 2019,13283,47482,4675,False,1,,Kolkata🇮🇳 and Dhaka🇧🇩,8,3,0,0
1082964577904582657,Congress Kisan Ke Saath Dhoka Kar Rahi Hai. Kisan should realise why even after 60 years of Congress Raj there is poor state of Farming in India. @BJP4India,Wed Jan 09 11:37:30 +0000 2019,3326,3975,119,False,0,,Unknown,4,1,0,0
1082959588373057536,"In a setback to ahead of the polls, (TMC) on Wednesday joined the (BJP).",Wed Jan 09 11:17:40 +0000 2019,155,38198,1964,False,0,,Bhubaneshwar India,7,0,0,1
1082955145359515649,"joins | India News, The Indian Express @MamataOfficial @AITCofficial @derekobrienmp",Wed Jan 09 11:00:01 +0000 2019,76597,39844,4065,False,0,,Hyderabad India,5,3,0,0
1082915141849497600,E-Paper For a detailed Version. Please log on to िला ुनावआयोग ाजस्थान ्पर्क ुर,Wed Jan 09 08:21:04 +0000 2019,3,418,18,False,0,,India,21,0,0,1
1082895022343798785,The way @INCIndia debated on yesterday in is shameful. It's time for today to face the challenge in &amp; stop it else along with @BJP4India which is playing...,Wed Jan 09 07:01:07 +0000 2019,4763,12136,1042,False,0,,Mumbai India,4,2,0,1
1082893878846414848,The way @INCIndia debated on yesterday in is shameful. It's time for today to face the challenge in &amp; stop it else along with @BJP4India which is playing vote bank card on communal line Congress will also face heat.,Wed Jan 09 06:56:34 +0000 2019,4763,12136,1042,False,0,,Mumbai India,4,2,0,0
1082891382967001088,@ANI Yesterday @INCIndia Congress Surrendered in coz numbers were not in their favour. But here in they will delay it so that it gets stuck. Showing True Colors. I wonder how they will portray in front of people. BJP Played Win Win Game infront of Upper caste,Wed Jan 09 06:46:39 +0000 2019,218,7570,111,False,1,,India,2,2,0,0
1082749640200601600,"Between these two parties, which party do you think is the most corrupt?",Tue Jan 08 21:23:25 +0000 2019,30027,1797,2440,False,2,,India,16,0,0,0
1082722004258697216,RT @manishBJPUP: Modi govt has been passed in When we mean “Women Empowerment” we prove it. &amp; for Congress who…,Tue Jan 08 19:33:36 +0000 2019,1019,966,32,False,30,Modi govt has been passed in When we mean “Women Empowerment” we prove it. &amp; for Congress who opposed the bill please note that 20 Islamic country has banned &amp; India being “Secular” country should protect the interest of every individual.,लखनऊ भारत,2,1,0,0
1082705370181718016,"Upper Cast 10% Quota Bill Passed in ; PM , And React",Tue Jan 08 18:27:30 +0000 2019,45,37967,22054,False,0,,Mumbai India,9,0,0,1
1082702375133925377,"124th amendment in the constitution, it's no more Ambedkar's constitution. The constitution has become a mere tool for BJP and Congress to play politics. are being cheated and they need to speak up.",Tue Jan 08 18:15:36 +0000 2019,22,36,17,False,38,,New Delhi India,3,0,0,0
1082682644910034946,": for upper gets approval of ; Narendra , President Gandhi, leader Lal Krishna were present in the during the .",Tue Jan 08 16:57:12 +0000 2019,72,175,0,False,1,,Unknown,12,0,0,1
1082682308878987269,"When you have 62.5% reservation, don't call it a reservation please ाओ_देश_बचाओ",Tue Jan 08 16:55:52 +0000 2019,95,113,19,False,3,,Bengaluru India,15,0,0,0
1082675086392520705,Quota bill in haste after poll losses: Congress @KV_Thomas @INCIndia @BJP4India,Tue Jan 08 16:27:10 +0000 2019,2012,155578,2510,False,0,,Hyderabad,4,3,0,1
1082623799898591233,"Lok Sabha today passed the contentious Citizenship (Amendment) Bill 2019, that seeks to to provide Indian citizenship to non-Muslims from Bangladesh, Pakistan and Afghanistan. Read more at:",Tue Jan 08 13:03:22 +0000 2019,1777,2262,5892,False,1,,Dimapur,6,0,0,1
1082564408549621761,E-Paper For a detailed Version. Please log on to िला ुनावआयोग ाजस्थान ्पर्क ुर,Tue Jan 08 09:07:22 +0000 2019,3,418,18,False,0,,India,21,0,0,1
1082516339531476992,"When you choose NOTA in election you directly help Congress, Mayawati, Akhilesh, Lalu, AAP because Muslims rarely choose NOTA and thus BJP loose directly. It is to be observed and to inform all Hindus",Tue Jan 08 05:56:22 +0000 2019,776,1205,218,False,0,,Indirapuram Ghaziabad,5,0,0,0
1082497548344950784,@RahulGandhi Hello today Not Oky 🍭🤣😜🙏🍭🙏,Tue Jan 08 04:41:42 +0000 2019,6762,8121,1461,False,0,,India,9,1,0,0
1082482673862377472,Hello Today Passed?? All present in @INCGujarat @BJP4Gujarat @BJP4India @INCIndia @nitin_gadkari @RahulGandhi @AmitShah 👇💪🙏👇,Tue Jan 08 03:42:35 +0000 2019,6762,8121,1461,False,0,,India,12,7,0,0
1082432877134925824,▪ The Accidental Prime Minister ▪ Narendra Modi's Biopic ▪ Interview given to ANI ▪ Reservation for EB Upper Caste ❇❇ It is all about the timing.,Tue Jan 08 00:24:43 +0000 2019,927,1430,95,False,0,,City Of Joy Kolkata,10,0,0,0
1082275105076473857,Mamata Banerjee As PM Is Not An Isolated Comment By BJP: Somen Mitra,Mon Jan 07 13:57:47 +0000 2019,129,268229,5247,False,0,,Kolkata West Bengal,4,0,0,1
1082234413503590401,Nirmala Sitharaman responds on HAL contracts,Mon Jan 07 11:16:05 +0000 2019,3454,1504,40,False,0,,Unknown,14,0,0,1
1082222883143856129,": Parliament looks set for yet another stormy session on Monday, with the (BJP) and having issued three-line whips for party parliamentarians to be present in the today.",Mon Jan 07 10:30:16 +0000 2019,203,13762,1194,False,0,,United States,4,0,0,1
1082181309647196161,": Parliament looks set for yet another stormy session on Monday, with the (BJP) and having issued three-line whips for party parliamentarians to be present in the today.",Mon Jan 07 07:45:04 +0000 2019,697,13808,1814,False,0,,Unknown,4,0,0,1
1082150912091553792,E-Paper For a detailed Version. Please log on to िला ुनावआयोग ाजस्थान ्पर्क ुर,Mon Jan 07 05:44:17 +0000 2019,3,418,18,False,0,,India,21,0,0,1
1082145745501732864,"RT @GoNews24x7: Chamber Of Chaos | Amid a dogfight in over between &amp; , &amp; MPs continued to pr…",Mon Jan 07 05:23:45 +0000 2019,10465,10687,18,False,5,"Chamber Of Chaos | Amid a dogfight in over between &amp; , &amp; MPs continued to protest against suspension by Speaker. @iankushchoubey reports. For More:",Unknown,6,1,0,0
1082139806371663873,- Parliament pandemonium : The 16th Lok Sabha will be dissolved in a couple of months.,Mon Jan 07 05:00:09 +0000 2019,6,44754,16565,False,0,,Unknown,5,0,0,2
1082139013090328577,In Congress's Mallikarjun Khadge has given notice under rule 193 on demanding a joint parliamentary committee (). @MallikarjunINC @INCIndia @RahulGandhi @BJP4India @PMOIndia,Mon Jan 07 04:57:00 +0000 2019,1911,1760,6366,False,0,,New Delhi India,5,5,0,0
1081968409443631104,: and have simultaneously mandated its respective MPs to be present in tomorrow.,Sun Jan 06 17:39:05 +0000 2019,50,48686,7502,False,0,,BENGALURU,4,0,0,0
1081921737489633282,"Expect showdown in Parliament tomorrow as Rahul Gandhi, Nirmala Sitharaman exchange Twitter barbs over Hindustan Aeronautics Limited(HAL) order , Indian National Congress Bharatiya Janata Party (BJP) ,",Sun Jan 06 14:33:38 +0000 2019,7,166549,2189,False,0,,India,4,0,0,1
1081907932923654144,Hits Back at ; Demands Apology From President For 'Misleading The Nation' on,Sun Jan 06 13:38:46 +0000 2019,45,37967,22054,False,0,,Mumbai India,7,0,0,1
1081898890729709568,"Expect showdown in tomorrow as , exchange Twitter barbs over order",Sun Jan 06 13:02:50 +0000 2019,7,166549,2189,False,0,,India,10,0,0,1
1081890497851871232,Smriti flays Rahul for his ‘winks’ in Lok Sabha during Rafale debate,Sun Jan 06 12:29:29 +0000 2019,59,48214,703,False,0,,Unknown,14,0,0,1
1081830769855614976,President Barrister @asadowaisi On In () Why after 68 yrs of independence Muslims cannot buy or lease house in metropolitan city? Why is it if oppose bjp called Anti National if oppose congress called Anti secular @AimimFansClub @warispathan,Sun Jan 06 08:32:09 +0000 2019,17182,14535,6203,False,27,,Hyderabad TG India ,4,3,0,0
1081800947280490497,E-Paper For a detailed Version. Please log on to िला ुनावआयोग ाजस्थान ्पर्क ुर,Sun Jan 06 06:33:39 +0000 2019,3,418,18,False,0,,India,21,0,0,1
1081643853927538688,@RahulGandhi BJP party is asking questions from many years but didn't even answer one. BJP will make India developed and if Congress will come then India's condition will be like Congo. Congress is a shame for India and BJP proud.,Sat Jan 05 20:09:25 +0000 2019,43,34,1,False,0,,Indore India,5,1,0,0
1081572440868761600,All the best @prakashraaj sir for your political debut. central seat is held by @PCMohanMP since 2008 but holds 5 out of the 8 seats falling under this constituency so it will be advantage if @INCIndia and backs him,Sat Jan 05 15:25:39 +0000 2019,2544,1032,105,False,2,,Chennai India,7,3,0,1
1081568549733392384,"Weekend special: ""Writing a book is an easy task but..."": Sumitra Mahajan ... &amp; more @",Sat Jan 05 15:10:11 +0000 2019,72,175,0,False,1,,Unknown,12,0,0,1
1081548032942866433,@RahulGandhi @narendramodi @BJP4India @INCIndia again in . ​:,Sat Jan 05 13:48:39 +0000 2019,354,139073,1595,False,0,,India,12,4,0,1
1081510111749713920,RT @Iamshuklavikas: Congress desperately embroiled BJP in Rafale. And RaGa has taken gaurd just to confuse BJP with his twist and turn fact…,Sat Jan 05 11:17:58 +0000 2019,289,141,5,False,1,"Congress desperately embroiled BJP in Rafale. And RaGa has taken gaurd just to confuse BJP with his twist and turn facts. Although BJP is confused at this moment whether to defend or attack. Parliament having massive uproar ,major bill are at stake.",Unknown,0,1,0,0
1081465591456849925,"@BJP4India A house with Living room, Kitchen, Toilets, Stairs and a Terrace that makes its called घर Second one is a concrete 4 wall by Congress its called झोपड़ी",Sat Jan 05 08:21:04 +0000 2019,856,624,11,False,1,,Gurugram,3,1,0,0
1081464622001999872,E-Paper For a detailed Version. Please log on to िला ुनावआयोग ाजस्थान ्पर्क ुर,Sat Jan 05 08:17:13 +0000 2019,3,418,18,False,0,,India,21,0,0,1
1081459061579640832,"It was a powerful speech given by In , , but it really looks like saheb is saas &amp; is bahu of the house, and a full fledge drama of blame game is going on 😂 @sardesairajdeep @prakashraaj @ndtv",Sat Jan 05 07:55:07 +0000 2019,2582,644,33,False,0,,Uttarakhand India,8,3,0,0
1081453864996360192,"If Congress comes to power at the center in 2019, will they ban RSS .",Sat Jan 05 07:34:28 +0000 2019,2604,1171,20,False,0,,Unknown,9,0,0,0
1081450106744823810,"Utterly Shameful ! - If this be the respect for and it's institutions of .. then ""God Save India"". -- ‘winks’ again in , faces BJP ire ...",Sat Jan 05 07:19:32 +0000 2019,23951,140781,8363,False,0,,Unknown,4,0,0,1
1081258002731036672,BJP MP Anurag Thakur calls Rahul “a confused &amp; corrupt” leader,Fri Jan 04 18:36:11 +0000 2019,59,48215,703,False,0,,Unknown,13,0,0,1
1081219458134241280,"Congress desperately embroiled BJP in Rafale. And RaGa has taken gaurd just to confuse BJP with his twist and turn facts. Although BJP is confused at this moment whether to defend or attack. Parliament having massive uproar ,major bill are at stake.",Fri Jan 04 16:03:01 +0000 2019,11608,348,62,False,1,,Unknown,3,0,0,0
1081210853490417665,On - Whoever want to do Alliance they will do.. The slogan of “Akele Chalo” will remain the same.,Fri Jan 04 15:28:50 +0000 2019,934,134161,49398,False,0,,INDIA,7,0,0,0
1081160916555550720,"Chamber Of Chaos | Amid a dogfight in over between &amp; , &amp; MPs continued to protest against suspension by Speaker. @iankushchoubey reports. For More:",Fri Jan 04 12:10:24 +0000 2019,1822,18238,5903,False,5,,National Capital Region,7,1,0,1
1081156575795007490,Rafale Debate: Nirmala Sitharaman takes jibe at Congress @nsitharaman @DefenceMinIndia @BJP4India @BJP4Delhi @narendramodi @INCIndia @RahulGandhi @rajnathsingh @AamAadmiParty,Fri Jan 04 11:53:09 +0000 2019,2012,155579,2510,False,0,,Hyderabad,4,9,0,1
1081152826313752576,RT @drrishibjpwb: Congress is shedding crocodile tears for HAL. Congress govt gave 53 waivers to HAL. We have given contracts worth Rs 1…,Fri Jan 04 11:38:15 +0000 2019,15756,21345,565,False,1,Congress is shedding crocodile tears for HAL. Congress govt gave 53 waivers to HAL. We have given contracts worth Rs 1 lakh crore: Defense Minister Smt @nsitharaman,West Bengal India,0,1,0,0
1081148858569318401,Rafale Debate: Nirmala Sitharaman takes jibe at Congress @S_MahajanLS @nsitharaman @DefenceMinIndia @BJP4India @INCIndia @narendramodi,Fri Jan 04 11:22:29 +0000 2019,2012,155579,2510,False,0,,Hyderabad,4,6,0,1
1081132596824887296,"Nirmala Sitharaman Slams Rahul Gandhi in Lok Sabha Over Rafale Deal, Says ‘Congress is Shedding Crocodile Tears For HAL’ @nsitharaman @RahulGandhi @INCIndia @BJP4India",Fri Jan 04 10:17:52 +0000 2019,45,37967,22054,False,0,,Mumbai India,6,4,0,1
1081118165696884736,Defense Minister addresses the on . Watch live @,Fri Jan 04 09:20:31 +0000 2019,1,1589,240,False,0,,Hyderabad India,7,0,0,1
1081118048612798464,"The dust between and remained unsettled even today, as the continued to discuss the .",Fri Jan 04 09:20:03 +0000 2019,334,514399,1987835,False,0,,Mumbai India,4,0,0,1
1081117834430820352,"Nirmala Sitharaman Tears Into Congress in Lok Sabha Over Rafale Deal, Says 'UPA Didn't Intend to Buy Aircraft, NDA Negotiated in 14 Months' @BJP4India @INCIndia @RahulGandhi @nsitharaman",Fri Jan 04 09:19:12 +0000 2019,45,37967,22054,False,1,,Mumbai India,3,4,0,1
1081112037311148035,RM in discussion says Congress-I does defence 'deals' and the BJP deals with defence needs on a priority. Fact!,Fri Jan 04 08:56:10 +0000 2019,10310,46945,1189,False,0,,Unknown,2,0,0,0
1081103752403140608,"BJP MP Sri. Nishikant Dubey is making a brilliant intervention in the - discussion. Calling out the bluff, the long list of inconsistencies in the Congress-I argument.",Fri Jan 04 08:23:15 +0000 2019,10310,46945,1189,False,0,,Unknown,2,0,0,0
1080827264038666242,@narendramodi Vote for @BJP4Gujarat @INCGujarat 👇👍✌️✌️💪🙏,Thu Jan 03 14:04:35 +0000 2019,6762,8121,1461,False,0,,India,8,3,0,1
1080803921709301760,"3 months for ,every where fights over religious sentiments began . This country will never change in term of dirty By the way 9 years old raped and murdered in @sardesairajdeep",Thu Jan 03 12:31:49 +0000 2019,3045,244,1128,False,0,,Hyderabad India,10,1,0,0
1080775174939496449,Do You Need Modi Once More ? @BJP4India @BJP4Karnataka @INCIndia @INCKarnataka @janathadals,Thu Jan 03 10:37:36 +0000 2019,9,5772,153,False,0,,Bengaluru India,7,5,0,0
1080764629674934273,"RT @abpnewstv: : After Congress, Shiv Sena pounces on BJP over JPC for Rafale",Thu Jan 03 09:55:42 +0000 2019,49,7888,81,False,20,": After Congress, Shiv Sena pounces on BJP over JPC for Rafale",jhansi (up),2,1,0,1
1080756187753336833,"""The understanding between Congress &amp; BJP is the reason for our MPs suspension"", Dy Speaker Thambidurai. ""It's a match fixing"", he added @News18TamilNadu",Thu Jan 03 09:22:09 +0000 2019,9631,4578,1589,False,0,,New Delhi,1,1,0,0
1080745597806604289,E-Paper For a detailed Version. Please log on to िला ुनावआयोग ाजस्थान ्पर्क ुर,Thu Jan 03 08:40:04 +0000 2019,3,418,18,False,0,,India,21,0,0,1
1080693801751072768,Speaker scolded the MPs for “childish behaviour”,Thu Jan 03 05:14:15 +0000 2019,106,283608,496202,False,0,,New Delhi India,7,0,0,1
1080632254110396417,unsure about of 2019 Sabha ?,Thu Jan 03 01:09:41 +0000 2019,3076,14128,5090,False,0,,Muzaffarpur Bihar,10,0,0,1
1080549978328584192,"Govt open to suggestions on triple talaq bill, says Prasad",Wed Jan 02 19:42:45 +0000 2019,59,48215,703,False,0,,Unknown,11,0,0,1
1080521288383254528,"Rahul gandhi - in all these media and bjp and congress twitter drama, the common man will have the last laugh as usual in 4 months. Knock it off and go to sleep.",Wed Jan 02 17:48:44 +0000 2019,7,45,1,False,0,,Unknown,3,0,0,0
1080460224199159808,@arunjaitley was at his brilliant best in debate today. Nobody has ability to debate &amp; defeat opposition in argument like him. He destroyed the antics &amp; political stunts of @RahulGandhi.🙌 @BJP4India,Wed Jan 02 13:46:06 +0000 2019,29419,644,1668,False,5,,Gujarat India,8,3,0,0
1080454113727602688,Today is like general candidate who needs 272 seats in and 123 in to win and is like a /ST only 30 seats required to take India back to Mugal era.,Wed Jan 02 13:21:49 +0000 2019,3139,2606,50,False,0,,Bharat,8,0,0,0
1080440956355297280,"@PMOIndia @narendramodi @BJP4India @AmitShah @INCIndia @narendramodi seems, enjoys being kicked.! | : After Congress, pounces on BJP over JPC ⏬ Thackeray said ""Why should I join hands in name of Hindutva with one facing many Corruption allegations, be it or ⏬",Wed Jan 02 12:29:32 +0000 2019,886,137163,679,False,0,,Gwalior India,4,6,0,1
1080440795478380544,": After Congress, Shiv Sena pounces on BJP over JPC for Rafale",Wed Jan 02 12:28:53 +0000 2019,3030,127413,715,False,0,,Rajasthan,2,0,0,1
1080435607615135744,": After Congress, Shiv Sena pounces on BJP over JPC for Rafale",Wed Jan 02 12:08:17 +0000 2019,3,186306,8039240,False,20,,India,2,0,0,1
1080422169367109632,RT @ioktimes: @INCIndia @BJP4India @RahulGandhi Drama in Lok Sabha as Rahul threatens BJP to Play tap…,Wed Jan 02 11:14:53 +0000 2019,228,311,101,False,1,@INCIndia @BJP4India @RahulGandhi Drama in Lok Sabha as Rahul threatens BJP to Play tape,Kulgam Jammu And Kashmir,4,4,0,0
1080418178721734657,@INCIndia @BJP4India @RahulGandhi Drama in Lok Sabha as Rahul threatens BJP to Play tape,Wed Jan 02 10:59:01 +0000 2019,228,311,101,False,1,,Kulgam Jammu And Kashmir,4,3,0,1
1080414412710789120,"Gurjeet Singh Aujla, MP: We threw the paper planes as the discussion was on , so talk about Rafale, but they were talking about Bofors, and . We want a JPC on this issue. @arunjaitley @INCIndia @BJP4India",Wed Jan 02 10:44:03 +0000 2019,1911,1760,6366,False,0,,New Delhi India,5,3,0,0
1080403878250795008,Arun Jaitley Counters Rahul Gandhi on Rafale Deal in Lok Sabha as Congress MPs Throw Paper Planes at Him @arunjaitley @RahulGandhi @INCIndia @BJP4India @narendramodi,Wed Jan 02 10:02:12 +0000 2019,45,37967,22054,False,1,,Mumbai India,4,5,0,1
1080391183531237376,"Why doesn't take responsibility, for a change though, and authenticate statements being made by him in ? Why is he scared? @INCIndia @RahulGandhi @thevaibhavag @drnigam15 @bhupendrachaube @BJP4India Party",Wed Jan 02 09:11:45 +0000 2019,219,6704,102,False,0,,Mumbai,5,6,0,0
1080390640351887360,Today for on discussion with . All India congress party President Mr. @RahulGandhi speech was very nice. He is raise the question was very innovative? BJP party think about is related ? How do increase in price? @ANI @ndtv,Wed Jan 02 09:09:36 +0000 2019,1912,1961,45,False,0,,Salem Tamil nadu India,4,3,0,0
1080389432971354112,"A debate on the between Congress and is likely to be held in today. Also, the will again be tabled in . Parliament winter session LIVE updates",Wed Jan 02 09:04:48 +0000 2019,697,13808,1814,False,0,,Unknown,8,0,0,1
1080382636000833537,E-Paper For a detailed Version. Please log on to िला ुनावआयोग ाजस्थान ्पर्क ुर,Wed Jan 02 08:37:47 +0000 2019,3,418,18,False,0,,India,21,0,0,1
1080367660779622400,Is the Triple Talaq Bill being politically used for 2019 Lok Sabha elections?,Wed Jan 02 07:38:17 +0000 2019,119,1921,665,False,0,,New Delhi India,5,0,0,0
1080126777819836416,"RT @vishalarorabjp: Huge applous @narendramodi govt 4 passing in with 245 in favour, after Congress walkout &amp; de…",Tue Jan 01 15:41:06 +0000 2019,1,215,2,False,18,"Huge applous @narendramodi govt 4 passing in with 245 in favour, after Congress walkout &amp; demand of proposed legislation be sent to select committee for detailed deliberations. The Bill 2 make the practice of in Muslims a Cognizable Offence",Unknown,2,2,0,0
1080082783010279424,This is called 'TRANSPARENCY' which was lacking in the Congress regime. is walking the talk. @BJP4India deserves another term in .,Tue Jan 01 12:46:17 +0000 2019,1366,2406,275,False,0,,Delhi India,4,1,0,1
1080057341825826816,"Congress Accepts Arun Jaitley's Challenge, Ready For A Debate On Rafale @arunjaitley @MallikarjunINC @rajnathsingh @S_MahajanLS @INCIndia @BJP4India @RahulGandhi @narendramodi",Tue Jan 01 11:05:11 +0000 2019,4447,78464,16889,False,0,,India,6,8,0,1
1080019360305958917,E-Paper For a detailed Version. Please log on to िला ुनावआयोग ाजस्थान ्पर्क ुर,Tue Jan 01 08:34:15 +0000 2019,3,418,18,False,0,,India,24,0,0,1
1082661554007523331,RT @Eenadu_English: Andhra CM meets Rahul Gandhi; discuss plans to take on BJP @…,Tue Jan 08 15:33:24 +0000 2019,36403,48754,222,False,1,Andhra CM meets Rahul Gandhi; discuss plans to take on BJP @AndhraPradeshCM @BJP4Andhra @INC_Andhra @JaiTDP @BJP4India @ncbn,TirupatiAndhra I N D I A,5,1,0,0
1082655271665786882,Andhra CM meets Rahul Gandhi; discuss plans to take on BJP @AndhraPradeshCM @BJP4Andhra @INC_Andhra @JaiTDP @BJP4India @ncbn,Tue Jan 08 15:08:26 +0000 2019,2012,155579,2510,False,1,,Hyderabad,5,6,0,1
1083011512120328194,: President Meets to Discuss Possibility of,Wed Jan 09 14:44:00 +0000 2019,45,37967,22054,False,0,,Mumbai India,9,0,0,1
1082988719789862912,"@CTRavi_BJP @RahulGandhi Can list a lot of achievements after @RahulGandhi took over the mettle as CP of C, but one itch you cannot scratch is- your Chaddi dream of making India Congress Mukth is shattered. Also dont you forget Phulpur, Gorakhpur, KA, MP, RJ, CH. Look forward to",Wed Jan 09 13:13:26 +0000 2019,3919,3207,45,False,0,,Bengaluru India,1,3,0,0
1082977732508741632,": BJD Not Part of ; ‘Will Keep Equal Distance From BJP, Congress,’ Says Naveen Patnaik",Wed Jan 09 12:29:46 +0000 2019,45,37967,22054,False,0,,Mumbai India,6,0,0,1
1082941651033583616,RT @firstpost: BJD supremo and Odisha CM Naveen Patnaik said his party would continue to remain equidistant from both the BJP and Congress.…,Wed Jan 09 10:06:24 +0000 2019,8891,23039,204,False,4,BJD supremo and Odisha CM Naveen Patnaik said his party would continue to remain equidistant from both the BJP and Congress.,Bengaluru India,0,1,0,0
1082920266609508352,BJD supremo and Odisha CM Naveen Patnaik said his party would continue to remain equidistant from both the BJP and Congress.,Wed Jan 09 08:41:25 +0000 2019,334,514399,1987836,False,4,,Mumbai India,1,0,0,1
1082899146175062016,BJD president &amp; Odisha CM Naveen Patnaik: BJD will not be part of the Mahagathabandhan. The party will continue to remain equidistant from both BJP &amp; Congress.,Wed Jan 09 07:17:30 +0000 2019,98,299974,53247,False,0,,India,3,0,0,0
1082896941338394624,"@ANI If @INCIndia don't support today in , it would go to 4 seats in next I think @BJP4India will be happier if @INCIndia don't support as it leads to congress mukth bharat",Wed Jan 09 07:08:44 +0000 2019,65,223,3,False,3,,Unknown,3,4,0,0
1082686821467795462,This will destroy lies of @INCIndia and you @RahulGandhi @narendramodi @BJP4India @BJP4Bengal @AmitShah,Tue Jan 08 17:13:48 +0000 2019,112,5622,391,False,0,,HowrahKolkataIN,5,6,0,1
1082679192829931521,in every will vote what says why can't say he either supports or opposes just stupid Q to kill time from just wasting time,Tue Jan 08 16:43:29 +0000 2019,142,30492,3013,False,0,,San Jose,8,0,0,0
1082665086798389249,May wink and hug but leader shot by,Tue Jan 08 15:47:26 +0000 2019,142,30492,3013,False,0,,San Jose,6,0,0,1
1082628491227455495,RT @ProfSRK: @CongressDahan @OnlineRajan__ @Hindutatv @AB_BJP @koenamitra @TandonRaveena @vivekagnihotri @ShefVaidya @nanditathhakur @Saffr…,Tue Jan 08 13:22:01 +0000 2019,359,252,14,False,31,"@CongressDahan @OnlineRajan__ @Hindutatv @AB_BJP @koenamitra @TandonRaveena @vivekagnihotri @ShefVaidya @nanditathhakur @SaffronKashmir @SaffronDalit @cosmicblinker @neerangautam @RAJIV1959 @GogoiRanju @Rishi_IHA @swetasamadhiya @meenakshisharan @onlyonenetra @vinish_ind @BurnAllwalli People show power in Social Media, not in the field. has become Brahmastra to fight against Ineffective &amp; Inefficient MPs. Youths must be given Opportunity in to make successfull @narendramodi @AmitShah @HarishK04131926 @LillyMaryPinto",Udupi India,0,10,0,0
1082628393533755392,RT @ProfSRK: @neerangautam @CongressDahan @OnlineRajan__ @Hindutatv @AB_BJP @koenamitra @TandonRaveena @vivekagnihotri @ShefVaidya @nandita…,Tue Jan 08 13:21:37 +0000 2019,359,252,14,False,3,"@neerangautam @CongressDahan @OnlineRajan__ @Hindutatv @AB_BJP @koenamitra @TandonRaveena @vivekagnihotri @ShefVaidya @nanditathhakur @SaffronKashmir @SaffronDalit @cosmicblinker @RAJIV1959 @GogoiRanju @Rishi_IHA @swetasamadhiya @meenakshisharan @onlyonenetra @vinish_ind @BurnAllwalli @narendramodi @AmitShah @HarishK04131926 @LillyMaryPinto @uttrashada @alokg2k @RomeshNadir There r many senior leaders who do not respect &amp; respond to Karyakartas. What's the use of wasting time to work for them &amp; electing them? This is 2019, not olden days. There is no Bhakti Pooja. Youth need Employment &amp; Development. Not interested in A to Z.",Udupi India,0,10,0,0
1082612326019289088,"Ram Mandir resolution passage , middle class sops like income tax benifits will pave way 4 next BJP gov.t in 2019 ,,,,,,else Stage is set for TSR , DMK,TMC,BJD,JD Bihar + KN, CPI 2 form 3rd front gov.t backed by Congress in 2019 .",Tue Jan 08 12:17:47 +0000 2019,2922,618,21,False,0,,Bengaluru,1,0,0,0
1082594891060994048,Congress 4-6 Bjp 2-4 Inld 0-1 Jip 0-1 haryana Congress 38-42 Bjp 26-30 Jjp 10+- Inld+bsp 8-10 😀😀😀 by-election 1 bjp 2 jjp 3 cong @MahenderTweets @DeependerSHooda @HaryanaAajTak @Dchautala @HaryanaTweets @rsdhull,Tue Jan 08 11:08:30 +0000 2019,10212,1446,101,False,0,,Rohtak Haryana,4,6,0,0
1082546084113670145,: to spell out party strategy at mega opposition rally on January 19,Tue Jan 08 07:54:33 +0000 2019,9,161,151,False,0,,NEW DELHI,6,0,0,1
1082482986598060032,RT @OnlyTRS: : SP-BSP seal deal in UP ( 50-50 seats sharing basis) to fight BJP. They both dumped Congress. Will @…,Tue Jan 08 03:43:50 +0000 2019,2103,1966,53,False,3,: SP-BSP seal deal in UP ( 50-50 seats sharing basis) to fight BJP. They both dumped Congress. Will @MamataOfficial @Naveen_Odisha follow soon ?Strengthens . AP : situation of losing combo CBN &amp; congress now ?! 😊,Hyderabadindia,1,1,0,0
1082432877134925824,▪ The Accidental Prime Minister ▪ Narendra Modi's Biopic ▪ Interview given to ANI ▪ Reservation for EB Upper Caste ❇❇ It is all about the timing.,Tue Jan 08 00:24:43 +0000 2019,927,1430,95,False,0,,City Of Joy Kolkata,10,0,0,0
1082338913069322240,after more leader sitting out from cakewalk for Congress leader Priya Dutt will not contest 2019 Lok Sabha polls,Mon Jan 07 18:11:20 +0000 2019,142,30492,3013,False,0,,San Jose,6,0,0,1
1082334405106970624,will make inraods into votebank of ? said quota since 2004 but never delivered even poor will get under,Mon Jan 07 17:53:25 +0000 2019,142,30492,3013,False,0,,San Jose,11,0,0,1
1082325389911969797,Session Extended by a Day to Pass 10% Bill,Mon Jan 07 17:17:36 +0000 2019,45,37967,22054,False,0,,Mumbai India,7,0,0,1
1082320314258776065,Finally today it's clear @narendramodi behind General category (Hindus) so please make sure you gonna protect it too. And it's also questions that why did not never thought about .. @girishalva,Mon Jan 07 16:57:26 +0000 2019,281,290,18,False,0,,Bengaluru India,6,2,0,0
1082209942344527872,"It clear now no tie up Congress+AAP, then surely ahead in the race",Mon Jan 07 09:38:51 +0000 2019,3089,1442,26,False,0,,Patna,2,0,0,1
1082161245912887296,: SP-BSP seal deal in UP ( 50-50 seats sharing basis) to fight BJP. They both dumped Congress. Will @MamataOfficial @Naveen_Odisha follow soon ?Strengthens . AP : situation of losing combo CBN &amp; congress now ?! 😊,Mon Jan 07 06:25:21 +0000 2019,21510,33194,6264,False,3,,Hyderabad Telangana India.,2,2,0,1
1082140620964143104,"Lok Sabha Elections 2019: Arvind Kejriwal Warns People Not to Vote For Congress, Says Give All 7 Seats to AAP @AamAadmiParty @ArvindKejriwal @INCIndia @BJP4India",Mon Jan 07 05:03:23 +0000 2019,45,37967,22054,False,2,,Mumbai India,2,4,0,1
1082133380148293632,Trinamool set to command anti-BJP pack in coming LS election .,Mon Jan 07 04:34:37 +0000 2019,59,48215,703,False,0,,Unknown,12,0,0,1
1082094004995411968,+ expected to win 259 seats + expected to win 153 seats led front will win 136 seats 18 short of majority this has base case in where model shows 37 seats seats,Mon Jan 07 01:58:09 +0000 2019,142,30492,3013,False,0,,San Jose,13,0,0,0
1082092950262181888,"@neerangautam @CongressDahan @OnlineRajan__ @Hindutatv @AB_BJP @koenamitra @TandonRaveena @vivekagnihotri @ShefVaidya @nanditathhakur @SaffronKashmir @SaffronDalit @cosmicblinker @RAJIV1959 @GogoiRanju @Rishi_IHA @swetasamadhiya @meenakshisharan @onlyonenetra @vinish_ind @BurnAllwalli @narendramodi @AmitShah @HarishK04131926 @LillyMaryPinto @uttrashada @alokg2k @RomeshNadir There r many senior leaders who do not respect &amp; respond to Karyakartas. What's the use of wasting time to work for them &amp; electing them? This is 2019, not olden days. There is no Bhakti Pooja. Youth need Employment &amp; Development. Not interested in A to Z.",Mon Jan 07 01:53:58 +0000 2019,23560,36183,3934,False,3,,India,1,28,0,0
1082068523877163010,to get most votes in 2 ( -1) + : 3 (+3) 1 (-2),Mon Jan 07 00:16:54 +0000 2019,142,30492,3013,False,0,,San Jose,7,0,0,0
1082018800122253312,Bereaved Families Request CM HDK Govt To Find Missing Fishermen As Protests Intensifies In refuses aid to because they elected ?,Sun Jan 06 20:59:19 +0000 2019,142,30492,3013,False,0,,San Jose,7,0,0,1
1082017273705947136,says should bear when CM was ruling went on padyatra raised 700 cr did not impose taxes,Sun Jan 06 20:53:15 +0000 2019,142,30492,3013,False,0,,San Jose,9,0,0,1
1081989583317823488,Trinamool set to command anti-BJP pack in coming LS election,Sun Jan 06 19:03:13 +0000 2019,59,48215,703,False,0,,Unknown,12,0,0,1
1081941104767819776,@gauravbh @BJP4India @TajinderBagga @KapilMishra_IND ✌️✌️ @BJPLive What is ?? 🤔🤔 Answer....See the pic👇👇👇😂😂😉😉😉,Sun Jan 06 15:50:35 +0000 2019,4042,5101,600,False,0,,मेरा भारत महान 🙏,8,5,0,0
1081926935398227968,@nsitharamanoffc @INCIndia @RahulGandhi @DefenceMinIndia @nsitharaman @BJPLive @BJP4India A blatant liar is what the chief of congress is.. Just a mere tactic to stall the procurement process and delay it. What a shame.,Sun Jan 06 14:54:17 +0000 2019,11643,10825,140,False,1,,Maharashtra India,1,7,0,0
1081924869539942401,"Aam Aadmi Party- Indian National Congress to contest in Delhi, India together, says politician Ashutosh Bharatiya Janata Party (BJP)",Sun Jan 06 14:46:04 +0000 2019,7,166549,2189,False,0,,India,2,0,0,1
1081924132961439744,"- to contest in together, says politician",Sun Jan 06 14:43:09 +0000 2019,7,166549,2189,False,0,,India,8,0,0,1
1081923388350771200,"@CongressDahan @OnlineRajan__ @Hindutatv @AB_BJP @koenamitra @TandonRaveena @vivekagnihotri @ShefVaidya @nanditathhakur @SaffronKashmir @SaffronDalit @cosmicblinker @neerangautam @RAJIV1959 @GogoiRanju @Rishi_IHA @swetasamadhiya @meenakshisharan @onlyonenetra @vinish_ind @BurnAllwalli People show power in Social Media, not in the field. has become Brahmastra to fight against Ineffective &amp; Inefficient MPs. Youths must be given Opportunity in to make successfull @narendramodi @AmitShah @HarishK04131926 @LillyMaryPinto",Sun Jan 06 14:40:11 +0000 2019,23560,36183,3934,False,31,,India,3,25,0,0
1081882007930494976,"If the Congress has to challenge the BJP,it has to get all opposition parties together especially in the 10 states where the BJP is powerful. The BJP won 250+ seats from these 10 states alone in 2014. Other states they lost deposit.",Sun Jan 06 11:55:45 +0000 2019,894,1970,19,False,0,,Tamil naduindia,1,0,0,0
1081857351710257152,SP-BSP alliance in will give a tough fight to . Atleast 50 seats from for PM Modi's easy walk to 7 RCR again.,Sun Jan 06 10:17:47 +0000 2019,1270,1430,324,False,0,,Agra,6,0,0,0
1081854169651269634,Those who don't understand . Sing it after you understand.,Sun Jan 06 10:05:08 +0000 2019,3877,49408,456,False,0,,Unknown,11,0,0,1
1081849112788520960,Is SP-BSP alliance strong enough to defeat in the upcoming in ? @BJP4India @INCIndia @yadavakhilesh @samajwadiparty @narendramodi @RahulGandhi @AmitShah,Sun Jan 06 09:45:02 +0000 2019,50,48687,7502,False,28,,BENGALURU,10,7,0,0
1081811057600024576,Can any one tell me one leader who come with any real vision for india in . I spent whole lot of time to find but nothing. Do any one suggest one leader with Brain. Again zero.,Sun Jan 06 07:13:49 +0000 2019,1441,2448,59,False,0,,Somewhere in planet Earth,6,0,0,0
1081803457130987520,"RT @NewIndianXpress: The larger consensus within BSP and SP is to keep the out of the anti-BJP tie-up, though sources said the fi…",Sun Jan 06 06:43:37 +0000 2019,13843,17725,115,False,5,"The larger consensus within BSP and SP is to keep the out of the anti-BJP tie-up, though sources said the final shape of the alliance was “not yet firmed”. By @Namita_TNIE.",Trivandrum kerala India ,1,1,0,0
1081794214910844928,"""The SP-BSP alliance is the main force which will take on the @BJP4India. The @INCIndia might be there in one or two seats, it is for the Congress to decide what position it wishes to see itself in,"" Nanda said in an interview.",Sun Jan 06 06:06:54 +0000 2019,592,147565,26351,False,0,,India,1,2,0,1
1081781155354107904,"The larger consensus within BSP and SP is to keep the out of the anti-BJP tie-up, though sources said the final shape of the alliance was “not yet firmed”. By @Namita_TNIE.",Sun Jan 06 05:15:00 +0000 2019,519,522022,352269,False,5,,Chennai,3,1,0,1
1080337904013008896,- = is joker not even close to they are all like wannabe,Wed Jan 02 05:40:02 +0000 2019,142,30492,3013,False,0,,San Jose,8,0,0,1
1080336370550267905,In power never comes with a fight are b team fight is between vs,Wed Jan 02 05:33:57 +0000 2019,142,30492,3013,False,0,,San Jose,11,0,0,1
1079972104034869249,"Have you been receiving anti-Modi and pro-Congress videos or messages on ? Well, that is how the plans to reach out to voters and counter the in its own game ahead of the .",Tue Jan 01 05:26:29 +0000 2019,592,147565,26351,False,0,,India,4,0,0,1
1083050724831854593,RT @laxman_xy: Choice between below Surging Economy thanks to or Emperor Bokassa 's Banana Re…,Wed Jan 09 17:19:49 +0000 2019,868,1004,67,False,4,Choice between below Surging Economy thanks to or Emperor Bokassa 's Banana Republic of Nehruvian Italian socialist shithole till 2014 @MirrorNow @the_hindu,India,4,1,0,0
1083029212011753478,@TimesNow Great news! We need such Lawyers.. 🙏 wants to win to saveguard their hidden money but is all set to serve the poor by making these politicians cough the black money. Great initiative! @BJP4India,Wed Jan 09 15:54:20 +0000 2019,2615,5805,64,False,0,,Gujarat India,5,2,0,0
1083004447637131264,Who will become the next PM of India?,Wed Jan 09 14:15:56 +0000 2019,11,6,2,False,0,,Latur Maharashtra India,7,0,0,0
1082977732508741632,": BJD Not Part of ; ‘Will Keep Equal Distance From BJP, Congress,’ Says Naveen Patnaik",Wed Jan 09 12:29:46 +0000 2019,45,37967,22054,False,0,,Mumbai India,6,0,0,1
1082977015412609024,our poll suggest @narendramodi as of,Wed Jan 09 12:26:55 +0000 2019,15883,26181,1572,False,0,,India,6,1,0,0
1082947998160580608,Congress Opposed the Quota bill for unreserved Upper Caste in. in In congress party opposed the because this bill is only for collecting vote in political winning formula for BJP.,Wed Jan 09 10:31:37 +0000 2019,15,167,5,False,0,,New delhi,6,0,0,0
1082931913575358466,"Even if AAP and CONgress join hands, the wort case scenario for BJP is 5-2. 7-0 is still a possibility.",Wed Jan 09 09:27:42 +0000 2019,1496,20396,192,False,0,,India,1,0,0,1
1082832672362180608,Choice between below Surging Economy thanks to or Emperor Bokassa 's Banana Republic of Nehruvian Italian socialist shithole till 2014 @MirrorNow @the_hindu,Wed Jan 09 02:53:21 +0000 2019,56865,108305,2596,False,4,,India,8,2,0,0
1082682308878987269,"When you have 62.5% reservation, don't call it a reservation please ाओ_देश_बचाओ",Tue Jan 08 16:55:52 +0000 2019,95,113,19,False,3,,Bengaluru India,15,0,0,0
1082608442571980800,Our Democracy today has unfortunately reached a stage of Bjp First/Congress First &amp; India Second Political Parties are bitterly fighting for their survival and business continuance with interest of India taking a back seat in every action and decision they take,Tue Jan 08 12:02:21 +0000 2019,1,11,3,False,0,,Noida India,1,0,0,0
1082482673862377472,Hello Today Passed?? All present in @INCGujarat @BJP4Gujarat @BJP4India @INCIndia @nitin_gadkari @RahulGandhi @AmitShah 👇💪🙏👇,Tue Jan 08 03:42:35 +0000 2019,6762,8121,1461,False,0,,India,12,7,0,0
1082318262652694528,Don't worry and alliance. This was just a shock-wave before 2.0 @narendramodi @BJP4India @BJP4Delhi @BJPUttarakhand_,Mon Jan 07 16:49:16 +0000 2019,431,484,208,False,1,,Unknown,11,4,0,0
1082267370356301824,Is is Right decision by,Mon Jan 07 13:27:03 +0000 2019,3076,14128,5090,False,0,,Muzaffarpur Bihar,17,0,0,0
1081989163740622848,"If any one from Bengal gets to be PM, it would be Mamata : State BJP chief @BJP4India @AITCofficial @MamataOfficial @BJPBengal @DilipGhoshBJP",Sun Jan 06 19:01:33 +0000 2019,59,48215,703,False,0,,Unknown,8,5,0,1
1081987534371123200,Does BJP and PM Modi Deserve a second term???,Sun Jan 06 18:55:05 +0000 2019,2420,4579,126,False,0,,Mumbai India,14,0,0,0
1081935621529239552,People Now A Days 🤣🤣🤣,Sun Jan 06 15:28:48 +0000 2019,2420,4579,126,False,0,,Mumbai India,6,0,0,0
1081931607743844352,All candidates under trials shud be banned frm contesting elections. Including u @ShashiTharoor .,Sun Jan 06 15:12:51 +0000 2019,339,595,250,False,0,,India,5,1,0,0
1081878560011313152,Biggest Poll of 2019.. Who do you want to see as our next PM ? ाओ_देश_बचाओ,Sun Jan 06 11:42:03 +0000 2019,149,23,6,False,0,,Unknown,14,0,0,0
1081875739497107461,RT @Maulesh_Pawar: @BJP4India check how…,Sun Jan 06 11:30:51 +0000 2019,48919,12933,296,False,2,@BJP4India check how congress Give respect and power of during government. @seriousfunnyguy @bhaiyyajispeaks @AnupamPKher @TheNagarjuna,New Delhi,6,2,0,0
1081866958612553728,"Is it or (dis)Grace? , is Congress making solid preparation for their patented style? @BJP4India needs to work really hard =filling Congress' coffers?",Sun Jan 06 10:55:57 +0000 2019,615,3126,596,False,0,,Mumbai,5,1,0,1
1081857351710257152,SP-BSP alliance in will give a tough fight to . Atleast 50 seats from for PM Modi's easy walk to 7 RCR again.,Sun Jan 06 10:17:47 +0000 2019,1270,1430,324,False,0,,Agra,6,0,0,0
1081817646092304385,"If any one from Bengal gets to be PM, it would be Mamata : State BJP chief BJPChief @BJP4India @AITCofficial @MamataOfficial @BJPBengal @DilipGhoshBJP",Sun Jan 06 07:40:00 +0000 2019,59,48215,703,False,0,,Unknown,8,5,0,1
1081796943909654528,Raj Babbar &amp; Azhar seek to fight on Congress tickets from Mumbai - that should be good news for BJP who can easily win those two seats as well informed Mumbaikars know these two candidates inside out !,Sun Jan 06 06:17:44 +0000 2019,2736,1051,91,False,0,,Powai Mumbai,1,0,0,0
1081785387046047750,Who will win in 2019 elections,Sun Jan 06 05:31:49 +0000 2019,39,38,127,False,0,,Unknown,6,0,0,0
1081782406783385601,"Former Delhi CM Sheila Dixit may do a Comeback. She may go in for some kind of understanding with AAP leader Kejriwal in a bid to dislodge BJP. Electoral Politics !! 'Ajay Maken resigns as Delhi Congress chief, all eyes now on successor'",Sun Jan 06 05:19:58 +0000 2019,71450,31780,342,False,0,,Pune India,1,0,0,1
1081756393001152512,RT @imcoolcharlie: Is 'The Accidental Prime Minister' anti-Congress propaganda by @BJP4India ? …,Sun Jan 06 03:36:36 +0000 2019,120,298,20,False,1,Is 'The Accidental Prime Minister' anti-Congress propaganda by @BJP4India ?,Noida India,2,2,0,0
1081625985139859456,@sherryontopp @RahulGandhi @INCIndia @Allavaru @IYC Cool job from with Loss 💞💘,Sat Jan 05 18:58:25 +0000 2019,489,77440,1549,False,0,,IslamabadPakistan,21,5,0,0
1081601764619624455,"@RoshanKrRai BJP OUT, Congress In.",Sat Jan 05 17:22:10 +0000 2019,41279,15326,145,False,0,,Kolkata India,2,1,0,0
1081585105464897538,Those in and out of the country who donate to party Congress and Mahagathbandan and help by Spoon at congress are supposed to be ashamed of these kids are poor because of Congress. : @BJP4India @Akali_Dal_ @narendramodi,Sat Jan 05 16:15:58 +0000 2019,193218,268029,1469,False,1,,Unknown,3,3,0,0
1081537347852763137,". One is Congress with agenda to break Hindustan and Hindus (they did it once in 1947) n regional parties who r like Jaichand n will side with anyone for gains. On other is Modi ji, BJP and many other nation loving ppl. Which side u on? +",Sat Jan 05 13:06:12 +0000 2019,3304,19318,564,False,0,,Pune India,2,0,0,0
1081490815287840768,@tiwa_ro @Dharmen53329129 @AudaciousQuest @RahulGandhi @MrsGandhi @INCIndia @BJP4India @YourGalNeha is an angel of demons whos also spreading on social media to see ignoring the great vision he has for the country. Let’s unite &amp; throw out n bring in @BJP4India @INCIndia,Sat Jan 05 10:01:18 +0000 2019,2615,5805,64,False,1,,Gujarat India,6,10,0,0
1081478303272161280,"@Dharmen53329129 @AudaciousQuest @RahulGandhi @MrsGandhi @tiwa_ro consider following @AudaciousQuest 2 see how these 2 rupee people act as aide for the @INCIndia, helping an inefficient @RahulGandhi against @BJP4India n let the dream of in fail n make but",Sat Jan 05 09:11:35 +0000 2019,2615,5805,64,False,1,,Gujarat India,6,9,0,0
1081460696204881921,Is is only topic of debate for just before,Sat Jan 05 08:01:37 +0000 2019,1,331,251,False,0,,Turn On Your Notifications,7,0,0,0
1081453864996360192,"If Congress comes to power at the center in 2019, will they ban RSS .",Sat Jan 05 07:34:28 +0000 2019,2605,1173,20,False,0,,Unknown,9,0,0,0
1081423570415173632,"Best business model in the world is Politics 🙏 ,@NDTVElections",Sat Jan 05 05:34:05 +0000 2019,178,638,153,False,0,,Indore Madhya Pradesh,8,1,0,0
1081410393875116032,CongressVsBJP choose your vice in,Sat Jan 05 04:41:44 +0000 2019,75,1476,7,False,0,,Unknown,1,0,0,0
1081408339282718720,"@narendramodi ....Since independence, non-congress govt has Never got Re-elected ! ... ...pull up ur socks @BJP4India",Sat Jan 05 04:33:34 +0000 2019,16991,8451,1863,False,2,,India,2,2,0,0
1081383751706394624,AA vs RV 😂😂😂,Sat Jan 05 02:55:52 +0000 2019,2420,4579,126,False,0,,Mumbai India,6,0,0,0
1081381005997395968,"Till ll announce many new schemes. For election, waive off/. If comes in power again then H2 ll hav impact on ppl &amp; thn stabiliz, if took over then honeymoon period so cant expect major change in impacting ppl.",Sat Jan 05 02:44:57 +0000 2019,481,2007,158,False,0,,Unknown,6,0,0,0
1081297463212994560,RT @SamyuktaSatya: When elections are coming …,Fri Jan 04 21:12:59 +0000 2019,45,52362,2365,False,1,When elections are coming ाओ_देश_बचाओ,Unknown,6,1,0,0
1081293328262393856,When elections are coming ाओ_देश_बचाओ,Fri Jan 04 20:56:33 +0000 2019,95,113,19,False,1,,Bengaluru India,16,0,0,0
1081231666582933504,Sadly in nation whose northern belt including engulfed in killer @TwitterIndia trends shows how little awareness &amp; responsibility we have as concerned citizens towards safeguarding our future @vikramchandra,Fri Jan 04 16:51:32 +0000 2019,13398,11142,82,False,0,,India,7,2,0,0
1081219739525906432,is used by bioterrorist quite often. congress targets bjp on but unscrupulous bjp targets Brahmin That's the characteristic of bjp,Fri Jan 04 16:04:08 +0000 2019,258,6298,29,False,0,,Unknown,4,0,0,0
1081217283417006081,"What is with all the winking business? It is the Parliament for Godsake. One cant be winking or blowing kisses in the temple of democracy!! I would urge&amp;request our politicians to maintain the dignity,decorum&amp;sanctity of the Parliament.",Fri Jan 04 15:54:23 +0000 2019,252,913,82,False,0,,India,4,0,0,0
1081151456990904320,"The amount of valuable governance time Congress has forced BJP to spend to respond to allegations is simply mind boggling !! For me any further discourse on the matter is useless , can we move on (obviously not easy!!)",Fri Jan 04 11:32:48 +0000 2019,539,718,101,False,0,,Mumbai India,2,0,0,0
1081145213689651203,Raebareli bus stand ki haalat dekho. Wow congress thank you very much.,Fri Jan 04 11:08:00 +0000 2019,66,51,10,False,0,,new,11,0,0,0
1081138167183376384,"Wow Thanks to congress, Amethi is so develop. Thanks To Rahul Gandhi",Fri Jan 04 10:40:00 +0000 2019,66,51,10,False,0,,new,7,0,0,0
1081084593434898432,@BJP4India check how congress Give respect and power of during government. @seriousfunnyguy @bhaiyyajispeaks @AnupamPKher @TheNagarjuna,Fri Jan 04 07:07:07 +0000 2019,4486,2999,56,False,2,,Ahmedabad,9,5,0,1
1081062262364725248,Your support for ???,Fri Jan 04 05:38:23 +0000 2019,33,12,4,False,0,,Tiruchirapalli India,9,0,0,0
1081041359245459457,People! Please be wise in casting your precious vote in ... we need good for the sake of country’s development @BJP4India we need to overcome and Ensure to lose at all cost!,Fri Jan 04 04:15:19 +0000 2019,2615,5805,64,False,0,,Gujarat India,8,1,0,1
1080827264038666242,@narendramodi Vote for @BJP4Gujarat @INCGujarat 👇👍✌️✌️💪🙏,Thu Jan 03 14:04:35 +0000 2019,6762,8121,1461,False,0,,India,8,3,0,1
1080718537084358657,@Sanity_3 It is effective tactic by Congress. BJP needs to learn! Ye Bharat ki janta hai!,Thu Jan 03 06:52:32 +0000 2019,844,675,36,False,0,,United States,3,1,0,0
1080632254110396417,unsure about of 2019 Sabha ?,Thu Jan 03 01:09:41 +0000 2019,3076,14128,5090,False,0,,Muzaffarpur Bihar,10,0,0,1
1080494411723632640,RT @pamiloveu: here is the statistics…,Wed Jan 02 16:01:57 +0000 2019,639,1188,24,False,1,here is the statistics file of how much you are spending the thief and liar should educate himself,Unknown,9,1,0,0
1080489334942326784,here is the statistics file of how much you are spending the thief and liar should educate himself,Wed Jan 02 15:41:46 +0000 2019,917,1053,3,False,1,,Planet Earth,10,0,0,0
1080396612097138690,Rana Leader movie assembly scene gurthochindhi rajakeeya nayakula meeda raids cheyodhu anadam🙄 Fortunately Leader movie hero is doing cbn role in Ntr biopic! It is all interconnected 😁 things✌️,Wed Jan 02 09:33:19 +0000 2019,7125,7459,107,False,0,,INDIA🇮🇳,10,0,0,1
1080367660779622400,Is the Triple Talaq Bill being politically used for 2019 Lok Sabha elections?,Wed Jan 02 07:38:17 +0000 2019,119,1921,665,False,0,,New Delhi India,5,0,0,0
1080335013806292994,"Swaminathan Aiyar on : Even as rivals form anti-BJP front, consequences for could range from serious to disastrous. Stock markets will love a BJP victory, and live with a Congress victory, but crash if Third Front assumes power.",Wed Jan 02 05:28:33 +0000 2019,201,3135,568,False,0,,New Delhi India,2,0,0,1
1080305745420345344,se phle hi @INCIndia ye bta Rahi hai ...why shouldn't we Vote for Congressis. The voters who were disappointed after delay in from BJP will surely understand the value of their vote. Kabhi kabhi kuch achche ke liye hota hai..,Wed Jan 02 03:32:15 +0000 2019,656,2424,288,False,0,,Meerut India,3,1,0,1
1080189551576997888,"Dear fellow , please be aware of the and the drop on &amp; . The is going to commence on Mar'19. Please choose a party which reduces the fuel price after election.",Tue Jan 01 19:50:32 +0000 2019,117,90,32,False,0,,India,10,0,0,0
1080164190239813633,RT @gandhi_pv: BJP and RSS have done the same mistake since 2014 with their Modi Bhajan as Congress did Sonia Bhajan after PVNR Congress…,Tue Jan 01 18:09:46 +0000 2019,5096,16411,199,False,1,BJP and RSS have done the same mistake since 2014 with their Modi Bhajan as Congress did Sonia Bhajan after PVNR Congress is Slave of 10JP BJP is slave Modi Neither can redeem any time soon,Unknown,0,1,0,0
1080141597029761024,BJP and RSS have done the same mistake since 2014 with their Modi Bhajan as Congress did Sonia Bhajan after PVNR Congress is Slave of 10JP BJP is slave Modi Neither can redeem any time soon,Tue Jan 01 16:39:59 +0000 2019,35881,92552,5995,False,1,,from Telangana in Tokyo Japan,3,0,0,0
1080138001647263744,Modi is fighting to prevent RaGa becoming PM RaGa is fighting to prevent Modi becoming PM India will ensure both objectives are met,Tue Jan 01 16:25:42 +0000 2019,35881,92552,5995,False,2,,from Telangana in Tokyo Japan,4,0,0,0
1080082783010279424,This is called 'TRANSPARENCY' which was lacking in the Congress regime. is walking the talk. @BJP4India deserves another term in .,Tue Jan 01 12:46:17 +0000 2019,1366,2406,275,False,0,,Delhi India,4,1,0,1
1080077832309669888,RT @BhavyanshP1: Who Will Win 2019 Elections In India ? ाओ_देश_बचाओ …,Tue Jan 01 12:26:36 +0000 2019,166,108,7,False,1,Who Will Win 2019 Elections In India ? ाओ_देश_बचाओ @BJP4India @narendramodi @RahulGandhi @INCIndia,Earth,6,1,0,0
1080077784838483969,Who Will Win 2019 Elections In India ? ाओ_देश_बचाओ @BJP4India @narendramodi @RahulGandhi @INCIndia,Tue Jan 01 12:26:25 +0000 2019,166,108,7,False,1,,Earth,12,4,0,0
1080019287040016385,"2019 has to be an effort for clean Air &amp; Water! There is no life without them! Lets reduce waste and save water to start! Political discourse shud focus on this,I wud vote for a govt who can promise us these two essentials, whom wud you vote for?",Tue Jan 01 08:33:58 +0000 2019,521,2289,818,False,0,,India-Noida/Mumbai/Mathura,3,0,0,0
1079945228390297600,2019 Elections can hurt BJP from Crypto world as 4-5 million indian Cryptocurrency users are upset with Indian Government Ban on it.,Tue Jan 01 03:39:41 +0000 2019,5,24,39,False,0,,Kashmir,15,0,0,0
1082887204223897601,congress alliance with different political parties and BJP alliance with EVM,Wed Jan 09 06:30:03 +0000 2019,1667,2588,44,False,0,,New Delhi India,1,0,0,0
1082213789582319616,Seeing anyone - BJP or Congress - win the elections.,Mon Jan 07 09:54:08 +0000 2019,622,1319,200,False,0,,Mumbai India,1,0,0,1
1082297230952779778,Just a pointless topic to discuss before the debate starts again! ाओ_देश_बचाओ,Mon Jan 07 15:25:42 +0000 2019,106,42,4,False,0,,Unknown,3,0,0,1
1082294663829118976,?? Fine! but where are government jobs? please address the first! ाओ_देश_बचाओ,Mon Jan 07 15:15:30 +0000 2019,146,66,15,False,0,,Unknown,7,0,0,1
1082263798873051137,Please understand we want reservation on the basic of economical conditions not on basic of cast,Mon Jan 07 13:12:51 +0000 2019,51,189,17,False,0,,Nagpur,5,0,0,0
1082233921050419200,Guys get ready for HAL bachao tax. ाओ_देश_बचाओ,Mon Jan 07 11:14:08 +0000 2019,219,338,281,False,0,,Mumbai India,5,0,0,0
1082231246116278272,The move to provide 10% reservation to economically weaker section can turn out be a master stroke.,Mon Jan 07 11:03:30 +0000 2019,58,58,461,False,1,,Unknown,6,0,0,0
1082229449792249856,@dineshgrao @narendramodi @nsitharaman Invested in 2014 and now getting profits. Digging every road in whole india,Mon Jan 07 10:56:22 +0000 2019,54,33,8,False,0,,Karnataka ,2,3,0,0
1082212148325928960,"The Major reason, “WHY YOUTHS OF INDIA SHOULD NOT VOTE BJP?” Instead of increasing number of jobs, employment rate got declined @narendramodi IS THIS THE FUTURE OF INDIA 🇮🇳??? Facts can’t be ignored.",Mon Jan 07 09:47:37 +0000 2019,552,263,33,False,6,,Bhubaneswar ,6,1,0,0
1082174563943895040,@RahulGandhi Go and learn what is offset contract and stop saying anil ambani got Rafael and stop misleading the country.,Mon Jan 07 07:18:16 +0000 2019,1780,3872,95,False,0,,Leeds UK,4,1,0,0
1082164836195278848,"to - From economic slump, GST, Rohingyas to ... BJP faces attack from within, and all before",Mon Jan 07 06:39:37 +0000 2019,58,58,461,False,0,,Unknown,11,0,0,0
1082150308766085120,Have never been so excited to see someone’s leave application being approved😂😂😂 PS: By “intelligent” Indians😉,Mon Jan 07 05:41:53 +0000 2019,1680,314,122,False,0,,San Jose CA,9,0,0,1
1082009630803443712,"with @RahulGandhi ji and @_ManmohanSingh ji or. ... with @narendramodi .., Choose your days with or with at 2019.",Sun Jan 06 20:22:53 +0000 2019,9871,4810,1867,False,20,,Mysore India,8,3,0,0
1081845700965453824,the least you can do is admit that there is a going on in the country right now!,Sun Jan 06 09:31:29 +0000 2019,146,66,15,False,0,,Unknown,4,0,0,1
1081845050739310595,We need a government which doesn't function on empty promises! thrives on . ाओ_देश_बचाओ,Sun Jan 06 09:28:54 +0000 2019,106,42,4,False,0,,Unknown,6,0,0,1
1081835934461489152,Wonderful. The train looks better than in Germany. Thanks Imagin 2030 with these hard working ministers @republic @MirrorNow,Sun Jan 06 08:52:40 +0000 2019,56865,108305,2596,False,0,,India,2,2,0,1
1081785468889362433,Cong rascals made idiot Nawab Pataudi captain 20 YRS losing almost all tests. Then made fixer Azzarudin for 10 yrs losing all series. LOST DECADES NEVER AGAIN @republic @TimesNow @MirrorNow @the_hindu,Sun Jan 06 05:32:09 +0000 2019,56865,108305,2596,False,0,,India,5,4,0,1
1081746076422483968,@ShobhaBJP @suvarnanewstv @BJP4India @davidfrawleyved @AmitShah @amitmalviya @narendramodi @BJP4Karnataka @TVMohandasPai @PMOIndia @rajeev_mp @BJPLive Let's hear from our FOE champions. I am sure they have a view on this .... Oops 😁. @sardesairajdeep @AIIndia @JohnDayal @sagarikaghose @BDUTT @INCIndia @shahid_siddiqui,Sun Jan 06 02:55:37 +0000 2019,618,7140,90,False,0,,São Paulo Brasil,3,19,0,0
1081623133185077248,Plz respond and spread the vote,Sat Jan 05 18:47:05 +0000 2019,22,168,80,False,0,,Mumbai,9,0,0,0
1081590317340454913,"So, Zee channel group knows the Upcoming Victory of Indian Parliament election...",Sat Jan 05 16:36:41 +0000 2019,3843,1264,34,False,0,,Salem,2,0,0,1
1081587654905483266,Is there anyone??? who could tell if any promise has completed by BJP govt in their 5 year Era as decided. 🤔 🤔 िन100सवाल ाओ_देश_बचाओ @INCIndia,Sat Jan 05 16:26:06 +0000 2019,6518,6195,90,False,8,,Unknown,11,1,0,0
1081543389261246464,"BJP’s yet another attempt to defraud the common man by evading answers in there old style ! 2 ghante ka bhashan diya jisme sawalon ka jawab diya hi nahi, batao aese logon ko 2019 me aana firse aana hai ! ाओ_देश_बचाओ",Sat Jan 05 13:30:12 +0000 2019,3,25,15,False,0,,Rohini New Delhi,4,0,0,0
1081510734977253377,Is @IndiaToday being paid to campaign for the I've just noticed that nearly every posting on twitter is against the if this is not the case please do correct me please.,Sat Jan 05 11:20:27 +0000 2019,2694,1590,1462,False,7,,Noida India,2,1,0,1
1081490815287840768,@tiwa_ro @Dharmen53329129 @AudaciousQuest @RahulGandhi @MrsGandhi @INCIndia @BJP4India @YourGalNeha is an angel of demons whos also spreading on social media to see ignoring the great vision he has for the country. Let’s unite &amp; throw out n bring in @BJP4India @INCIndia,Sat Jan 05 10:01:18 +0000 2019,2615,5805,64,False,1,,Gujarat India,6,10,0,0
1081478082698010624,Hats off our defense Minister an BJP minister U exposed congress and its did in last 70 years and why rafale air craft took this much time to reach in our hand. Shame on u Best work done by BJP,Sat Jan 05 09:10:42 +0000 2019,7,27,10,False,0,,Unknown,6,0,0,0
1081461261047541760,@HDFCBank_Cares @arunjaitley @RBI @aajtak @indiatvnews @CNBCTV18News @CNNnews18 @narendramodi @PMOIndia @rajeevkumr @MumbaiPolice happening in much bigger proportion than ाओ_देश_बचाओ See my Tweets. @HDFCBank_Cares BIGGEST THUGS.,Sat Jan 05 08:03:51 +0000 2019,1405,745,35,False,0,,Unknown,9,12,0,0
1081453864996360192,"If Congress comes to power at the center in 2019, will they ban RSS .",Sat Jan 05 07:34:28 +0000 2019,2605,1173,20,False,0,,Unknown,9,0,0,0
1081450526040969216,Rahul Gandhi Targets Govt Over Rafale Deal’s Contract @RahulGandhi @INCIndia @BJP4India @narendramodi,Sat Jan 05 07:21:12 +0000 2019,398,110786,1546,False,2,,Unknown,5,4,0,1
1081438578721374208,"Rahul Gandhi ‘winks’ again in Lok Sabha, faces BJP ire - Times of India",Sat Jan 05 06:33:43 +0000 2019,35,70,751,False,0,,New York NY,3,0,0,1
1081423570415173632,"Best business model in the world is Politics 🙏 ,@NDTVElections",Sat Jan 05 05:34:05 +0000 2019,178,638,153,False,0,,Indore Madhya Pradesh,8,1,0,0
1081410593565732866,Congress achievement in 60 to 65 years after independence fact in a single sheet. BJP achievement 🔔🔔🔔 during two term as a rolling party in centre.,Sat Jan 05 04:42:31 +0000 2019,8922,5220,401,False,0,,New Delhi India,3,0,0,0
1081237664202780673,Exactly how RaGa was treated by BJP today in parliament. Actually with his party conduct they are no better than rodents in Parliament. @KapilMishra_IND @Shehzad_Ind @savitha_rao @vivekagnihotri @TajinderBagga,Fri Jan 04 17:15:22 +0000 2019,7356,8985,292,False,2,,Maharashtra India,3,5,0,0
1081231666582933504,Sadly in nation whose northern belt including engulfed in killer @TwitterIndia trends shows how little awareness &amp; responsibility we have as concerned citizens towards safeguarding our future @vikramchandra,Fri Jan 04 16:51:32 +0000 2019,13398,11142,82,False,0,,India,7,2,0,0
1081229307119325185,We are trashed again. HELP US ाओ_देश_बचाओ We are not Drums 🙏🏽,Fri Jan 04 16:42:09 +0000 2019,7,6,1,False,0,,Bhopal,9,0,0,0
1081181916164833281,The kind of comments I'd expect from any bjp politician! ाओ_देश_बचाओ,Fri Jan 04 13:33:50 +0000 2019,146,66,15,False,0,,Unknown,4,0,0,1
1081050427632713729,stars @AnupamPKher and director @GutteVijay in conversation with @bhawanasomaaya at @themoviemoth18.,Fri Jan 04 04:51:21 +0000 2019,15,245,18,False,0,,Unknown,8,4,0,1
1081041359245459457,People! Please be wise in casting your precious vote in ... we need good for the sake of country’s development @BJP4India we need to overcome and Ensure to lose at all cost!,Fri Jan 04 04:15:19 +0000 2019,2615,5805,64,False,0,,Gujarat India,8,1,0,1
1082165605233451008,"This series of tweet is based on my readings in wiki, news channels . I wholeheartedly support NDA for this . Criticising this Rafale deal shows how congress is hungry for power. Vote wisely. . @narendramodi @nsitharaman @DrTamilisaiBJP",Mon Jan 07 06:42:40 +0000 2019,8478,4471,209,False,1,,chennai,2,3,0,0
1081879896748482560,@mirchiiey I like Tradition I follow Rituals at times I wear clothes of my choice I love my country very much I don't suffer fools they suffer me They ask Me are You a Congress supporter I say No I support I support,Sun Jan 06 11:47:22 +0000 2019,12848,9166,610,False,1,,India,2,1,0,1
1081868529102548993,I like Tradition I follow Rituals at times I wear mostly Western outfits I love my country very much I don't suffer fools they suffer me They ask Me are You a Congress supporter I say No I support I support,Sun Jan 06 11:02:12 +0000 2019,11967,14502,620,False,2,,Unknown,2,0,0,1
1080624675233816576,"playing tricks which halts all sorts of development. No wonder India is considered 3rd world.With such &amp; useless party at the helm how can a country like ours progress, how do we see development? @BJP4India @BJP4Karnataka",Thu Jan 03 00:39:34 +0000 2019,27233,8636,45,False,0,,Queenstown New Zealand,5,2,0,1
1080154826141360128,"Certain Media is not debating on what he said. Instead they are debating on below 2 points. Public relation exercise Image recast Congress has strong influence in media , anyway we people beleive in Modi and this interview has terrified congress.",Tue Jan 01 17:32:33 +0000 2019,436,825,24,False,0,,Chennai / Puducherry ,2,0,0,0
1080086970087428096,Congress insulted mother of PM Shri @narendramodi ji saying soon rupee will touch her age NaMo is ensuring it reaches Rahul Gandhi's age Dollar : Rs. 69.58 Petrol : Rs. 68.84 / Lit. LPG : Rs. 494.99 (subsidised) Tur Dal : Rs. 60 / Kg. Onion : Rs. 9 / Kg.,Tue Jan 01 13:02:55 +0000 2019,132,262,33,False,0,,United States,2,1,0,0
1080014325392191488,"@IndiaToday After 34 years, this is what congress done to people of India. Thanks to Modi for re-opening this case .",Tue Jan 01 08:14:15 +0000 2019,436,825,24,False,0,,Chennai / Puducherry ,1,1,0,0
1082297230952779778,Just a pointless topic to discuss before the debate starts again! ाओ_देश_बचाओ,Mon Jan 07 15:25:42 +0000 2019,106,42,4,False,0,,Unknown,3,0,0,1
1082294663829118976,?? Fine! but where are government jobs? please address the first! ाओ_देश_बचाओ,Mon Jan 07 15:15:30 +0000 2019,146,66,15,False,0,,Unknown,7,0,0,1
1082263798873051137,Please understand we want reservation on the basic of economical conditions not on basic of cast,Mon Jan 07 13:12:51 +0000 2019,51,189,17,False,0,,Nagpur,5,0,0,0
1082233921050419200,Guys get ready for HAL bachao tax. ाओ_देश_बचाओ,Mon Jan 07 11:14:08 +0000 2019,219,338,281,False,0,,Mumbai India,5,0,0,0
1082231246116278272,The move to provide 10% reservation to economically weaker section can turn out be a master stroke.,Mon Jan 07 11:03:30 +0000 2019,58,58,461,False,1,,Unknown,6,0,0,0
1082229449792249856,@dineshgrao @narendramodi @nsitharaman Invested in 2014 and now getting profits. Digging every road in whole india,Mon Jan 07 10:56:22 +0000 2019,54,33,8,False,0,,Karnataka ,2,3,0,0
1082212148325928960,"The Major reason, “WHY YOUTHS OF INDIA SHOULD NOT VOTE BJP?” Instead of increasing number of jobs, employment rate got declined @narendramodi IS THIS THE FUTURE OF INDIA 🇮🇳??? Facts can’t be ignored.",Mon Jan 07 09:47:37 +0000 2019,552,263,33,False,6,,Bhubaneswar ,6,1,0,0
1082174563943895040,@RahulGandhi Go and learn what is offset contract and stop saying anil ambani got Rafael and stop misleading the country.,Mon Jan 07 07:18:16 +0000 2019,1780,3872,95,False,0,,Leeds UK,4,1,0,0
1082164836195278848,"to - From economic slump, GST, Rohingyas to ... BJP faces attack from within, and all before",Mon Jan 07 06:39:37 +0000 2019,58,58,461,False,0,,Unknown,11,0,0,0
1082150308766085120,Have never been so excited to see someone’s leave application being approved😂😂😂 PS: By “intelligent” Indians😉,Mon Jan 07 05:41:53 +0000 2019,1680,314,122,False,0,,San Jose CA,9,0,0,1
1082009630803443712,"with @RahulGandhi ji and @_ManmohanSingh ji or. ... with @narendramodi .., Choose your days with or with at 2019.",Sun Jan 06 20:22:53 +0000 2019,9871,4810,1867,False,20,,Mysore India,8,3,0,0
1081845700965453824,the least you can do is admit that there is a going on in the country right now!,Sun Jan 06 09:31:29 +0000 2019,146,66,15,False,0,,Unknown,4,0,0,1
1081845050739310595,We need a government which doesn't function on empty promises! thrives on . ाओ_देश_बचाओ,Sun Jan 06 09:28:54 +0000 2019,106,42,4,False,0,,Unknown,6,0,0,1
1081835934461489152,Wonderful. The train looks better than in Germany. Thanks Imagin 2030 with these hard working ministers @republic @MirrorNow,Sun Jan 06 08:52:40 +0000 2019,56865,108305,2596,False,0,,India,2,2,0,1
1081785468889362433,Cong rascals made idiot Nawab Pataudi captain 20 YRS losing almost all tests. Then made fixer Azzarudin for 10 yrs losing all series. LOST DECADES NEVER AGAIN @republic @TimesNow @MirrorNow @the_hindu,Sun Jan 06 05:32:09 +0000 2019,56865,108305,2596,False,0,,India,5,4,0,1
1081746076422483968,@ShobhaBJP @suvarnanewstv @BJP4India @davidfrawleyved @AmitShah @amitmalviya @narendramodi @BJP4Karnataka @TVMohandasPai @PMOIndia @rajeev_mp @BJPLive Let's hear from our FOE champions. I am sure they have a view on this .... Oops 😁. @sardesairajdeep @AIIndia @JohnDayal @sagarikaghose @BDUTT @INCIndia @shahid_siddiqui,Sun Jan 06 02:55:37 +0000 2019,618,7141,90,False,0,,São Paulo Brasil,3,19,0,0
1081623133185077248,Plz respond and spread the vote,Sat Jan 05 18:47:05 +0000 2019,22,168,80,False,0,,Mumbai,9,0,0,0
1081590317340454913,"So, Zee channel group knows the Upcoming Victory of Indian Parliament election...",Sat Jan 05 16:36:41 +0000 2019,3843,1264,34,False,0,,Salem,2,0,0,1
1081587654905483266,Is there anyone??? who could tell if any promise has completed by BJP govt in their 5 year Era as decided. 🤔 🤔 िन100सवाल ाओ_देश_बचाओ @INCIndia,Sat Jan 05 16:26:06 +0000 2019,6518,6195,90,False,8,,Unknown,11,1,0,0
1081543389261246464,"BJP’s yet another attempt to defraud the common man by evading answers in there old style ! 2 ghante ka bhashan diya jisme sawalon ka jawab diya hi nahi, batao aese logon ko 2019 me aana firse aana hai ! ाओ_देश_बचाओ",Sat Jan 05 13:30:12 +0000 2019,3,25,15,False,0,,Rohini New Delhi,4,0,0,0
1081510734977253377,Is @IndiaToday being paid to campaign for the I've just noticed that nearly every posting on twitter is against the if this is not the case please do correct me please.,Sat Jan 05 11:20:27 +0000 2019,2694,1590,1462,False,7,,Noida India,2,1,0,1
1081490815287840768,@tiwa_ro @Dharmen53329129 @AudaciousQuest @RahulGandhi @MrsGandhi @INCIndia @BJP4India @YourGalNeha is an angel of demons whos also spreading on social media to see ignoring the great vision he has for the country. Let’s unite &amp; throw out n bring in @BJP4India @INCIndia,Sat Jan 05 10:01:18 +0000 2019,2615,5805,64,False,1,,Gujarat India,6,10,0,0
1081478082698010624,Hats off our defense Minister an BJP minister U exposed congress and its did in last 70 years and why rafale air craft took this much time to reach in our hand. Shame on u Best work done by BJP,Sat Jan 05 09:10:42 +0000 2019,7,27,10,False,0,,Unknown,6,0,0,0
1081461261047541760,@HDFCBank_Cares @arunjaitley @RBI @aajtak @indiatvnews @CNBCTV18News @CNNnews18 @narendramodi @PMOIndia @rajeevkumr @MumbaiPolice happening in much bigger proportion than ाओ_देश_बचाओ See my Tweets. @HDFCBank_Cares BIGGEST THUGS.,Sat Jan 05 08:03:51 +0000 2019,1405,745,35,False,0,,Unknown,9,12,0,0
1081453864996360192,"If Congress comes to power at the center in 2019, will they ban RSS .",Sat Jan 05 07:34:28 +0000 2019,2606,1174,20,False,0,,Unknown,9,0,0,0
1081450526040969216,Rahul Gandhi Targets Govt Over Rafale Deal’s Contract @RahulGandhi @INCIndia @BJP4India @narendramodi,Sat Jan 05 07:21:12 +0000 2019,398,110786,1546,False,2,,Unknown,5,4,0,1
1081438578721374208,"Rahul Gandhi ‘winks’ again in Lok Sabha, faces BJP ire - Times of India",Sat Jan 05 06:33:43 +0000 2019,35,70,751,False,0,,New York NY,3,0,0,1
1081423570415173632,"Best business model in the world is Politics 🙏 ,@NDTVElections",Sat Jan 05 05:34:05 +0000 2019,178,638,153,False,0,,Indore Madhya Pradesh,8,1,0,0
1081410593565732866,Congress achievement in 60 to 65 years after independence fact in a single sheet. BJP achievement 🔔🔔🔔 during two term as a rolling party in centre.,Sat Jan 05 04:42:31 +0000 2019,8922,5221,401,False,0,,New Delhi India,3,0,0,0
1081237664202780673,Exactly how RaGa was treated by BJP today in parliament. Actually with his party conduct they are no better than rodents in Parliament. @KapilMishra_IND @Shehzad_Ind @savitha_rao @vivekagnihotri @TajinderBagga,Fri Jan 04 17:15:22 +0000 2019,7356,8985,292,False,2,,Maharashtra India,3,5,0,0
1081231666582933504,Sadly in nation whose northern belt including engulfed in killer @TwitterIndia trends shows how little awareness &amp; responsibility we have as concerned citizens towards safeguarding our future @vikramchandra,Fri Jan 04 16:51:32 +0000 2019,13398,11142,82,False,0,,India,7,2,0,0
1081229307119325185,We are trashed again. HELP US ाओ_देश_बचाओ We are not Drums 🙏🏽,Fri Jan 04 16:42:09 +0000 2019,7,6,1,False,0,,Bhopal,9,0,0,0
1081181916164833281,The kind of comments I'd expect from any bjp politician! ाओ_देश_बचाओ,Fri Jan 04 13:33:50 +0000 2019,146,66,15,False,0,,Unknown,4,0,0,1
1081050427632713729,stars @AnupamPKher and director @GutteVijay in conversation with @bhawanasomaaya at @themoviemoth18.,Fri Jan 04 04:51:21 +0000 2019,15,245,18,False,0,,Unknown,8,4,0,1
1081041359245459457,People! Please be wise in casting your precious vote in ... we need good for the sake of country’s development @BJP4India we need to overcome and Ensure to lose at all cost!,Fri Jan 04 04:15:19 +0000 2019,2615,5805,64,False,0,,Gujarat India,8,1,0,1
1082165605233451008,"This series of tweet is based on my readings in wiki, news channels . I wholeheartedly support NDA for this . Criticising this Rafale deal shows how congress is hungry for power. Vote wisely. . @narendramodi @nsitharaman @DrTamilisaiBJP",Mon Jan 07 06:42:40 +0000 2019,8478,4471,209,False,1,,chennai,2,3,0,0
1081879896748482560,@mirchiiey I like Tradition I follow Rituals at times I wear clothes of my choice I love my country very much I don't suffer fools they suffer me They ask Me are You a Congress supporter I say No I support I support,Sun Jan 06 11:47:22 +0000 2019,12848,9166,610,False,1,,India,2,1,0,1
1081868529102548993,I like Tradition I follow Rituals at times I wear mostly Western outfits I love my country very much I don't suffer fools they suffer me They ask Me are You a Congress supporter I say No I support I support,Sun Jan 06 11:02:12 +0000 2019,11967,14502,620,False,2,,Unknown,2,0,0,1
1080624675233816576,"playing tricks which halts all sorts of development. No wonder India is considered 3rd world.With such &amp; useless party at the helm how can a country like ours progress, how do we see development? @BJP4India @BJP4Karnataka",Thu Jan 03 00:39:34 +0000 2019,27233,8636,45,False,0,,Queenstown New Zealand,5,2,0,1
1080154826141360128,"Certain Media is not debating on what he said. Instead they are debating on below 2 points. Public relation exercise Image recast Congress has strong influence in media , anyway we people beleive in Modi and this interview has terrified congress.",Tue Jan 01 17:32:33 +0000 2019,436,825,24,False,0,,Chennai / Puducherry ,2,0,0,0
1080086970087428096,Congress insulted mother of PM Shri @narendramodi ji saying soon rupee will touch her age NaMo is ensuring it reaches Rahul Gandhi's age Dollar : Rs. 69.58 Petrol : Rs. 68.84 / Lit. LPG : Rs. 494.99 (subsidised) Tur Dal : Rs. 60 / Kg. Onion : Rs. 9 / Kg.,Tue Jan 01 13:02:55 +0000 2019,132,262,33,False,0,,United States,2,1,0,0
1080014325392191488,"@IndiaToday After 34 years, this is what congress done to people of India. Thanks to Modi for re-opening this case .",Tue Jan 01 08:14:15 +0000 2019,436,825,24,False,0,,Chennai / Puducherry ,1,1,0,0
1083029212011753478,@TimesNow Great news! We need such Lawyers.. 🙏 wants to win to saveguard their hidden money but is all set to serve the poor by making these politicians cough the black money. Great initiative! @BJP4India,Wed Jan 09 15:54:20 +0000 2019,2615,5805,64,False,0,,Gujarat India,5,2,0,0
1083025046556364801,RT @AnilJ_Modi19: @dharmvirjangra9 @Ramesh_BJP @vanitajain21 @SoniaGurnani19 @CongressDahan @OnlineRajan__ @PidiBuster @mgnayak5 @SumanSh58…,Wed Jan 09 15:37:47 +0000 2019,36485,28904,3463,False,4,@dharmvirjangra9 @Ramesh_BJP @vanitajain21 @SoniaGurnani19 @CongressDahan @OnlineRajan__ @PidiBuster @mgnayak5 @SumanSh58123278 @jvidyasagar @mahendra3 @RohiniShah73 @Rishi_IHA There is Boom👌👌👌👌👌 in every sector Boss Invest as much as 2 year margin will get Double your Money in Market ोदी_है_ना,Unknown,0,9,0,0
1082991617647276032,Urea kha ke !! What about the news of non-existent beneficiaries in the list of farm loan waiver?? Fake news or ?,Wed Jan 09 13:24:57 +0000 2019,1108,1303,135,False,0,,Dublin City Ireland,9,0,0,1
1082988878062080000,"Working Like a Clerk,Not CM,Because of Congress Interference: Emotional Kumaraswamy to Party",Wed Jan 09 13:14:04 +0000 2019,4863,4799,543,False,1,,my HEARTmy INDIA,7,0,0,1
1082981227169116160,@dharmvirjangra9 @Ramesh_BJP @vanitajain21 @SoniaGurnani19 @CongressDahan @OnlineRajan__ @PidiBuster @mgnayak5 @SumanSh58123278 @jvidyasagar @mahendra3 @RohiniShah73 @Rishi_IHA There is Boom👌👌👌👌👌 in every sector Boss Invest as much as 2 year margin will get Double your Money in Market ोदी_है_ना,Wed Jan 09 12:43:40 +0000 2019,89066,81583,4631,False,4,,India,5,13,0,0
1082854439109591040,Jb chor hi ho gandhi tb kaisey hateygi desh ki samashya saari..... Thats what happens when dogs know only to bark..... @RahulGandhi @INCIndia @ZeeNews @sudhirchaudhary @IndiaToday @AAjy,Wed Jan 09 04:19:51 +0000 2019,21,49,15,False,0,,Asansol India,3,6,0,1
1082678034463903745,"@bsdauphin @OppressedHindu There is as simple reason, however great crimes committed by High &amp; Mighty Politicians or Family controlled polity, they are not to be touched.",Tue Jan 08 16:38:53 +0000 2019,1137,705,50,False,0,,Okha Port Hindusthan,8,2,0,0
1082668746672615425,"There is as simple reason, however great crimes committed by High &amp; Mighty Politicians or Family controlled polity, they are not to be touched.",Tue Jan 08 16:01:58 +0000 2019,35407,17404,6215,False,0,,Okha Port भारत,8,0,0,1
1082667551602196480,"@Prof_Hariom @narendramodi @RahulGandhi There is as simple reason, however great crimes committed by High &amp; Mighty Politicians or Family controlled polity, they are not to be touched.",Tue Jan 08 15:57:13 +0000 2019,1137,705,50,False,0,,Okha Port Hindusthan,8,3,0,0
1082667429338202113,"@SuPriyoBabul @KirenRijiju @Ra_THORe @Dchautala @arunjaitley There is as simple reason, however great crimes committed by High &amp; Mighty Politicians or Family controlled polity, they are not to be touched.",Tue Jan 08 15:56:44 +0000 2019,1137,705,50,False,0,,Okha Port Hindusthan,8,5,0,0
1082666846007058432,"@Prof_Hariom There is as simple reason, however great crimes committed by High &amp; Mighty Politicians or Family controlled polity, they are not to be touched.",Tue Jan 08 15:54:25 +0000 2019,1137,705,50,False,0,,Okha Port Hindusthan,8,1,0,0
1082666662644584448,"There is as simple reason, however great crimes committed by High &amp; Mighty Politicians or Family controlled polity, they are not to be touched.",Tue Jan 08 15:53:42 +0000 2019,35407,17404,6215,False,0,,Okha Port भारत,8,0,0,1
1082666591920287745,"@iAadiRaj @ErNitinpatil @RahulGandhi There is as simple reason, however great crimes committed by High &amp; Mighty Politicians or Family controlled polity, they are not to be touched.",Tue Jan 08 15:53:25 +0000 2019,35407,17404,6215,False,0,,Okha Port भारत,8,3,0,0
1082666431777554435,"@cheena231 @sandeepfromvns @narendramodi @vinitgoenka There is as simple reason, however great crimes committed by High &amp; Mighty Politicians or Family controlled polity, they are not to be touched.",Tue Jan 08 15:52:46 +0000 2019,35407,17404,6215,False,0,,Okha Port भारत,8,4,0,0
1082666366031798274,"@TajinderBagga @pummy863 There is as simple reason, however great crimes committed by High &amp; Mighty Politicians or Family controlled polity, they are not to be touched.",Tue Jan 08 15:52:31 +0000 2019,35407,17404,6215,False,0,,Okha Port भारत,8,2,0,0
1082666074523484164,"@madhusharmabjp @sandeepfromvns There is as simple reason, however great crimes committed by High &amp; Mighty Politicians or Family controlled polity, they are not to be touched.",Tue Jan 08 15:51:21 +0000 2019,35407,17404,6215,False,0,,Okha Port भारत,8,2,0,0
1082665802384457730,"@jagratishuklafc @atlantesindia There is as simple reason, however great crimes committed by High &amp; Mighty Politicians or Family controlled polity, they are not to be touched.",Tue Jan 08 15:50:16 +0000 2019,35407,17404,6215,False,0,,Okha Port भारत,8,2,0,0
1082665708671156225,"There is as simple reason, however great crimes committed by High &amp; Mighty Politicians or Family controlled polity, they are not to be touched.",Tue Jan 08 15:49:54 +0000 2019,35407,17404,6215,False,1,,Okha Port भारत,8,0,0,1
1082665546603261954,"There is as simple reason, however great crimes committed by High &amp; Mighty Politicians or Family controlled polity, they are not to be touched.",Tue Jan 08 15:49:15 +0000 2019,35407,17404,6215,False,0,,Okha Port भारत,8,0,0,1
1082664514598907906,"There is as simple reason, however great crimes committed by High &amp; Mighty Politicians or Family controlled polity, they are not to be touched.",Tue Jan 08 15:45:09 +0000 2019,1137,705,50,False,1,,Okha Port Hindusthan,8,0,0,1
1082491966078672897,"@padmakumar321 @surendranbjp @narendramodi @BJP4India Whether in 2014 or now he has done it. Not like congress who played cast based and minority card gimmick for win elections. You people never appreciate Modiji's good governance instead just try to find a fault in every aspect. ,",Tue Jan 08 04:19:31 +0000 2019,975,208,81,False,0,,Kunjathur India,3,4,0,0
1082351562142273539,@JhaSanjay Btw your party prez @RahulGandhi n r also tax frauds n they're on bail. Thuk k chaat na to CONgressi ghulam ka right hai lol @BJP4Karnataka,Mon Jan 07 19:01:36 +0000 2019,34463,26876,1687,False,0,,Unknown,6,3,0,0
1082339611278336000,@MockingSkills @BJP4India must not thnk dat @narendramodi Ji cn fix all corruptions/problems/issues/leakages wch r created by in one-term ( 5yrs ) It's now or nvr... So all true indians must brng him bck wid evn stronger majority 🙏🇮🇳,Mon Jan 07 18:14:06 +0000 2019,829,6839,32,False,0,,Under The Sea,4,3,0,0
1082267370356301824,Is is Right decision by,Mon Jan 07 13:27:03 +0000 2019,3076,14128,5090,False,0,,Muzaffarpur Bihar,17,0,0,0
1082262059910217728,"A humble Request!!! Dear Friend's , let's not lose friendship over politics. I make a wish this year May the bjp voters get son like @narendramodi and congress voters get a son like @RahulGandhi. Debate settled 🙏🙏🙏",Mon Jan 07 13:05:57 +0000 2019,7,234,1393,False,1,,Unknown,2,2,0,0
1082236313372246017,@prashantkgf @DrGPradhan @HarshalIdea @mrudulalele Congratulations &amp; all the best for kick start and kicking out the with win for with 375+seats...!!!,Mon Jan 07 11:23:38 +0000 2019,10063,13905,363,False,0,,Spectral Extant,10,4,0,0
1082232698398224385,PM @narendramodi ji @PMOIndia @AmitShah ji Does @drharshvardhan deserve to be in @BJP4India Cabinet? Sack him @RSSorg @sgurumurthy @sardesairajdeep @ShekharGupta @pnvijay @RakeshSinha01 @thesuniljain,Mon Jan 07 11:09:16 +0000 2019,9,1603,1,False,0,,Mumbai India,2,12,0,1
1082232051552657408,PM @narendramodi ji @PMOIndia @AmitShah ji @drharshvardhan is one of the most inefficient Minister in Cabinet? @RSSorg @sgurumurthy @sardesairajdeep @ShekharGupta @pnvijay @RakeshSinha01 @thesuniljain @BJP4India,Mon Jan 07 11:06:42 +0000 2019,9,1603,1,False,0,,Mumbai India,2,12,0,1
1082231816151617541,PM @narendramodi ji @PMOIndia @AmitShah ji This is very embarrassing. Pls consider sacking @drharshvardhan @RSSorg @sgurumurthy @sardesairajdeep @ShekharGupta @pnvijay @RakeshSinha01 @thesuniljain @BJP4India,Mon Jan 07 11:05:46 +0000 2019,9,1603,1,False,0,,Mumbai India,2,12,0,1
1082225369120292864,Govt moving forward with 10% for Economically backward upper castes 🙏 Keep hating b*%&amp;es !! 🔥👌🚀 @BJP4India @narendramodi @PMOIndia,Mon Jan 07 10:40:09 +0000 2019,1243,1045,1125,False,1,,Kochi,5,3,0,0
1082209242088538112,Great step against terrorism... Kudos to @narendramodi @BJP4India,Mon Jan 07 09:36:04 +0000 2019,1311,202,27,False,0,,Seoni India,6,2,0,1
1082200560005074945,CONGRESS KA DOGALAPAN RAFAEL DEAL PER DRAMA MISSION 19 VOTE N SUPPORT TO MODI AGAIN @INCIndia @BJP4UK,Mon Jan 07 09:01:34 +0000 2019,7304,3262,591,False,1,,Uttarkashi dehradun india,5,2,0,0
1082169750208208896,RT @EasyPeezyTweet: @Vyas241S @BJP4India @AmitShah @AmitShahOffice @amitmalviya @DrRutvij @thekernelspeaks @SaundiD @CongressDahan @UdaTaTi…,Mon Jan 07 06:59:08 +0000 2019,159869,381634,20123,False,2,@Vyas241S @BJP4India @AmitShah @AmitShahOffice @amitmalviya @DrRutvij @thekernelspeaks @SaundiD @CongressDahan @UdaTaTir @Bsharma7 @ibhagwa_n @CantstopulovinM @INCIndia @RahulGandhi @narendramodi Absolutely,गारियाधार जि भावनगर गुजरात ,0,10,0,0
1082168840979656705,"@TimesNow While I understand that coalition is a requirement, BJP will do well in Maharashtra without Shivsena. Many I know, have voted for Congress or Ncp in the past to avoid Shivsena though they want",Mon Jan 07 06:55:32 +0000 2019,162,559,77,False,2,,Mumbai,1,1,0,0
1082167196162449408,"I think NDA should stop explaining or answering UPA questions on because, it is confirmed that looters (congress party) never want india to be developed and thus our pappu can’t understand anything. ाओ_देश_बचाओ",Mon Jan 07 06:48:59 +0000 2019,584,231,35,False,0,,Belgaum Karnataka,5,0,0,0
1082151054660251648,Very well answered many folks about this biased so called “Factual” youtube journalist. Fact's doesn't include opinions. I hope we will more neutral journalism.,Mon Jan 07 05:44:51 +0000 2019,149,32,18,False,0,,Minneapolis MN,4,0,0,1
1082147489774534656,Subscribe to PewDiePie ❎ Vote for BJP in 2019 ☑️,Mon Jan 07 05:30:41 +0000 2019,3559,545,46,False,0,,Unknown,6,0,0,1
1082129178877517826,@Vyas241S @BJP4India @AmitShah @AmitShahOffice @amitmalviya @DrRutvij @thekernelspeaks @SaundiD @CongressDahan @UdaTaTir @Bsharma7 @ibhagwa_n @CantstopulovinM @INCIndia @RahulGandhi @narendramodi Absolutely,Mon Jan 07 04:17:55 +0000 2019,12796,22740,928,False,2,, India-Canada,5,16,0,0
1081975220167012352,"@RahulGandhi When you tell one lie, you need to keep spinning out more lies, to cover up the first one.",Sun Jan 06 18:06:09 +0000 2019,6911,6123,290,False,1,,India,9,1,0,1
1081971725905027072,"@RenukaJain6 @RahulGandhi These r &amp; they born with Q, they don't give any ans or they r not answerable 2 State or Nation @INCIndia @divyaspandana @KapilSibal @DrAMSinghvi @PChidambaram_IN @ahmedpatel",Sun Jan 06 17:52:16 +0000 2019,10063,13905,363,False,0,,Spectral Extant,9,8,0,0
1081827043451404289,This is congress Govt defense minister himself saying there was no budget to buy aircrafts as the funds allocated for the same was diverted ( Feb 2014) @INCIndia @BJP4India,Sun Jan 06 08:17:21 +0000 2019,4505,3939,305,False,0,,MumbaiIndia,3,2,0,1
1081809397997846528,"CONgress dumped by SP, BSP in UP. Three cornered fight will be beneficial for BJP. @BJP4India @AmitShah @narendramodi",Sun Jan 06 07:07:14 +0000 2019,1398,200368,5807,False,0,,India - Bharat - Hindustan,5,3,0,1
1081809126118744064,"CONgress dumped by SP, BSP in UP. Three cornered fight will be beneficial for BJP. @BJP4India @AmitShah @narendramodi",Sun Jan 06 07:06:09 +0000 2019,1398,200368,5807,False,0,,India - Bharat - Hindustan,5,3,0,1
1081770921000660992,@INCIndia as usual making Rajasthan another heaven of corruption Shame,Sun Jan 06 04:34:20 +0000 2019,17650,16450,152,False,0,,Hyderabad India,13,1,0,1
1081408339282718720,"@narendramodi ....Since independence, non-congress govt has Never got Re-elected ! ... ...pull up ur socks @BJP4India",Sat Jan 05 04:33:34 +0000 2019,16991,8451,1863,False,2,,India,2,2,0,0
1081193245835546624,@_sujyoti1 @hindustanse @barotchetan99 @daddachoubeyji @goldithakurzira @NationFirst0008 @shingarikabeau1 @VisitorA8Planet @narendramodi @ChaudhuryAlok @RajivRanjanRa16 @ParimalSheth @yadavdxb86 @yadav_sunil @Reshu00165856 @MrPandeyG @Santosh43800350 @me_and_my_crew_ @HyderabadiUstad @Satya_tweets__ @01_djbhatt @el_hanji @mishraji12111 @riteshadesai @kalevidyasagar @deanarayan @aditaythakur @Divyamshu_2010 @sherigara @milisilichilli @ankkinegi @akkiiboy @jeetensingh @Ajaiveer2 @iAadiRaj @Aaruoo7 4 Nation we should choose only Namo🙏 I nominate @ParasKGhelani @VoiceOfAxom @ParthaBezbar @baruahrana123 @OnlineRajan__ @RajendraRai1234 @sandeepfromvns @champ4561 @TheSupremeRahu @RohiniShah73 @CongressDahan @ankitasood13 @vanitajain21 @Ramesh_BJP,Fri Jan 04 14:18:52 +0000 2019,7931,97432,7178,False,19,,india..👰👸👯👼,2,50,0,0
1081134780027088901,"@News18India @INCIndia @RahulGandhi @BJP4India @RahulGandhi and his colleagues are'nt even ready 2 listen or understand the detailed justification presented by @nsitharaman, I am really fail 2 understand what they want prove, dis would really if win &amp; rule",Fri Jan 04 10:26:32 +0000 2019,351,1284,69,False,0,,India,5,6,0,0
1081118580043845632,@sandeep_chavda @RahulGandhi @smritiirani @Kishor_a @Deepali_p @ankitasood13 @manishkp243 @ghuge_hanuman @SharmaKhemchand @MithunRKumar2 @vinitgoenka @amitmalviya @aashish81us Only @BJP4India can bring about a positive change under Sri @ @narendramodi ji. Congress has been handicapped with only on gear of progress i.e. REVERSE.,Fri Jan 04 09:22:10 +0000 2019,19438,22771,1486,False,1,,Bangalore,3,15,0,0
1081057679139835904,"If Congress comes to the power in 2019, Hindus will very soon become minorities in their own homeland. @TajinderBagga @AsYouNotWish @BJP4India",Fri Jan 04 05:20:10 +0000 2019,938,952,62,False,0,,INDIA,3,3,0,0
1081041359245459457,People! Please be wise in casting your precious vote in ... we need good for the sake of country’s development @BJP4India we need to overcome and Ensure to lose at all cost!,Fri Jan 04 04:15:19 +0000 2019,2615,5805,64,False,0,,Gujarat India,8,1,0,1
1081034035676082178,India's external debt declines 3.6% to $510.4 billion at Sept-end via @economictimes,Fri Jan 04 03:46:13 +0000 2019,640,1241,224,False,0,,Unknown,10,1,0,1
1080870050444263424,@AnilJ_Modi19 @mgnayak5 @MukulAgarwal66 @arvind_joshi @masala_chaas @Online_Florista @PradnyaLotlikar @jvidyasagar @bhuvikal @jyotsnavarma9 @jyotsnadevi33 @mahendra3 @narendramodi @sandeepfromvns @CongressDahan @SumanSh58123278 @Reema_bjp @_blackdiamond00 @Bhartiysannari @VidudalaPrasad @Rishi_IHA @SK77872309 @faustocloud I❤my nation,Thu Jan 03 16:54:36 +0000 2019,4076,2150,290,False,1,,New Delhi / USA,2,23,0,0
1080865107440267269,@cpraghav Lotus will keep blooming for @narendramodi @BJP4India no matter what 🌸 Slaps will keep coming for @INCIndia @RahulGandhi no matter what ✋,Thu Jan 03 16:34:57 +0000 2019,12796,22740,928,False,10,, India-Canada,11,5,0,0
1080829102590808070,@sherryontopp @INCIndia @IYC Top-of-the-World..? Probably @RahulGandhi has promised deputy CM post of to you..!🤔😂,Thu Jan 03 14:11:53 +0000 2019,29419,644,1668,False,0,,Gujarat India,13,4,0,0
1080770340417163265,RT @Aryanwarlord: Shape of things to come should the @BJP4India lose . The is vindictive &amp; vicious in a way …,Thu Jan 03 10:18:23 +0000 2019,81293,58206,508,False,3,"Shape of things to come should the @BJP4India lose . The is vindictive &amp; vicious in a way can never be, they will destroy all non INC icons of in a bid to usurp power &amp; destroy the true history of this nation.",Unknown,3,2,0,0
1080746086413856768,"Shape of things to come should the @BJP4India lose . The is vindictive &amp; vicious in a way can never be, they will destroy all non INC icons of in a bid to usurp power &amp; destroy the true history of this nation.",Thu Jan 03 08:42:00 +0000 2019,38427,51702,2313,False,3,,New Delhi India,6,1,0,1
1080718594906968064,"@bhootnath @iMac_too @c_aashish @Cawnporiah_ @alok_bhatt We are with U, carry on noble fight Please prevent voters of ,specially &amp; from getting intimated by lies of , instead persuade them to make right choice &amp; help @narendramodi ji in building 👍",Thu Jan 03 06:52:46 +0000 2019,4722,671,44,False,1,,Agartala India,9,6,0,0
1080490222654275589,"@BJP4India @PiyushGoyal @arunjaitley Flying paper planes in lok sabha, thats the real congress. Great but we support bjp and will do it forever",Wed Jan 02 15:45:18 +0000 2019,1652,490,16,False,0,,Unknown,3,3,0,0
1080448518941069312,The speed with which BJP Govt. developed the infrastructure and commissioned the welfare schemes is the main worry of anti politicians. Congress is determined in IT'S malicious campaign against BJP to confuse people to prevent the to form govt. at any cost.,Wed Jan 02 12:59:35 +0000 2019,1141,1015,56,False,0,,Ajmer India,2,0,0,0
1080350406839099392,"RT @hetdesaibjp: Congress lost their ethics ,@inc is no more a political party as they are not ashamed of their actions. @gauravbh @narendr…",Wed Jan 02 06:29:43 +0000 2019,5475,144,50,False,1,"Congress lost their ethics ,@inc is no more a political party as they are not ashamed of their actions. @gauravbh @narendramodi",Navsari India,0,3,0,0
1080305745420345344,se phle hi @INCIndia ye bta Rahi hai ...why shouldn't we Vote for Congressis. The voters who were disappointed after delay in from BJP will surely understand the value of their vote. Kabhi kabhi kuch achche ke liye hota hai..,Wed Jan 02 03:32:15 +0000 2019,656,2424,288,False,0,,Meerut India,3,1,0,1
1080291002055778306,"RT @MockingSkills: If you want performance &amp; good governance, vote for BJP bcs Congress means dynasty, scam &amp; suppression of Hindus. …",Wed Jan 02 02:33:40 +0000 2019,829,6839,32,False,6,"If you want performance &amp; good governance, vote for BJP bcs Congress means dynasty, scam &amp; suppression of Hindus.",Under The Sea,0,1,0,0
1080147073448607744,"@575a2890e746413 In 2019, nothing has changed. Congress is still liers party. They will remain same on 2024. Modi has implimented so much on ground that, by 2024, you will not be required to even go to any govt office to get your job done. Everything is online. No bribe.",Tue Jan 01 17:01:45 +0000 2019,384,254,4,False,0,,India,2,1,0,0
1080145367663038464,Then blame SC or judiciary system and not congress lawers. Cause it makes congress lawyers are more intelligent and Modi BJP helpless infront of them and saying we can not build Ram Mandir till congress lawyers are influencing the process. By the way I support,Tue Jan 01 16:54:58 +0000 2019,177,6810,205,False,0,,Unknown,1,0,0,1
1080077832309669888,RT @BhavyanshP1: Who Will Win 2019 Elections In India ? ाओ_देश_बचाओ …,Tue Jan 01 12:26:36 +0000 2019,166,108,7,False,1,Who Will Win 2019 Elections In India ? ाओ_देश_बचाओ @BJP4India @narendramodi @RahulGandhi @INCIndia,Earth,6,1,0,0
1080077784838483969,Who Will Win 2019 Elections In India ? ाओ_देश_बचाओ @BJP4India @narendramodi @RahulGandhi @INCIndia,Tue Jan 01 12:26:25 +0000 2019,166,108,7,False,1,,Earth,12,4,0,0
1080032326652878849,"RT @hetdesaibjp: @gauravbh @narendramodi Congress lost their ethics ,@inc is no more a political party as they are not ashamed of their act…",Tue Jan 01 09:25:47 +0000 2019,18408,18342,192,False,1,"@gauravbh @narendramodi Congress lost their ethics ,@inc is no more a political party as they are not ashamed of their actions. @gauravbh @narendramodi",DELHIINDIA,0,4,0,0
1079987436162347008,"If you want performance &amp; good governance, vote for BJP bcs Congress means dynasty, scam &amp; suppression of Hindus.",Tue Jan 01 06:27:24 +0000 2019,16083,32810,1368,False,6,,Unknown,2,0,0,0
1083137985338662912,If @narendramodi is continuing the same pace.. &amp; what we just witnessed in last3 days is a trailer.. thn believe me it can break congress’ highest ever tally record in Independent India!! @BJP4India ..,Wed Jan 09 23:06:34 +0000 2019,2900,20139,493,False,1,,Some where as Global Citizen,1,2,0,0
1082975295584567296,"The SP-BSP solidarity has the potential to restrict a division of the opposition votes for , something which had given BJP an edge in 2014 polls, @Ms_Aflatoon.",Wed Jan 09 12:20:05 +0000 2019,100,33800,19571,False,1,,Asia,8,1,0,1
1081026423685558273,@sagarikaghose @BJP4India 44 like in 2014 for Congress looks IMPOSSIBLE to me,Fri Jan 04 03:15:58 +0000 2019,6452,15917,358,False,0,,बैंगलुरु भारत,1,2,0,0
1080850664689938432,Two men fighting for one nation. Who do you think can lead the next term?,Thu Jan 03 15:37:34 +0000 2019,77,1100,303,False,0,,Lucknow India,14,0,0,1
1080125003432001537,Who will u vote for in ? @ZeeNews @abpnewstv @aajtak @RajatSharmaLive,Tue Jan 01 15:34:03 +0000 2019,3022,1615,220,False,0,,India🇮🇳,18,4,0,0
